timestamp,ref_timestamp,ref_lat,ref_lon,x,y,z,delta_xy[0],delta_xy[1],delta_z,vx,vy,vz,z_deriv,delta_vxy[0],delta_vxy[1],delta_vz,ax,ay,az,yaw,ref_alt,dist_bottom,dist_bottom_rate,eph,epv,evh,evv,vxy_max,vz_max,hagl_min,hagl_max,xy_valid,z_valid,v_xy_valid,v_z_valid,xy_reset_counter,z_reset_counter,vxy_reset_counter,vz_reset_counter,xy_global,z_global,dist_bottom_valid
161844016,0,0.0,0.0,0.0,0.0,0.29449987,4.087936e-08,-1.7096079e-07,0.0,-0.0011506426,0.008874156,-0.001100394,-0.003218914,1.0219839e-05,-4.2740194e-05,0.0,-0.010300364,-0.012400941,-0.010628259,-1.7054981,0.0,0.104742855,0.001100394,0.119079895,0.25077137,0.09887807,0.11049125,inf,inf,inf,inf,0,1,0,1,1,0,1,1,0,0,0
161948020,0,0.0,0.0,0.0,0.0,0.2956477,4.087936e-08,-1.7096079e-07,0.0,-0.008097666,0.0088165,-0.00021482946,-0.00085397466,1.0219839e-05,-4.2740194e-05,0.0,-0.006876185,0.0012570039,0.000127528,-1.7053859,0.0,0.10660148,0.00021482946,0.11860679,0.2500111,0.09871913,0.110308856,inf,inf,inf,inf,0,1,0,1,1,0,1,1,0,0,0
162044841,0,0.0,0.0,0.0,0.0,0.29732034,4.087936e-08,-1.7096079e-07,0.0,-0.0139955925,0.008266848,0.0003262786,0.0013614352,1.0219839e-05,-4.2740194e-05,0.0,0.0052559995,-0.0127719315,-0.0037253534,-1.7052444,0.0,0.101489365,-0.0003262786,0.119323425,0.25063717,0.0991629,0.11049665,inf,inf,inf,inf,0,1,0,1,1,0,1,1,0,0,0
162149601,0,0.0,0.0,0.0,0.0,0.2988547,4.087936e-08,-1.7096079e-07,0.0,-0.021413404,0.007641801,0.0005791813,0.0029557156,1.0219839e-05,-4.2740194e-05,0.0,-0.033545963,-0.006184823,-0.013643937,-1.705015,0.0,0.10222387,-0.0005791813,0.1189421,0.24996138,0.099044256,0.11034622,inf,inf,inf,inf,0,1,0,1,1,0,1,1,0,0,0
162245622,0,0.0,0.0,0.0,0.0,0.2993113,4.087936e-08,-1.7096079e-07,0.0,-0.027205497,0.0073618195,0.0006835458,0.0031876331,1.0219839e-05,-4.2740194e-05,0.0,-0.022578998,0.00077675615,-0.022481257,-1.7048784,0.0,0.104872525,-0.0006835458,0.11948893,0.25043973,0.0993377,0.11051099,inf,inf,inf,inf,0,1,0,1,1,0,1,1,0,0,0
162350414,0,0.0,0.0,0.0,0.0,0.2987156,4.087936e-08,-1.7096079e-07,0.0,-0.03304406,0.006293453,0.00017438916,0.0016541043,1.0219839e-05,-4.2740194e-05,0.0,-0.036045037,0.0138534065,-0.005798477,-1.7047789,0.0,0.1,-0.00017438916,0.1206839,0.25167134,0.09995518,0.11086823,inf,inf,inf,inf,0,1,0,1,1,0,1,1,0,0,0
162451999,0,0.0,0.0,0.0,0.0,0.29825333,4.087936e-08,-1.7096079e-07,0.0,-0.03775948,0.0055914917,4.531945e-05,0.0009419485,1.0219839e-05,-4.2740194e-05,0.0,-0.0050631496,-0.0075050443,-0.021325486,-1.7047297,0.0,0.101217985,-4.531945e-05,0.120009415,0.2508252,0.09956982,0.1106595,inf,inf,inf,inf,0,1,0,1,1,0,1,1,0,0,0
162556012,0,0.0,0.0,0.0,0.0,0.2984218,4.087936e-08,-1.7096079e-07,0.0,-0.042181525,0.004768078,-0.00010384147,0.00085355836,1.0219839e-05,-4.2740194e-05,0.0,-0.02433602,-0.011553943,-0.008263688,-1.7046477,0.0,0.1,0.00010384147,0.12104152,0.25197214,0.10004695,0.11097581,inf,inf,inf,inf,0,1,0,1,1,0,1,1,0,0,0
162652799,0,0.0,0.0,0.0,0.0,0.29845414,4.087936e-08,-1.7096079e-07,0.0,-0.04561184,0.003775009,-4.7040547e-05,0.0008679074,1.0219839e-05,-4.2740194e-05,0.0,-0.01203885,-0.012891761,0.01609993,-1.7044231,0.0,0.1,4.7040547e-05,0.12293306,0.25412232,0.10091483,0.11161376,inf,inf,inf,inf,0,1,0,1,1,0,1,1,0,0,0
162757626,0,0.0,0.0,0.0,0.0,0.2976356,4.087936e-08,-1.7096079e-07,0.0,-0.04779315,0.00175304,-0.00063978165,-0.0005498599,1.0219839e-05,-4.2740194e-05,0.0,-0.030173806,0.02779396,0.007408518,-1.7040238,0.0,0.10055372,0.00063978165,0.12196808,0.25314286,0.1003264,0.11132292,inf,inf,inf,inf,0,1,0,1,1,0,1,1,0,0,0
162861613,0,0.0,0.0,0.0,0.0,0.29632246,4.087936e-08,-1.7096079e-07,0.0,-0.048948973,-0.00020224597,-0.00058067363,-0.0017274546,1.0219839e-05,-4.2740194e-05,0.0,0.0035407625,0.009309896,0.015522289,-1.7035706,0.0,0.1,0.00058067363,0.12274401,0.2541119,0.10062288,0.111580074,inf,inf,inf,inf,0,1,0,1,1,0,1,1,0,0,0
162962456,0,0.0,0.0,0.0,0.0,0.2957089,4.087936e-08,-1.7096079e-07,0.0,-0.049183406,-0.0023206812,-0.00076347205,-0.0022804313,1.0219839e-05,-4.2740194e-05,0.0,-0.019908853,-0.0071416213,-0.023528986,-1.7030483,0.0,0.1,0.00076347205,0.12350081,0.25510082,0.100906655,0.111821815,inf,inf,inf,inf,0,1,0,1,1,0,1,1,0,0,0
163060058,0,0.0,0.0,0.0,0.0,0.2952278,4.087936e-08,-1.7096079e-07,0.0,-0.04864835,-0.0037254118,-0.00079240685,-0.0024938092,1.0219839e-05,-4.2740194e-05,0.0,-0.011398487,-0.033392325,0.009702455,-1.702561,0.0,0.1,0.00079240685,0.12351744,0.2552809,0.10080806,0.11184994,inf,inf,inf,inf,0,1,0,1,1,0,1,1,0,0,0
163165604,0,0.0,0.0,0.0,0.0,0.29466704,4.087936e-08,-1.7096079e-07,0.0,-0.04682895,-0.0060771927,-0.0010428542,-0.0029343907,1.0219839e-05,-4.2740194e-05,0.0,-0.006121531,0.0046593836,0.008179743,-1.7019845,0.0,0.10133678,0.0010428542,0.12210856,0.25384915,0.09999538,0.111491844,inf,inf,inf,inf,0,1,0,1,1,0,1,1,0,0,0
163261619,0,0.0,0.0,0.0,0.0,0.29366916,4.087936e-08,-1.7096079e-07,0.0,-0.04497564,-0.008146923,-0.0010483118,-0.0035863328,1.0219839e-05,-4.2740194e-05,0.0,-0.015488734,0.027500065,0.0070236665,-1.7014325,0.0,0.1,0.0010483118,0.12243783,0.25427443,0.100159526,0.11158174,inf,inf,inf,inf,0,1,0,1,1,0,1,1,0,0,0
163366434,0,0.0,0.0,0.0,0.0,0.2909826,4.087936e-08,-1.7096079e-07,0.0,-0.04211016,-0.011008621,-0.002301563,-0.0069977366,1.0219839e-05,-4.2740194e-05,0.0,0.1509521,-0.081526056,0.09128444,-1.7008482,0.0,0.1,0.002301563,0.12166,0.25341356,0.099785805,0.111326076,inf,inf,inf,inf,0,1,0,1,1,0,1,1,0,0,0
163464013,0,0.0,0.0,0.0,0.0,0.28890958,4.087936e-08,-1.7096079e-07,0.0,-0.03835338,-0.013608114,-0.0029447519,-0.008917605,1.0219839e-05,-4.2740194e-05,0.0,-0.025498144,0.04649079,-0.024061712,-1.7003237,0.0,0.1,0.0029447519,0.12025284,0.25177655,0.09910423,0.110888675,inf,inf,inf,inf,0,1,0,1,1,0,1,1,0,0,0
163568016,0,0.0,0.0,0.0,0.0,0.28548566,4.087936e-08,-1.7096079e-07,0.0,-0.034530703,-0.014835458,-0.0032633801,-0.01156041,1.0219839e-05,-4.2740194e-05,0.0,0.05321334,-0.053401478,0.02390419,-1.6997217,0.0,0.1,0.0032633801,0.119648375,0.25098413,0.09888586,0.11068187,inf,inf,inf,inf,0,1,0,1,1,0,1,1,0,0,0
163672814,0,0.0,0.0,0.0,0.0,0.28652698,4.087936e-08,-1.7096079e-07,0.0,-0.030034661,-0.017621445,-0.0027300215,-0.008588404,1.0219839e-05,-4.2740194e-05,0.0,-0.04097006,0.087615795,0.0050784387,-1.699184,0.0,0.10862881,0.0027300215,0.11916231,0.25031316,0.09871986,0.11050272,inf,inf,inf,inf,0,1,0,1,1,0,1,1,0,0,0
163770401,0,0.0,0.0,0.0,0.0,0.28823462,4.087936e-08,-1.7096079e-07,0.0,-0.027458826,-0.019763708,-0.0022992045,-0.005589749,1.0219839e-05,-4.2740194e-05,0.0,-0.017067306,-0.021111812,0.0070230397,-1.6985496,0.0,0.101659805,0.0022992045,0.11869826,0.24962285,0.09858477,0.110334754,inf,inf,inf,inf,0,1,0,1,1,0,1,1,0,0,0
163875248,0,0.0,0.0,0.0,0.0,0.29161748,4.087936e-08,-1.7096079e-07,0.0,-0.022702975,-0.022336803,-0.00080328825,-0.00022816524,1.0219839e-05,-4.2740194e-05,0.0,0.0028957915,0.04135861,-0.022023046,-1.6979152,0.0,0.1119681,0.00080328825,0.11823591,0.24892403,0.098417446,0.11018267,inf,inf,inf,inf,0,1,0,1,1,0,1,1,0,0,0
163971203,0,0.0,0.0,0.0,0.0,0.2944944,4.087936e-08,-1.7096079e-07,0.0,-0.01969246,-0.023060603,0.00017744245,0.0034729706,1.0219839e-05,-4.2740194e-05,0.0,-0.040674027,-0.014618717,0.018084357,-1.6973101,0.0,0.10852924,-0.00017744245,0.118409134,0.24896362,0.09853613,0.11034075,inf,inf,inf,inf,0,1,0,1,1,0,1,1,0,0,0
164076032,0,0.0,0.0,0.0,0.0,0.29751703,4.087936e-08,-1.7096079e-07,0.0,-0.0130521655,-0.026263157,0.0016610653,0.007369156,1.0219839e-05,-4.2740194e-05,0.0,0.063723385,0.0031233127,0.021268198,-1.6967471,0.0,0.10582045,-0.0016610653,0.11804402,0.2483883,0.09841054,0.11020899,inf,inf,inf,inf,0,1,0,1,1,0,1,1,0,0,0
164180025,0,0.0,0.0,0.0,0.0,0.30068025,4.087936e-08,-1.7096079e-07,0.0,-0.008127411,-0.027875936,0.0030593828,0.010885428,1.0219839e-05,-4.2740194e-05,0.0,0.18937324,-0.098263115,0.042662892,-1.6961756,0.0,0.10551378,-0.0030593828,0.11769676,0.24779601,0.09831736,0.11008898,inf,inf,inf,inf,0,1,0,1,1,0,1,1,0,0,0
164276820,0,0.0,0.0,0.0,0.0,0.30301455,4.087936e-08,-1.7096079e-07,0.0,-0.004613375,-0.02996997,0.003787468,0.01270704,1.0219839e-05,-4.2740194e-05,0.0,-0.014409039,0.09648023,0.062974066,-1.6956329,0.0,0.10525134,-0.003787468,0.118387714,0.2484719,0.09870809,0.11029634,inf,inf,inf,inf,0,1,0,1,1,0,1,1,0,0,0
164381601,0,0.0,0.0,0.0,0.0,0.3063178,4.087936e-08,-1.7096079e-07,0.0,8.740615e-05,-0.032048758,0.0049647675,0.015588504,1.0219839e-05,-4.2740194e-05,0.0,0.116641775,-0.07687952,0.018442916,-1.6950594,0.0,0.10473251,-0.0049647675,0.12131327,0.25173992,0.10019783,0.11120611,inf,inf,inf,inf,0,1,0,1,1,0,1,1,0,0,0
164485646,0,0.0,0.0,0.0,0.0,0.30889666,4.087936e-08,-1.7096079e-07,0.0,0.0028481244,-0.03313895,0.0050029317,0.016369037,1.0219839e-05,-4.2740194e-05,0.0,-0.1180868,0.10448498,0.02074142,-1.6945047,0.0,0.10432994,-0.0050029317,0.12059803,0.25094822,0.09978067,0.110994235,inf,inf,inf,inf,0,1,0,1,1,0,1,1,0,0,0
164586411,0,0.0,0.0,0.0,0.0,0.31162634,4.087936e-08,-1.7096079e-07,0.0,0.0054850657,-0.03397172,0.00566971,0.017781576,1.0219839e-05,-4.2740194e-05,0.0,0.019075485,-0.040836293,0.015392835,-1.6940243,0.0,0.100858,-0.00566971,0.12160799,0.25214872,0.10023237,0.111309774,inf,inf,inf,inf,0,1,0,1,1,0,1,1,0,0,0
164683202,0,0.0,0.0,0.0,0.0,0.31636396,4.087936e-08,-1.7096079e-07,0.0,0.00947111,-0.03598151,0.0067951544,0.021689657,1.0219839e-05,-4.2740194e-05,0.0,-0.040057782,0.08120725,0.023530636,-1.6935638,0.0,0.11174759,-0.0067951544,0.12164783,0.2522773,0.10015855,0.111395374,inf,inf,inf,inf,0,1,0,1,1,0,1,1,0,0,0
164787246,0,0.0,0.0,0.0,0.0,0.32291597,4.087936e-08,-1.7096079e-07,0.0,0.013102501,-0.037342258,0.008987,0.027696041,1.0219839e-05,-4.2740194e-05,0.0,0.13176629,-0.047166992,0.057961296,-1.6930137,0.0,0.10795814,-0.008987,0.12247878,0.2533465,0.100481786,0.1116759,inf,inf,inf,inf,0,1,0,1,1,0,1,1,0,0,0
164892018,0,0.0,0.0,0.0,0.0,0.32797655,4.087936e-08,-1.7096079e-07,0.0,0.019326769,-0.04022221,0.010835486,0.031237734,1.0219839e-05,-4.2740194e-05,0.0,0.09194653,0.012486146,0.021798471,-1.6925036,0.0,0.10013351,-0.010835486,0.12331349,0.25444207,0.100819625,0.11194416,inf,inf,inf,inf,0,1,0,1,1,0,1,1,0,0,0
164996802,0,0.0,0.0,0.0,0.0,0.32898146,4.087936e-08,-1.7096079e-07,0.0,0.022202397,-0.04121924,0.010910612,0.028714018,1.0219839e-05,-4.2740194e-05,0.0,0.025465207,-0.09107926,-0.0012162355,-1.6919004,0.0,0.1,-0.010910612,0.12221954,0.25339845,0.10018753,0.111628264,inf,inf,inf,inf,0,1,0,1,1,0,1,1,0,0,0
165093612,0,0.0,0.0,0.0,0.0,0.32583812,4.087936e-08,-1.7096079e-07,0.0,0.024472432,-0.042501744,0.009527941,0.021321999,1.0219839e-05,-4.2740194e-05,0.0,-0.02411093,0.016727477,-0.020126875,-1.6914239,0.0,0.1,-0.009527941,0.122498795,0.2538166,0.10029682,0.11171856,inf,inf,inf,inf,0,1,0,1,1,0,1,1,0,0,0
165198445,0,0.0,0.0,0.0,0.0,0.31835243,4.087936e-08,-1.7096079e-07,0.0,0.024427852,-0.04260523,0.0060471287,0.008337857,1.0219839e-05,-4.2740194e-05,0.0,-0.045172367,-0.01772712,0.0155148385,-1.6908568,0.0,0.1,-0.0060471287,0.121680625,0.25296542,0.09987691,0.11146653,inf,inf,inf,inf,0,1,0,1,1,0,1,1,0,0,0
165300000,0,0.0,0.0,0.0,0.0,0.31292382,4.087936e-08,-1.7096079e-07,0.0,0.025717134,-0.04428496,0.0038156395,0.0001924347,1.0219839e-05,-4.2740194e-05,0.0,0.0045617865,-0.009673243,0.01427618,-1.6904871,0.0,0.1,-0.0038156395,0.12104501,0.25224805,0.09960456,0.11125084,inf,inf,inf,inf,0,1,0,1,1,0,1,1,0,0,0
165396021,0,0.0,0.0,0.0,0.0,0.30908117,4.087936e-08,-1.7096079e-07,0.0,0.026647972,-0.044304036,0.0026995516,-0.004415004,1.0219839e-05,-4.2740194e-05,0.0,-1.6475252,-0.7631671,-0.23360461,-1.6882671,0.0,0.1,-0.0026995516,0.11974822,0.25073877,0.09898879,0.11084761,inf,inf,inf,inf,0,1,0,1,1,0,1,1,0,0,0
165500820,0,0.0,0.0,0.0,0.0,0.30856445,4.087936e-08,-1.7096079e-07,0.0,0.030840801,-0.04413115,0.0025316912,-0.0042668926,1.0219839e-05,-4.2740194e-05,0.0,0.6006752,-0.25718775,0.06578949,-1.6894804,0.0,0.1,-0.0025316912,0.12598215,0.24976769,0.10212571,0.11064175,inf,inf,inf,inf,0,1,0,1,1,0,1,1,0,0,0
165605655,0,0.0,0.0,0.0,0.0,0.30991417,4.087936e-08,-1.7096079e-07,0.0,0.026488464,-0.042742763,0.0025249496,-0.0021614,1.0219839e-05,-4.2740194e-05,0.0,-1.2048043,0.116858535,-0.29345924,-1.6858749,0.0,0.1,-0.0025249496,0.13471106,0.25106812,0.10632888,0.11101599,inf,inf,inf,inf,0,1,0,1,1,0,1,1,0,0,0
165701601,0,0.0,0.0,0.0,0.0,0.30981162,4.087936e-08,-1.7096079e-07,0.0,0.027059436,-0.04861037,0.0024009452,-0.0019939896,1.0219839e-05,-4.2740194e-05,0.0,0.055605162,-0.015927784,0.17572746,-1.6866546,0.0,0.1,-0.0024009452,0.14315577,0.24965236,0.11018539,0.11064225,inf,inf,inf,inf,0,1,0,1,1,0,1,1,0,0,0
165802401,0,0.0,0.0,0.0,0.0,0.30573654,4.087936e-08,-1.7096079e-07,0.0,0.023002328,-0.051466446,-0.0012630528,-0.009163747,1.0219839e-05,-4.2740194e-05,0.0,-0.061408598,-0.07704035,-0.50998294,-1.6866012,0.0,0.10025099,0.0012630528,0.15285978,0.24904048,0.11442986,0.11048777,inf,inf,inf,inf,0,1,0,1,1,0,1,1,0,0,0
165907265,0,0.0,0.0,0.0,0.0,0.30132398,4.087936e-08,-1.7096079e-07,0.0,0.019697182,-0.055247083,-0.0022431435,-0.013395604,1.0219839e-05,-4.2740194e-05,0.0,-0.24649414,0.096551925,-0.1828584,-1.6854895,0.0,0.10466355,0.0022431435,0.16268997,0.250024,0.11854126,0.11084702,inf,inf,inf,inf,0,1,0,1,1,0,1,1,0,0,0
166011228,0,0.0,0.0,0.0,0.0,0.29681474,4.087936e-08,-1.7096079e-07,0.0,0.016515763,-0.057904713,-0.0033324945,-0.017221836,1.0219839e-05,-4.2740194e-05,0.0,-0.28205678,-0.015539422,-0.0038082409,-1.6854765,0.0,0.10917279,0.0033324945,0.17332089,0.2512442,0.122836314,0.1112024,inf,inf,inf,inf,0,1,0,1,1,0,1,1,0,0,0
166108009,0,0.0,0.0,0.0,0.0,0.29775316,4.087936e-08,-1.7096079e-07,0.0,0.014048022,-0.059644032,-0.002491086,-0.013526665,1.0219839e-05,-4.2740194e-05,0.0,0.5835017,-0.026523529,0.12852152,-1.6853787,0.0,0.10752413,0.002491086,0.16383426,0.2517709,0.11679659,0.111341365,inf,inf,inf,inf,0,1,0,1,1,0,1,1,0,0,0
166212841,0,0.0,0.0,0.0,0.0,0.30227712,4.087936e-08,-1.7096079e-07,0.0,0.005306704,-0.059302732,-0.0016220512,-0.0065822345,1.0219839e-05,-4.2740194e-05,0.0,0.36736056,0.08449457,-0.0035847237,-1.6852202,0.0,0.121543825,0.0016220512,0.15713158,0.25293502,0.11263696,0.11165167,inf,inf,inf,inf,0,1,0,1,1,0,1,1,0,0,0
166308850,0,0.0,0.0,0.0,0.0,0.30853263,4.087936e-08,-1.7096079e-07,0.0,0.007897113,-0.05792547,0.0014785924,0.003223378,1.0219839e-05,-4.2740194e-05,0.0,-0.19401738,-0.013085487,0.15044205,-1.6838778,0.0,0.10990226,-0.0014785924,0.15118226,0.25331956,0.109311104,0.11175511,inf,inf,inf,inf,0,1,0,1,1,0,1,1,0,0,0
166413636,0,0.0,0.0,0.0,0.0,0.31328243,4.087936e-08,-1.7096079e-07,0.0,-0.0005026371,-0.055940587,0.0024374472,0.008491749,1.0219839e-05,-4.2740194e-05,0.0,0.41777626,-0.15792789,0.07374722,-1.6844751,0.0,0.11333525,-0.0024374472,0.1441847,0.2524915,0.1058277,0.11152648,inf,inf,inf,inf,0,1,0,1,1,0,1,1,0,0,0
166517601,0,0.0,0.0,0.0,0.0,0.3172557,4.087936e-08,-1.7096079e-07,0.0,-0.006492349,-0.052630402,0.002154276,0.011133542,1.0219839e-05,-4.2740194e-05,0.0,0.47494885,0.00724646,-0.11375925,-1.6852566,0.0,0.109188825,-0.002154276,0.13867421,0.251661,0.10336054,0.11131034,inf,inf,inf,inf,0,1,0,1,1,0,1,1,0,0,0
166614414,0,0.0,0.0,0.0,0.0,0.32004926,4.087936e-08,-1.7096079e-07,0.0,-0.014864822,-0.050852206,0.0023533432,0.012706425,1.0219839e-05,-4.2740194e-05,0.0,-1.3231958,-0.020182474,-0.2841987,-1.6832117,0.0,0.10210821,-0.0023533432,0.13369636,0.25025064,0.101331145,0.110931896,inf,inf,inf,inf,0,1,0,1,1,0,1,1,0,0,0
166715999,0,0.0,0.0,0.0,0.0,0.3191106,4.087936e-08,-1.7096079e-07,0.0,-0.016811019,-0.047651157,0.001621181,0.009598346,1.0219839e-05,-4.2740194e-05,0.0,-0.4105977,-0.035617176,-0.18430506,-1.683518,0.0,0.1,-0.001621181,0.13021576,0.24960357,0.100166716,0.110785194,inf,inf,inf,inf,0,1,0,1,1,0,1,1,0,0,0
166820801,0,0.0,0.0,0.0,0.0,0.31589824,4.087936e-08,-1.7096079e-07,0.0,-0.021134354,-0.045060586,-0.0005183799,0.0032994163,1.0219839e-05,-4.2740194e-05,0.0,-0.21184725,-0.07227156,-0.15905131,-1.6840798,0.0,0.1,0.0005183799,0.12729809,0.24892141,0.09932553,0.11064436,inf,inf,inf,inf,0,1,0,1,1,0,1,1,0,0,0
166924850,0,0.0,0.0,0.0,0.0,0.31341916,4.087936e-08,-1.7096079e-07,0.0,-0.024188016,-0.04281862,-0.0013108707,-0.00011089658,1.0219839e-05,-4.2740194e-05,0.0,-0.054002266,0.17622282,0.26652676,-1.6838866,0.0,0.1,0.0013108707,0.12672065,0.25001657,0.099574484,0.1110472,inf,inf,inf,inf,0,1,0,1,1,0,1,1,0,0,0
167021618,0,0.0,0.0,0.0,0.0,0.31017122,4.087936e-08,-1.7096079e-07,0.0,-0.028926577,-0.042117264,-0.0036851733,-0.00545688,1.0219839e-05,-4.2740194e-05,0.0,0.18208075,-0.26890218,-0.13362062,-1.6838346,0.0,0.1,0.0036851733,0.12604241,0.25071362,0.099793576,0.111284025,inf,inf,inf,inf,0,1,0,1,1,0,1,1,0,0,0
167125614,0,0.0,0.0,0.0,0.0,0.30900478,4.087936e-08,-1.7096079e-07,0.0,-0.036279317,-0.040141,-0.0049379678,-0.0070457817,1.0219839e-05,-4.2740194e-05,0.0,-0.23784328,-0.052366305,-0.2795011,-1.6840754,0.0,0.10235229,0.0049379678,0.124112435,0.25004476,0.09943281,0.111149624,inf,inf,inf,inf,0,1,0,1,1,0,1,1,0,0,0
167226430,0,0.0,0.0,0.0,0.0,0.30917537,4.087936e-08,-1.7096079e-07,0.0,-0.04259641,-0.040625174,-0.004773534,-0.0059235776,1.0219839e-05,-4.2740194e-05,0.0,0.11654161,-0.09140583,-0.044534042,-1.6839384,0.0,0.100647956,0.004773534,0.12252678,0.24945557,0.09922238,0.111033276,inf,inf,inf,inf,0,1,0,1,1,0,1,1,0,0,0
167324020,0,0.0,0.0,0.0,0.0,0.30870318,4.087936e-08,-1.7096079e-07,0.0,-0.04706337,-0.03758006,-0.0052796355,-0.0060967347,1.0219839e-05,-4.2740194e-05,0.0,-0.077685386,0.2683638,0.1919162,-1.6842154,0.0,0.10294199,0.0052796355,0.122148946,0.24980967,0.09948007,0.11125538,inf,inf,inf,inf,0,1,0,1,1,0,1,1,0,0,0
167428815,0,0.0,0.0,0.0,0.0,0.30734766,4.087936e-08,-1.7096079e-07,0.0,-0.053079274,-0.03450173,-0.006505445,-0.007836637,1.0219839e-05,-4.2740194e-05,0.0,-0.055640366,0.22643901,0.14964297,-1.6849023,0.0,0.1,0.006505445,0.12098431,0.24922885,0.099418,0.11116985,inf,inf,inf,inf,0,1,0,1,1,0,1,1,0,0,0
167532800,0,0.0,0.0,0.0,0.0,0.30083126,4.087936e-08,-1.7096079e-07,0.0,-0.061711557,-0.033490915,-0.00951244,-0.016111128,1.0219839e-05,-4.2740194e-05,0.0,0.026399082,0.16548604,-0.080090076,-1.6857765,0.0,0.1,0.00951244,0.12177738,0.25068823,0.100217484,0.111616455,inf,inf,inf,inf,0,1,0,1,1,0,1,1,0,0,0
167629610,0,0.0,0.0,0.0,0.0,0.29618505,4.087936e-08,-1.7096079e-07,0.0,-0.06804361,-0.02829765,-0.011007494,-0.020289062,1.0219839e-05,-4.2740194e-05,0.0,-0.060180075,0.057346694,0.05154771,-1.6871754,0.0,0.100023,0.011007494,0.1218664,0.2512854,0.10057376,0.1118167,inf,inf,inf,inf,0,1,0,1,1,0,1,1,0,0,0
167734423,0,0.0,0.0,0.0,0.0,0.29341456,4.087936e-08,-1.7096079e-07,0.0,-0.07803822,-0.029547665,-0.012437995,-0.02194202,1.0219839e-05,-4.2740194e-05,0.0,-0.122887805,-0.1684818,0.16325611,-1.6883838,0.0,0.1,0.012437995,0.120731294,0.25050277,0.10026638,0.11164438,inf,inf,inf,inf,0,1,0,1,1,0,1,1,0,0,0
167838430,0,0.0,0.0,0.0,0.0,0.288904,4.087936e-08,-1.7096079e-07,0.0,-0.083809294,-0.023058893,-0.014070029,-0.025325602,1.0219839e-05,-4.2740194e-05,0.0,-0.015835993,0.10881526,-0.08562586,-1.6899885,0.0,0.10061678,0.014070029,0.11986026,0.24984914,0.10010397,0.11150656,inf,inf,inf,inf,0,1,0,1,1,0,1,1,0,0,0
167944019,0,0.0,0.0,0.0,0.0,0.28881735,4.087936e-08,-1.7096079e-07,0.0,-0.08963945,-0.021565778,-0.014581821,-0.022929627,1.0219839e-05,-4.2740194e-05,0.0,0.39492244,-0.016915126,-0.13907191,-1.6915009,0.0,0.10734114,0.014581821,0.120867305,0.2511999,0.100840874,0.111937664,inf,inf,inf,inf,0,1,0,1,1,0,1,1,0,0,0
168040801,0,0.0,0.0,0.0,0.0,0.2895367,4.087936e-08,-1.7096079e-07,0.0,-0.09666869,-0.017306084,-0.01407827,-0.019268675,1.0219839e-05,-4.2740194e-05,0.0,-0.3793263,-0.4243761,-0.018307071,-1.6929928,0.0,0.11583978,0.01407827,0.121224515,0.25176376,0.10117406,0.11214545,inf,inf,inf,inf,0,1,0,1,1,0,1,1,0,0,0
168144832,0,0.0,0.0,0.0,0.0,0.29132798,4.087936e-08,-1.7096079e-07,0.0,-0.09805176,-0.0086245015,-0.012705394,-0.014078784,1.0219839e-05,-4.2740194e-05,0.0,0.3680509,0.26963317,0.0907452,-1.6943128,0.0,0.110627174,0.012705394,0.120505475,0.25112817,0.100938596,0.111981705,inf,inf,inf,inf,0,1,0,1,1,0,1,1,0,0,0
168241626,0,0.0,0.0,0.0,0.0,0.29367295,4.087936e-08,-1.7096079e-07,0.0,-0.10800713,-0.013636085,-0.0121077,-0.00982661,1.0219839e-05,-4.2740194e-05,0.0,0.051996987,0.37629768,0.0006226293,-1.6950817,0.0,0.11778805,0.0121077,0.120877154,0.25169045,0.101180956,0.112166844,inf,inf,inf,inf,0,1,0,1,1,0,1,1,0,0,0
168346446,0,0.0,0.0,0.0,0.0,0.29785758,4.087936e-08,-1.7096079e-07,0.0,-0.11155648,-0.011518782,-0.0097508,-0.0026582517,1.0219839e-05,-4.2740194e-05,0.0,-0.266418,0.023094384,-0.12147619,-1.6958195,0.0,0.11100873,0.0097508,0.12178658,0.25285396,0.101651855,0.11250991,inf,inf,inf,inf,0,1,0,1,1,0,1,1,0,0,0
168450401,0,0.0,0.0,0.0,0.0,0.30300805,4.087936e-08,-1.7096079e-07,0.0,-0.1122552,-0.006606249,-0.006497558,0.0053937994,1.0219839e-05,-4.2740194e-05,0.0,0.09808668,0.11803335,-0.12655096,-1.6968011,0.0,0.11747348,0.006497558,0.12101861,0.2520911,0.10127489,0.11231644,inf,inf,inf,inf,0,1,0,1,1,0,1,1,0,0,0
168552003,0,0.0,0.0,0.0,0.0,0.31147787,4.087936e-08,-1.7096079e-07,0.0,-0.112146266,-7.233201e-05,-0.0018617515,0.017120674,1.0219839e-05,-4.2740194e-05,0.0,0.33613217,0.20439866,0.18868123,-1.6973156,0.0,0.1215975,0.0018617515,0.1203259,0.25136018,0.100919604,0.11212815,inf,inf,inf,inf,0,1,0,1,1,0,1,1,0,0,0
168652820,0,0.0,0.0,0.0,0.0,0.3232262,4.087936e-08,-1.7096079e-07,0.0,-0.10925748,0.0029240146,0.0022808493,0.030317342,1.0219839e-05,-4.2740194e-05,0.0,0.04582446,0.11422363,0.09281553,-1.6972195,0.0,0.12579232,-0.0022808493,0.12121118,0.25237617,0.101342194,0.112482615,inf,inf,inf,inf,0,1,0,1,1,0,1,1,0,0,0
168748826,0,0.0,0.0,0.0,0.0,0.3351197,4.087936e-08,-1.7096079e-07,0.0,-0.10610147,0.004606253,0.0063062413,0.042283837,1.0219839e-05,-4.2740194e-05,0.0,-0.3292196,-0.096739225,-0.22730981,-1.6973088,0.0,0.12287223,-0.0063062413,0.11996444,0.25093997,0.10068707,0.112097226,inf,inf,inf,inf,0,1,0,1,1,0,1,1,0,0,0
168853602,0,0.0,0.0,0.0,0.0,0.3477345,4.087936e-08,-1.7096079e-07,0.0,-0.105245784,0.006695781,0.010293302,0.053213935,1.0219839e-05,-4.2740194e-05,0.0,-0.25717822,-0.045508247,-0.30493397,-1.6969936,0.0,0.12242341,-0.010293302,0.12088298,0.2519449,0.10111961,0.11245686,inf,inf,inf,inf,0,1,0,1,1,0,1,1,0,0,0
168958439,0,0.0,0.0,0.0,0.0,0.36196148,4.087936e-08,-1.7096079e-07,0.0,-0.092288665,0.008744937,0.01703293,0.067174375,1.0219839e-05,-4.2740194e-05,0.0,0.023786934,0.055422023,0.32612768,-1.696346,0.0,0.12822351,-0.01703293,0.12025669,0.25125477,0.10072878,0.112264596,inf,inf,inf,inf,0,1,0,1,1,0,1,1,0,0,0
169062436,0,0.0,0.0,0.0,0.0,0.37829593,4.087936e-08,-1.7096079e-07,0.0,-0.09174129,0.010473171,0.022316054,0.08020756,1.0219839e-05,-4.2740194e-05,0.0,-0.6706526,0.059997555,-0.11522422,-1.6956767,0.0,0.118717045,-0.022316054,0.12133151,0.25248438,0.101193175,0.11258346,inf,inf,inf,inf,0,1,0,1,1,0,1,1,0,0,0
169163228,0,0.0,0.0,0.0,0.0,0.39173502,4.087936e-08,-1.7096079e-07,0.0,-0.07877312,0.011484971,0.025736246,0.08714388,1.0219839e-05,-4.2740194e-05,0.0,0.52341205,-0.18666,-0.3228517,-1.6946528,0.0,0.10749093,-0.025736246,0.12069868,0.25178188,0.100792564,0.112376876,inf,inf,inf,inf,0,1,0,1,1,0,1,1,0,0,0
169267247,0,0.0,0.0,0.0,0.0,0.4059986,4.087936e-08,-1.7096079e-07,0.0,-0.07167156,0.0111003695,0.031374045,0.09627045,1.0219839e-05,-4.2740194e-05,0.0,-0.45814484,0.14965239,0.17096826,-1.6934636,0.0,0.114685774,-0.031374045,0.12143402,0.25267234,0.10104101,0.112640895,inf,inf,inf,inf,0,1,0,1,1,0,1,1,0,0,0
169364050,0,0.0,0.0,0.0,0.0,0.42194605,4.087936e-08,-1.7096079e-07,0.0,-0.06576064,0.012179114,0.036674716,0.10683409,1.0219839e-05,-4.2740194e-05,0.0,0.26613814,0.11743953,0.437254,-1.6925336,0.0,0.12101412,-0.036674716,0.121809974,0.2531494,0.10112059,0.11272527,inf,inf,inf,inf,0,1,0,1,1,0,1,1,0,0,0
169468830,0,0.0,0.0,0.0,0.0,0.44804245,4.087936e-08,-1.7096079e-07,0.0,-0.05091578,0.010551187,0.04365614,0.12682223,1.0219839e-05,-4.2740194e-05,0.0,-0.15292944,-0.12960827,-0.28875753,-1.6914538,0.0,0.13782805,-0.04365614,0.121170886,0.25244042,0.10071787,0.1124889,inf,inf,inf,inf,0,1,0,1,1,0,1,1,0,0,0
169564799,0,0.0,0.0,0.0,0.0,0.47618777,4.087936e-08,-1.7096079e-07,0.0,-0.046862606,0.011610307,0.052553777,0.14945847,1.0219839e-05,-4.2740194e-05,0.0,-0.591312,-0.022549832,-0.376259,-1.6904091,0.0,0.13885432,-0.052553777,0.11993108,0.25100556,0.100010395,0.112036884,inf,inf,inf,inf,0,1,0,1,1,0,1,1,0,0,0
169669632,0,0.0,0.0,0.0,0.0,0.5072848,4.087936e-08,-1.7096079e-07,0.0,-0.032993834,0.006444727,0.06458272,0.17410372,1.0219839e-05,-4.2740194e-05,0.0,0.23021413,0.16322227,0.42136285,-1.6891973,0.0,0.12823653,-0.06458272,0.12109747,0.2523239,0.10053833,0.11235908,inf,inf,inf,inf,0,1,0,1,1,0,1,1,0,0,0
169774424,0,0.0,0.0,0.0,0.0,0.538334,4.087936e-08,-1.7096079e-07,0.0,-0.027275385,-0.0028451763,0.07095805,0.19062361,1.0219839e-05,-4.2740194e-05,0.0,-0.6180662,-0.15496135,-0.33003563,-1.6883323,0.0,0.1317814,-0.07095805,0.120437905,0.25160816,0.10009112,0.112078846,inf,inf,inf,inf,0,1,0,1,1,0,1,1,0,0,0
169878407,0,0.0,0.0,0.0,0.0,0.5711889,4.087936e-08,-1.7096079e-07,0.0,-0.015738292,-0.009968188,0.082110144,0.21164174,1.0219839e-05,-4.2740194e-05,0.0,0.4045937,0.012971019,0.33897993,-1.6874616,0.0,0.12779206,-0.082110144,0.119780295,0.2508542,0.09967585,0.11181868,inf,inf,inf,inf,0,1,0,1,1,0,1,1,0,0,0
169980016,0,0.0,0.0,0.0,0.0,0.60678506,4.087936e-08,-1.7096079e-07,0.0,-0.0030570445,-0.019920798,0.08910226,0.22939613,1.0219839e-05,-4.2740194e-05,0.0,-0.19671296,-0.487656,-0.6016875,-1.6867431,0.0,0.13062549,-0.08910226,0.1192675,0.25022307,0.09936825,0.111578636,inf,inf,inf,inf,0,1,0,1,1,0,1,1,0,0,0
170076825,0,0.0,0.0,0.0,0.0,0.6399347,4.087936e-08,-1.7096079e-07,0.0,-0.00165364,-0.030764919,0.0995075,0.24771872,1.0219839e-05,-4.2740194e-05,0.0,0.12742066,-0.56405747,-0.23045674,-1.686048,0.0,0.116288304,-0.0995075,0.1196323,0.2505956,0.09950722,0.1116713,inf,inf,inf,inf,0,1,0,1,1,0,1,1,0,0,0
170180806,0,0.0,0.0,0.0,0.0,0.6711627,4.087936e-08,-1.7096079e-07,0.0,0.013202339,-0.035413694,0.10844799,0.25911087,1.0219839e-05,-4.2740194e-05,0.0,0.35608953,-0.21855155,0.05552628,-1.6858937,0.0,0.10610223,-0.10844799,0.11913428,0.24994962,0.09923018,0.11146171,inf,inf,inf,inf,0,1,0,1,1,0,1,1,0,0,0
170285609,0,0.0,0.0,0.0,0.0,0.700219,4.087936e-08,-1.7096079e-07,0.0,0.0138412425,-0.045592565,0.11432395,0.2641737,1.0219839e-05,-4.2740194e-05,0.0,-0.30251,0.04367168,0.112977736,-1.6852655,0.0,0.1,-0.11432395,0.11871001,0.24938554,0.098973475,0.11123217,inf,inf,inf,inf,0,1,0,1,1,0,1,1,0,0,0
170382404,0,0.0,0.0,0.0,0.0,0.7234569,4.087936e-08,-1.7096079e-07,0.0,0.025793556,-0.048236728,0.11899557,0.26427904,1.0219839e-05,-4.2740194e-05,0.0,0.7200948,-0.094946794,0.13870181,-1.6851122,0.0,0.1,-0.11899557,0.11936577,0.25007585,0.09928146,0.11137276,inf,inf,inf,inf,0,1,0,1,1,0,1,1,0,0,0
170487267,0,0.0,0.0,0.0,0.0,0.74547696,4.087936e-08,-1.7096079e-07,0.0,0.032916095,-0.054754954,0.12252471,0.26004508,1.0219839e-05,-4.2740194e-05,0.0,-0.3707873,0.22342217,0.055728707,-1.6846702,0.0,0.1,-0.12252471,0.1188863,0.2494518,0.099007115,0.111151665,inf,inf,inf,inf,0,1,0,1,1,0,1,1,0,0,0
170588000,0,0.0,0.0,0.0,0.0,0.7642346,4.087936e-08,-1.7096079e-07,0.0,0.03434126,-0.05846346,0.12581277,0.25349277,1.0219839e-05,-4.2740194e-05,0.0,-0.2812857,0.03981485,0.38919032,-1.6845113,0.0,0.1,-0.12581277,0.12009863,0.25081417,0.09956213,0.11146594,inf,inf,inf,inf,0,1,0,1,1,0,1,1,0,0,0
170684801,0,0.0,0.0,0.0,0.0,0.7774623,4.087936e-08,-1.7096079e-07,0.0,0.04161369,-0.06130729,0.1261253,0.24132158,1.0219839e-05,-4.2740194e-05,0.0,0.26803103,0.38951385,0.2638073,-1.6846652,0.0,0.1,-0.1261253,0.12038103,0.251143,0.09965513,0.111557886,inf,inf,inf,inf,0,1,0,1,1,0,1,1,0,0,0
170788816,0,0.0,0.0,0.0,0.0,0.785061,4.087936e-08,-1.7096079e-07,0.0,0.04959595,-0.06214642,0.124753095,0.22168611,1.0219839e-05,-4.2740194e-05,0.0,-0.6415346,-0.2076566,-0.23545848,-1.6851631,0.0,0.1,-0.124753095,0.11980097,0.2504602,0.0993096,0.11131492,inf,inf,inf,inf,0,1,0,1,1,0,1,1,0,0,0
170893610,0,0.0,0.0,0.0,0.0,0.7898371,4.087936e-08,-1.7096079e-07,0.0,0.046449147,-0.059212387,0.12318116,0.20139024,1.0219839e-05,-4.2740194e-05,0.0,0.52385473,0.2656716,-0.00551163,-1.6859007,0.0,0.1,-0.12318116,0.11933634,0.24988163,0.09904421,0.11109961,inf,inf,inf,inf,0,1,0,1,1,0,1,1,0,0,0
170994477,0,0.0,0.0,0.0,0.0,0.7901468,4.087936e-08,-1.7096079e-07,0.0,0.050802357,-0.057565294,0.12050016,0.17868774,1.0219839e-05,-4.2740194e-05,0.0,-0.023783078,0.0185755,0.019957246,-1.6863126,0.0,0.1,-0.12050016,0.11893291,0.24934989,0.09882362,0.1109263,inf,inf,inf,inf,0,1,0,1,1,0,1,1,0,0,0
171090426,0,0.0,0.0,0.0,0.0,0.7858294,4.087936e-08,-1.7096079e-07,0.0,0.044251703,-0.05813521,0.11655613,0.15381938,1.0219839e-05,-4.2740194e-05,0.0,-0.26498145,0.14471254,0.27946842,-1.6872128,0.0,0.1,-0.11655613,0.117918454,0.24808967,0.09830165,0.11055085,inf,inf,inf,inf,0,1,0,1,1,0,1,1,0,0,0
171195212,0,0.0,0.0,0.0,0.0,0.77477765,4.087936e-08,-1.7096079e-07,0.0,0.037781354,-0.07287852,0.10740664,0.119035706,1.0219839e-05,-4.2740194e-05,0.0,0.448627,-0.4635613,-0.3430341,-1.6876031,0.0,0.1,-0.10740664,0.118977025,0.24920519,0.098859884,0.110917,inf,inf,inf,inf,0,1,0,1,1,0,1,1,0,0,0
171292809,0,0.0,0.0,0.0,0.0,0.76367867,4.087936e-08,-1.7096079e-07,0.0,0.037480406,-0.07818741,0.10160364,0.09210719,1.0219839e-05,-4.2740194e-05,0.0,0.5074804,0.12942404,-0.22092187,-1.6878537,0.0,0.1,-0.10160364,0.11971623,0.24996905,0.09924022,0.1111161,inf,inf,inf,inf,0,1,0,1,1,0,1,1,0,0,0
171396812,0,0.0,0.0,0.0,0.0,0.75101227,4.087936e-08,-1.7096079e-07,0.0,0.02231752,-0.079035714,0.093984425,0.06445718,1.0219839e-05,-4.2740194e-05,0.0,-0.3648706,-0.10697128,-0.12395629,-1.687674,0.0,0.1,-0.093984425,0.11921556,0.24936545,0.0989485,0.11093212,inf,inf,inf,inf,0,1,0,1,1,0,1,1,0,0,0
171501617,0,0.0,0.0,0.0,0.0,0.7385717,4.087936e-08,-1.7096079e-07,0.0,0.024280041,-0.07735293,0.08783688,0.041616563,1.0219839e-05,-4.2740194e-05,0.0,0.47570467,-0.010290103,-0.2150713,-1.6873807,0.0,0.1,-0.08783688,0.118875936,0.24892662,0.09877362,0.11079387,inf,inf,inf,inf,0,1,0,1,1,0,1,1,0,0,0
171598429,0,0.0,0.0,0.0,0.0,0.7289613,4.087936e-08,-1.7096079e-07,0.0,0.013746836,-0.08265102,0.0822051,0.024616348,1.0219839e-05,-4.2740194e-05,0.0,-0.78898305,-0.19755265,-0.09600638,-1.6867526,0.0,0.1,-0.0822051,0.11950341,0.24962871,0.099066764,0.11096706,inf,inf,inf,inf,0,1,0,1,1,0,1,1,0,0,0
171702436,0,0.0,0.0,0.0,0.0,0.7152709,4.087936e-08,-1.7096079e-07,0.0,0.0067623407,-0.087518916,0.076224945,0.005141938,1.0219839e-05,-4.2740194e-05,0.0,0.7201898,-0.05806434,0.2935528,-1.6861748,0.0,0.1,-0.076224945,0.11892465,0.24898277,0.098721415,0.110766105,inf,inf,inf,inf,0,1,0,1,1,0,1,1,0,0,0
171807212,0,0.0,0.0,0.0,0.0,0.6997935,4.087936e-08,-1.7096079e-07,0.0,0.004582759,-0.0891017,0.06742846,-0.016701292,1.0219839e-05,-4.2740194e-05,0.0,-0.21235268,0.22594886,0.0030705072,-1.6853588,0.0,0.1,-0.06742846,0.120159805,0.25038022,0.09933677,0.11114145,inf,inf,inf,inf,0,1,0,1,1,0,1,1,0,0,0
171908005,0,0.0,0.0,0.0,0.0,0.6834924,4.087936e-08,-1.7096079e-07,0.0,0.0005518522,-0.090998195,0.06175766,-0.03374391,1.0219839e-05,-4.2740194e-05,0.0,-0.008679495,-0.2604703,0.00812852,-1.6843487,0.0,0.1,-0.06175766,0.119702704,0.24984866,0.09907821,0.11097501,inf,inf,inf,inf,0,1,0,1,1,0,1,1,0,0,0
172004032,0,0.0,0.0,0.0,0.0,0.6679993,4.087936e-08,-1.7096079e-07,0.0,0.0068220873,-0.09060436,0.054329522,-0.050536294,1.0219839e-05,-4.2740194e-05,0.0,0.52623487,-0.012852918,0.0715907,-1.6834573,0.0,0.1,-0.054329522,0.11859037,0.24855971,0.098499626,0.11061238,inf,inf,inf,inf,0,1,0,1,1,0,1,1,0,0,0
172108814,0,0.0,0.0,0.0,0.0,0.6482598,4.087936e-08,-1.7096079e-07,0.0,0.0061331405,-0.093762234,0.04552668,-0.07060921,1.0219839e-05,-4.2740194e-05,0.0,-1.1546941,0.11565228,0.15385908,-1.682609,0.0,0.1,-0.04552668,0.11791905,0.24773622,0.09816503,0.11043615,inf,inf,inf,inf,0,1,0,1,1,0,1,1,0,0,0
172212851,0,0.0,0.0,0.0,0.0,0.62980723,4.087936e-08,-1.7096079e-07,0.0,0.017417416,-0.09391906,0.03882486,-0.08523953,1.0219839e-05,-4.2740194e-05,0.0,0.9945462,0.0037008221,0.37929165,-1.6821637,0.0,0.1,-0.03882486,0.11752982,0.24722765,0.0979714,0.11029765,inf,inf,inf,inf,0,1,0,1,1,0,1,1,0,0,0
172309643,0,0.0,0.0,0.0,0.0,0.6150189,4.087936e-08,-1.7096079e-07,0.0,0.02331221,-0.09425235,0.031797208,-0.09590271,1.0219839e-05,-4.2740194e-05,0.0,-0.59821934,-0.08208316,-0.011629487,-1.6815857,0.0,0.1,-0.031797208,0.118285775,0.2480246,0.09838653,0.110518314,inf,inf,inf,inf,0,1,0,1,1,0,1,1,0,0,0
172414404,0,0.0,0.0,0.0,0.0,0.6019447,4.087936e-08,-1.7096079e-07,0.0,0.021127772,-0.091892056,0.02587804,-0.10192585,1.0219839e-05,-4.2740194e-05,0.0,-0.07526371,-0.0021551996,0.15155032,-1.6816893,0.0,0.1,-0.02587804,0.11798188,0.2476041,0.09824929,0.110392444,inf,inf,inf,inf,0,1,0,1,1,0,1,1,0,0,0
172518430,0,0.0,0.0,0.0,0.0,0.5906553,4.087936e-08,-1.7096079e-07,0.0,0.028464518,-0.08822999,0.021148954,-0.10452384,1.0219839e-05,-4.2740194e-05,0.0,0.5088546,-0.110492826,-0.31062126,-1.6822524,0.0,0.1,-0.021148954,0.11919231,0.24897335,0.09885606,0.110776216,inf,inf,inf,inf,0,1,0,1,1,0,1,1,0,0,0
172619246,0,0.0,0.0,0.0,0.0,0.579778,4.087936e-08,-1.7096079e-07,0.0,0.022496117,-0.08216029,0.017192652,-0.10580276,1.0219839e-05,-4.2740194e-05,0.0,-1.069982,-0.005086791,0.17586948,-1.6826959,0.0,0.1,-0.017192652,0.12038293,0.2503622,0.09942555,0.11113833,inf,inf,inf,inf,0,1,0,1,1,0,1,1,0,0,0
172716008,0,0.0,0.0,0.0,0.0,0.5737262,4.087936e-08,-1.7096079e-07,0.0,0.016368639,-0.076507315,0.014769645,-0.10202971,1.0219839e-05,-4.2740194e-05,0.0,-0.23703343,0.2551007,-0.044263028,-1.6828449,0.0,0.1,-0.014769645,0.12053371,0.2506316,0.09942728,0.11125113,inf,inf,inf,inf,0,1,0,1,1,0,1,1,0,0,0
172820028,0,0.0,0.0,0.0,0.0,0.56685513,4.087936e-08,-1.7096079e-07,0.0,0.022131037,-0.07225348,0.012096139,-0.09915735,1.0219839e-05,-4.2740194e-05,0.0,-0.11972268,0.047570575,0.011244725,-1.6827899,0.0,0.1,-0.012096139,0.11982012,0.24993041,0.0989906,0.111034535,inf,inf,inf,inf,0,1,0,1,1,0,1,1,0,0,0
172916837,0,0.0,0.0,0.0,0.0,0.5589223,4.087936e-08,-1.7096079e-07,0.0,0.0133672,-0.07135953,0.009265515,-0.098673746,1.0219839e-05,-4.2740194e-05,0.0,-0.44081837,-0.17709477,0.14265993,-1.6827874,0.0,0.1,-0.009265515,0.120373905,0.25060347,0.099249184,0.111199245,inf,inf,inf,inf,0,1,0,1,1,0,1,1,0,0,0
173020841,0,0.0,0.0,0.0,0.0,0.54881597,4.087936e-08,-1.7096079e-07,0.0,0.0078099454,-0.0817474,0.0030173191,-0.10284514,1.0219839e-05,-4.2740194e-05,0.0,0.31889772,0.2722415,0.067785315,-1.6819574,0.0,0.1,-0.0030173191,0.11980084,0.24997585,0.098955005,0.11101898,inf,inf,inf,inf,0,1,0,1,1,0,1,1,0,0,0
173125610,0,0.0,0.0,0.0,0.0,0.54124415,4.087936e-08,-1.7096079e-07,0.0,0.010150288,-0.08491833,0.00036573844,-0.100756794,1.0219839e-05,-4.2740194e-05,0.0,-0.017042842,-0.37380117,-0.14935718,-1.681323,0.0,0.1,-0.00036573844,0.11936051,0.24946092,0.09874944,0.11086853,inf,inf,inf,inf,0,1,0,1,1,0,1,1,0,0,0
173226427,0,0.0,0.0,0.0,0.0,0.53332114,4.087936e-08,-1.7096079e-07,0.0,-0.00035548885,-0.08506031,-0.0031041652,-0.10003256,1.0219839e-05,-4.2740194e-05,0.0,-0.3849321,0.15502217,-0.020121288,-1.680156,0.0,0.10178232,0.0031041652,0.118955486,0.2489692,0.09857972,0.11073189,inf,inf,inf,inf,0,1,0,1,1,0,1,1,0,0,0
173322446,0,0.0,0.0,0.0,0.0,0.52881193,4.087936e-08,-1.7096079e-07,0.0,0.008292792,-0.082816735,-0.0058750655,-0.096370004,1.0219839e-05,-4.2740194e-05,0.0,0.6467882,-0.12297424,-0.15908764,-1.6795183,0.0,0.108679295,0.0058750655,0.11790292,0.24772793,0.09806667,0.11039264,inf,inf,inf,inf,0,1,0,1,1,0,1,1,0,0,0
173428037,0,0.0,0.0,0.0,0.0,0.52443707,4.087936e-08,-1.7096079e-07,0.0,0.011049435,-0.07898698,-0.0069757155,-0.09077234,1.0219839e-05,-4.2740194e-05,0.0,-0.2912982,0.47002658,0.32682708,-1.6788024,0.0,0.11024356,0.0069757155,0.11892741,0.24885418,0.09862081,0.11077469,inf,inf,inf,inf,0,1,0,1,1,0,1,1,0,0,0
173532831,0,0.0,0.0,0.0,0.0,0.52246124,4.087936e-08,-1.7096079e-07,0.0,0.010259774,-0.08459751,-0.009446861,-0.084840044,1.0219839e-05,-4.2740194e-05,0.0,0.22383127,-0.30018508,-0.062505305,-1.678185,0.0,0.115570545,0.009446861,0.11869118,0.248515,0.09854148,0.11067193,inf,inf,inf,inf,0,1,0,1,1,0,1,1,0,0,0
173628809,0,0.0,0.0,0.0,0.0,0.52247083,4.087936e-08,-1.7096079e-07,0.0,0.018434227,-0.08037288,-0.00811285,-0.07482088,1.0219839e-05,-4.2740194e-05,0.0,0.864815,0.1739198,0.356106,-1.6781886,0.0,0.11628479,0.00811285,0.11941003,0.24926049,0.09895348,0.11089311,inf,inf,inf,inf,0,1,0,1,1,0,1,1,0,0,0
173733618,0,0.0,0.0,0.0,0.0,0.51947314,4.087936e-08,-1.7096079e-07,0.0,0.017652418,-0.076457016,-0.011366585,-0.07252114,1.0219839e-05,-4.2740194e-05,0.0,-0.5052,0.18243103,-0.011091183,-1.6782525,0.0,0.11501145,0.011366585,0.11899975,0.2487876,0.098730326,0.110757105,inf,inf,inf,inf,0,1,0,1,1,0,1,1,0,0,0
173834405,0,0.0,0.0,0.0,0.0,0.5186952,4.087936e-08,-1.7096079e-07,0.0,0.01572541,-0.071262285,-0.01040151,-0.06452603,1.0219839e-05,-4.2740194e-05,0.0,-0.5066703,-0.06825457,0.36944535,-1.6783335,0.0,0.106365025,0.01040151,0.11859397,0.24831301,0.09852617,0.11061664,inf,inf,inf,inf,0,1,0,1,1,0,1,1,0,0,0
173938428,0,0.0,0.0,0.0,0.0,0.5107015,4.087936e-08,-1.7096079e-07,0.0,0.020941382,-0.06536567,-0.014134253,-0.069007546,1.0219839e-05,-4.2740194e-05,0.0,0.7141739,0.116943516,0.040136214,-1.6785761,0.0,0.1,0.014134253,0.11813719,0.24777605,0.09829629,0.11047061,inf,inf,inf,inf,0,1,0,1,1,0,1,1,0,0,0
174035219,0,0.0,0.0,0.0,0.0,0.49887636,4.087936e-08,-1.7096079e-07,0.0,0.018856931,-0.06380511,-0.018258601,-0.0777354,1.0219839e-05,-4.2740194e-05,0.0,-0.37402153,-0.20398043,-0.0821306,-1.678516,0.0,0.1,0.018258601,0.11848885,0.24817947,0.09845914,0.11063981,inf,inf,inf,inf,0,1,0,1,1,0,1,1,0,0,0
174140800,0,0.0,0.0,0.0,0.0,0.4885704,4.087936e-08,-1.7096079e-07,0.0,0.009243114,-0.06973315,-0.022903157,-0.083871804,1.0219839e-05,-4.2740194e-05,0.0,-0.04739353,-0.21702282,-0.32328913,-1.6780835,0.0,0.1,0.022903157,0.11810728,0.24772781,0.09827123,0.110510394,inf,inf,inf,inf,0,1,0,1,1,0,1,1,0,0,0
174236828,0,0.0,0.0,0.0,0.0,0.47770625,4.087936e-08,-1.7096079e-07,0.0,0.008446672,-0.06938721,-0.026720723,-0.089895256,1.0219839e-05,-4.2740194e-05,0.0,0.119062595,0.11175892,-0.03656937,-1.6776016,0.0,0.1,0.026720723,0.11873014,0.24842773,0.098594435,0.11070831,inf,inf,inf,inf,0,1,0,1,1,0,1,1,0,0,0
174341599,0,0.0,0.0,0.0,0.0,0.4652001,4.087936e-08,-1.7096079e-07,0.0,0.01295704,-0.0618059,-0.029192792,-0.094652854,1.0219839e-05,-4.2740194e-05,0.0,0.0881415,-0.39787513,0.14641036,-1.6768737,0.0,0.1009188,0.029192792,0.118430994,0.24806006,0.09845622,0.110592626,inf,inf,inf,inf,0,1,0,1,1,0,1,1,0,0,0
174446458,0,0.0,0.0,0.0,0.0,0.4564853,4.087936e-08,-1.7096079e-07,0.0,0.00370087,-0.06246768,-0.03230931,-0.09571829,1.0219839e-05,-4.2740194e-05,0.0,-0.2819955,-0.2708636,-0.09967113,-1.6760774,0.0,0.109077305,0.03230931,0.11974556,0.24954623,0.09913094,0.11100756,inf,inf,inf,inf,0,1,0,1,1,0,1,1,0,0,0
174542450,0,0.0,0.0,0.0,0.0,0.44794038,4.087936e-08,-1.7096079e-07,0.0,0.008325033,-0.06714849,-0.036493197,-0.09854385,1.0219839e-05,-4.2740194e-05,0.0,0.42932433,-0.5610931,-0.45944288,-1.6754893,0.0,0.10320148,0.036493197,0.12031693,0.2502177,0.09939618,0.11118957,inf,inf,inf,inf,0,1,0,1,1,0,1,1,0,0,0
174643231,0,0.0,0.0,0.0,0.0,0.4384298,4.087936e-08,-1.7096079e-07,0.0,0.016199214,-0.057467315,-0.038115412,-0.09890108,1.0219839e-05,-4.2740194e-05,0.0,0.11995585,0.4097201,-0.12680551,-1.6750306,0.0,0.10890016,0.038115412,0.12147701,0.25160283,0.09994331,0.11155749,inf,inf,inf,inf,0,1,0,1,1,0,1,1,0,0,0
174748850,0,0.0,0.0,0.0,0.0,0.42662337,4.087936e-08,-1.7096079e-07,0.0,0.010964841,-0.06148659,-0.041802,-0.10323315,1.0219839e-05,-4.2740194e-05,0.0,-0.2823383,0.08486602,0.16055994,-1.6749425,0.0,0.108368844,0.041802,0.12046625,0.25060165,0.099344544,0.11131639,inf,inf,inf,inf,0,1,0,1,1,0,1,1,0,0,0
174844841,0,0.0,0.0,0.0,0.0,0.4169707,4.087936e-08,-1.7096079e-07,0.0,0.0114236595,-0.062885284,-0.044893805,-0.10545429,1.0219839e-05,-4.2740194e-05,0.0,-0.2106562,-0.16104916,0.4092333,-1.6750745,0.0,0.10702345,0.044893805,0.122585036,0.25311124,0.10035376,0.111994095,inf,inf,inf,inf,0,1,0,1,1,0,1,1,0,0,0
174948017,0,0.0,0.0,0.0,0.0,0.40415198,4.087936e-08,-1.7096079e-07,0.0,0.016877191,-0.056200396,-0.048950296,-0.11059274,1.0219839e-05,-4.2740194e-05,0.0,0.9249505,0.1534163,0.17344572,-1.6755406,0.0,0.1,0.048950296,0.121821925,0.25244018,0.09990124,0.11175083,inf,inf,inf,inf,0,1,0,1,1,0,1,1,0,0,0
175052045,0,0.0,0.0,0.0,0.0,0.38701752,4.087936e-08,-1.7096079e-07,0.0,0.010559372,-0.05143721,-0.055766407,-0.121988386,1.0219839e-05,-4.2740194e-05,0.0,-0.6280838,0.066791415,-0.08162024,-1.6755146,0.0,0.1,0.055766407,0.121128194,0.25179783,0.09951501,0.1115277,inf,inf,inf,inf,0,1,0,1,1,0,1,1,0,0,0
175156799,0,0.0,0.0,0.0,0.0,0.3707852,4.087936e-08,-1.7096079e-07,0.0,0.0065596127,-0.05110742,-0.06055112,-0.12938437,1.0219839e-05,-4.2740194e-05,0.0,0.15614319,-0.639241,-0.179614,-1.6755261,0.0,0.101095706,0.06055112,0.121845186,0.25276157,0.09981437,0.11180659,inf,inf,inf,inf,0,1,0,1,1,0,1,1,0,0,0
175252808,0,0.0,0.0,0.0,0.0,0.35192773,4.087936e-08,-1.7096079e-07,0.0,0.005511991,-0.051049124,-0.06654268,-0.14089417,1.0219839e-05,-4.2740194e-05,0.0,0.80675775,0.12271863,-0.11835344,-1.6751658,0.0,0.1,0.06654268,0.1203766,0.25123337,0.09903317,0.11135128,inf,inf,inf,inf,0,1,0,1,1,0,1,1,0,0,0
175357651,0,0.0,0.0,0.0,0.0,0.33143213,4.087936e-08,-1.7096079e-07,0.0,0.009950511,-0.049863648,-0.07308149,-0.15198472,1.0219839e-05,-4.2740194e-05,0.0,-0.17671472,-0.09209131,-0.33170503,-1.6745064,0.0,0.1033093,0.07308149,0.119671546,0.25051948,0.09867871,0.111122414,inf,inf,inf,inf,0,1,0,1,1,0,1,1,0,0,0
175458431,0,0.0,0.0,0.0,0.0,0.31406248,4.087936e-08,-1.7096079e-07,0.0,0.005393151,-0.052603707,-0.07821953,-0.15773797,1.0219839e-05,-4.2740194e-05,0.0,-0.61435634,-0.42751104,-0.071906544,-1.6736066,0.0,0.11276144,0.07821953,0.119070515,0.24986309,0.09840692,0.11092495,inf,inf,inf,inf,0,1,0,1,1,0,1,1,0,0,0
175562436,0,0.0,0.0,0.0,0.0,0.30223006,4.087936e-08,-1.7096079e-07,0.0,0.007884037,-0.0590916,-0.081754275,-0.15566461,1.0219839e-05,-4.2740194e-05,0.0,0.85755855,0.06808293,-0.10866119,-1.6733001,0.0,0.12731928,0.081754275,0.118473195,0.24917814,0.09813634,0.11073135,inf,inf,inf,inf,0,1,0,1,1,0,1,1,0,0,0
175659246,0,0.0,0.0,0.0,0.0,0.2941632,4.087936e-08,-1.7096079e-07,0.0,0.012071437,-0.06614715,-0.08331888,-0.14974865,1.0219839e-05,-4.2740194e-05,0.0,0.067223266,0.12979284,0.282776,-1.6724705,0.0,0.1326451,0.08331888,0.118804835,0.24951418,0.09835879,0.110890046,inf,inf,inf,inf,0,1,0,1,1,0,1,1,0,0,0
175764049,0,0.0,0.0,0.0,0.0,0.2864103,4.087936e-08,-1.7096079e-07,0.0,0.013948446,-0.075141214,-0.085015066,-0.14325498,1.0219839e-05,-4.2740194e-05,0.0,-0.18107818,-0.6644211,-0.335482,-1.6724176,0.0,0.13167465,0.085015066,0.11840715,0.24898553,0.09823109,0.11075557,inf,inf,inf,inf,0,1,0,1,1,0,1,1,0,0,0
175868013,0,0.0,0.0,0.0,0.0,0.27918494,4.087936e-08,-1.7096079e-07,0.0,0.01117923,-0.08255527,-0.0862954,-0.13667949,1.0219839e-05,-4.2740194e-05,0.0,0.5079765,0.0667647,-0.17072731,-1.6725949,0.0,0.13685265,0.0862954,0.11799435,0.24841848,0.09809709,0.11061081,inf,inf,inf,inf,0,1,0,1,1,0,1,1,0,0,0
175964808,0,0.0,0.0,0.0,0.0,0.27371785,4.087936e-08,-1.7096079e-07,0.0,0.01564716,-0.085390426,-0.08718333,-0.12984836,1.0219839e-05,-4.2740194e-05,0.0,0.36944768,0.11806863,-0.021023737,-1.6726061,0.0,0.1358622,0.08718333,0.12033188,0.2510634,0.09932383,0.11134659,inf,inf,inf,inf,0,1,0,1,1,0,1,1,0,0,0
176068834,0,0.0,0.0,0.0,0.0,0.26861602,4.087936e-08,-1.7096079e-07,0.0,0.015579111,-0.08056463,-0.08557215,-0.1200928,1.0219839e-05,-4.2740194e-05,0.0,0.033771437,-0.3913987,0.14339474,-1.6727407,0.0,0.13477296,0.08557215,0.11979592,0.25042057,0.09907212,0.111182034,inf,inf,inf,inf,0,1,0,1,1,0,1,1,0,0,0
176165609,0,0.0,0.0,0.0,0.0,0.25957456,4.087936e-08,-1.7096079e-07,0.0,0.008422001,-0.08127299,-0.087636836,-0.11970752,1.0219839e-05,-4.2740194e-05,0.0,-0.4666483,0.17009841,0.13321298,-1.6725866,0.0,0.11932418,0.087636836,0.12038738,0.25109202,0.09937046,0.11135845,inf,inf,inf,inf,0,1,0,1,1,0,1,1,0,0,0
176270425,0,0.0,0.0,0.0,0.0,0.24497241,4.087936e-08,-1.7096079e-07,0.0,0.006736107,-0.08313894,-0.093027644,-0.12716901,1.0219839e-05,-4.2740194e-05,0.0,0.45004675,-0.5457607,-0.4031789,-1.6721951,0.0,0.111310065,0.093027644,0.1198025,0.2504497,0.09906913,0.11115241,inf,inf,inf,inf,0,1,0,1,1,0,1,1,0,0,0
176371204,0,0.0,0.0,0.0,0.0,0.22767739,4.087936e-08,-1.7096079e-07,0.0,0.013087345,-0.07545336,-0.096053824,-0.13451079,1.0219839e-05,-4.2740194e-05,0.0,0.6620531,0.043111745,-0.10616543,-1.6717046,0.0,0.10576941,0.096053824,0.11922419,0.24977767,0.09878236,0.110970564,inf,inf,inf,inf,0,1,0,1,1,0,1,1,0,0,0
176476055,0,0.0,0.0,0.0,0.0,0.20665908,4.087936e-08,-1.7096079e-07,0.0,0.008227886,-0.07134973,-0.10011563,-0.14501607,1.0219839e-05,-4.2740194e-05,0.0,-0.073226005,0.35663903,0.37589288,-1.6711894,0.0,0.10717267,0.10011563,0.1187828,0.24922343,0.09859285,0.11081576,inf,inf,inf,inf,0,1,0,1,1,0,1,1,0,0,0
176572841,0,0.0,0.0,0.0,0.0,0.18845879,4.087936e-08,-1.7096079e-07,0.0,0.0057401103,-0.0736776,-0.10607082,-0.15453269,1.0219839e-05,-4.2740194e-05,0.0,-0.69411755,-0.25773594,0.016479688,-1.6704892,0.0,0.11583595,0.10607082,0.11922527,0.2496702,0.09884198,0.111002415,inf,inf,inf,inf,0,1,0,1,1,0,1,1,0,0,0
176676831,0,0.0,0.0,0.0,0.0,0.16955222,4.087936e-08,-1.7096079e-07,0.0,0.009609155,-0.06733527,-0.11000242,-0.16076791,1.0219839e-05,-4.2740194e-05,0.0,0.6678031,0.03234345,0.21769285,-1.670762,0.0,0.11172356,0.11000242,0.11882715,0.24912754,0.09866932,0.11086742,inf,inf,inf,inf,0,1,0,1,1,0,1,1,0,0,0
176781617,0,0.0,0.0,0.0,0.0,0.15000169,4.087936e-08,-1.7096079e-07,0.0,0.0107365595,-0.05998762,-0.115155175,-0.16786586,1.0219839e-05,-4.2740194e-05,0.0,0.1505257,0.36147153,-0.049621694,-1.670863,0.0,0.12385954,0.115155175,0.11853426,0.24868256,0.098574966,0.11076223,inf,inf,inf,inf,0,1,0,1,1,0,1,1,0,0,0
176882414,0,0.0,0.0,0.0,0.0,0.13358441,4.087936e-08,-1.7096079e-07,0.0,0.004473909,-0.057970177,-0.119466566,-0.17095661,1.0219839e-05,-4.2740194e-05,0.0,-0.42930776,-0.14721672,-0.10860065,-1.6712232,0.0,0.12303534,0.119466566,0.11826096,0.24825767,0.098481014,0.1106515,inf,inf,inf,inf,0,1,0,1,1,0,1,1,0,0,0
176986404,0,0.0,0.0,0.0,0.0,0.12291474,4.087936e-08,-1.7096079e-07,0.0,0.00086567627,-0.05455133,-0.11928956,-0.16334209,1.0219839e-05,-4.2740194e-05,0.0,0.33192044,-0.34185827,-0.10502996,-1.6710926,0.0,0.14944702,0.11928956,0.11793773,0.24777694,0.09835654,0.1105378,inf,inf,inf,inf,0,1,0,1,1,0,1,1,0,0,0
177083249,0,0.0,0.0,0.0,0.0,0.1189704,4.087936e-08,-1.7096079e-07,0.0,0.0006862131,-0.048869412,-0.11905421,-0.15133911,1.0219839e-05,-4.2740194e-05,0.0,0.623781,0.24831389,-0.16536036,-1.6708838,0.0,0.15401343,0.11905421,0.11843953,0.24825197,0.09864277,0.11074423,inf,inf,inf,inf,0,1,0,1,1,0,1,1,0,0,0
177188041,0,0.0,0.0,0.0,0.0,0.11562644,4.087936e-08,-1.7096079e-07,0.0,0.00020726219,-0.049038198,-0.1177763,-0.13806398,1.0219839e-05,-4.2740194e-05,0.0,-0.31685716,-0.0026942203,-0.17837906,-1.6702222,0.0,0.15560158,0.1177763,0.118231915,0.2478959,0.09858074,0.110661425,inf,inf,inf,inf,0,1,0,1,1,0,1,1,0,0,0
177292009,0,0.0,0.0,0.0,0.0,0.11813963,4.087936e-08,-1.7096079e-07,0.0,-0.0008639087,-0.04528267,-0.11368818,-0.11803999,1.0219839e-05,-4.2740194e-05,0.0,-0.9148498,-0.11755641,0.016846629,-1.6695867,0.0,0.16347703,0.11368818,0.11796663,0.24748324,0.09845961,0.11058049,inf,inf,inf,inf,0,1,0,1,1,0,1,1,0,0,0
177396799,0,0.0,0.0,0.0,0.0,0.121848054,4.087936e-08,-1.7096079e-07,0.0,0.0030732388,-0.036521204,-0.10993031,-0.099382006,1.0219839e-05,-4.2740194e-05,0.0,0.82221997,-0.1907176,0.24249677,-1.6694002,0.0,0.16370898,0.10993031,0.117759325,0.24714364,0.0983777,0.110496566,inf,inf,inf,inf,0,1,0,1,1,0,1,1,0,0,0
177492805,0,0.0,0.0,0.0,0.0,0.12468496,4.087936e-08,-1.7096079e-07,0.0,0.0014887127,-0.031143438,-0.106922925,-0.08520671,1.0219839e-05,-4.2740194e-05,0.0,0.08177168,0.6375865,0.265393,-1.6693236,0.0,0.15596613,0.106922925,0.118413694,0.24787052,0.09868589,0.110709675,inf,inf,inf,inf,0,1,0,1,1,0,1,1,0,0,0
177597625,0,0.0,0.0,0.0,0.0,0.12599318,4.087936e-08,-1.7096079e-07,0.0,0.0011819499,-0.022027407,-0.10384351,-0.07339392,1.0219839e-05,-4.2740194e-05,0.0,-0.53725904,-0.15153189,-0.059649408,-1.6694602,0.0,0.14777847,0.10384351,0.11969238,0.24933518,0.099303775,0.11111842,inf,inf,inf,inf,0,1,0,1,1,0,1,1,0,0,0
177694432,0,0.0,0.0,0.0,0.0,0.12626034,4.087936e-08,-1.7096079e-07,0.0,-0.0007076687,-0.015374417,-0.10112143,-0.06469043,1.0219839e-05,-4.2740194e-05,0.0,-0.2861377,-0.41187605,-0.2198406,-1.6696644,0.0,0.1478771,0.10112143,0.12026405,0.2500473,0.09953185,0.11129689,inf,inf,inf,inf,0,1,0,1,1,0,1,1,0,0,0
177798436,0,0.0,0.0,0.0,0.0,0.13017356,4.087936e-08,-1.7096079e-07,0.0,-0.007796668,-0.009784735,-0.09873112,-0.053284444,1.0219839e-05,-4.2740194e-05,0.0,-0.18235905,0.31625974,0.13869436,-1.6693046,0.0,0.14904302,0.09873112,0.1213186,0.2513441,0.09998084,0.11163534,inf,inf,inf,inf,0,1,0,1,1,0,1,1,0,0,0
177899275,0,0.0,0.0,0.0,0.0,0.13291319,4.087936e-08,-1.7096079e-07,0.0,-0.0013613742,-0.004498421,-0.09533667,-0.04375943,1.0219839e-05,-4.2740194e-05,0.0,0.041031722,-0.0028342986,0.08180105,-1.6687589,0.0,0.14156865,0.09533667,0.122307606,0.25263163,0.100367755,0.11195236,inf,inf,inf,inf,0,1,0,1,1,0,1,1,0,0,0
178004023,0,0.0,0.0,0.0,0.0,0.13383146,4.087936e-08,-1.7096079e-07,0.0,-0.0005252754,0.006005953,-0.09133042,-0.03601553,1.0219839e-05,-4.2740194e-05,0.0,0.2129139,-0.42880902,0.093711466,-1.6683781,0.0,0.13627248,0.09133042,0.12284254,0.2534825,0.100475356,0.11220891,inf,inf,inf,inf,0,1,0,1,1,0,1,1,0,0,0
178108044,0,0.0,0.0,0.0,0.0,0.13445535,4.087936e-08,-1.7096079e-07,0.0,-0.0057461634,0.00964727,-0.09022972,-0.031997852,1.0219839e-05,-4.2740194e-05,0.0,-0.24750175,-0.10336073,-0.16531911,-1.6678282,0.0,0.14147171,0.09022972,0.12357583,0.2545736,0.10071394,0.11246026,inf,inf,inf,inf,0,1,0,1,1,0,1,1,0,0,0
178212850,0,0.0,0.0,0.0,0.0,0.14039195,4.087936e-08,-1.7096079e-07,0.0,-0.00516183,0.01728318,-0.08648235,-0.020643268,1.0219839e-05,-4.2740194e-05,0.0,0.1769279,0.54387194,0.29138282,-1.6673895,0.0,0.15077901,0.08648235,0.1225885,0.25371712,0.10012032,0.112163834,inf,inf,inf,inf,0,1,0,1,1,0,1,1,0,0,0
178317626,0,0.0,0.0,0.0,0.0,0.15057015,4.087936e-08,-1.7096079e-07,0.0,-0.0020607067,0.026891114,-0.081574984,-0.00530281,1.0219839e-05,-4.2740194e-05,0.0,-0.4246811,0.025876267,-0.05886216,-1.6675862,0.0,0.15336773,0.081574984,0.123437375,0.2548859,0.100473255,0.11244276,inf,inf,inf,inf,0,1,0,1,1,0,1,1,0,0,0
178413601,0,0.0,0.0,0.0,0.0,0.1606916,4.087936e-08,-1.7096079e-07,0.0,-0.003487246,0.038167898,-0.0755803,0.009338245,1.0219839e-05,-4.2740194e-05,0.0,-0.06832708,-0.13146156,0.24897295,-1.6678847,0.0,0.15108733,0.0755803,0.121746846,0.25320366,0.099555284,0.11193311,inf,inf,inf,inf,0,1,0,1,1,0,1,1,0,0,0
178518412,0,0.0,0.0,0.0,0.0,0.17019399,4.087936e-08,-1.7096079e-07,0.0,-0.01012702,0.0398161,-0.07245227,0.018975565,1.0219839e-05,-4.2740194e-05,0.0,-0.45187068,0.15524809,0.10857724,-1.6674562,0.0,0.14518176,0.07245227,0.12087901,0.2523682,0.09910451,0.11165023,inf,inf,inf,inf,0,1,0,1,1,0,1,1,0,0,0
178622435,0,0.0,0.0,0.0,0.0,0.18212569,4.087936e-08,-1.7096079e-07,0.0,-0.006569593,0.044855244,-0.067600034,0.031408567,1.0219839e-05,-4.2740194e-05,0.0,0.05350936,0.64211076,0.20369507,-1.6670816,0.0,0.15219834,0.067600034,0.12007536,0.25152698,0.09871899,0.11139706,inf,inf,inf,inf,0,1,0,1,1,0,1,1,0,0,0
178723237,0,0.0,0.0,0.0,0.0,0.19555153,4.087936e-08,-1.7096079e-07,0.0,-0.0018232216,0.050114304,-0.06104597,0.045269497,1.0219839e-05,-4.2740194e-05,0.0,0.01106844,-0.06222522,0.041462306,-1.6667418,0.0,0.15064158,0.06104597,0.11939771,0.25079307,0.09840727,0.111175016,inf,inf,inf,inf,0,1,0,1,1,0,1,1,0,0,0
178820825,0,0.0,0.0,0.0,0.0,0.20929116,4.087936e-08,-1.7096079e-07,0.0,-0.0048624068,0.055057593,-0.0570092,0.05654672,1.0219839e-05,-4.2740194e-05,0.0,-0.082618505,0.3531875,0.11372093,-1.6664298,0.0,0.14944232,0.0570092,0.11955966,0.25100082,0.09851499,0.1112817,inf,inf,inf,inf,0,1,0,1,1,0,1,1,0,0,0
178924825,0,0.0,0.0,0.0,0.0,0.22528262,4.087936e-08,-1.7096079e-07,0.0,-0.006973977,0.052249145,-0.051487684,0.06967109,1.0219839e-05,-4.2740194e-05,0.0,0.12829676,-0.26713958,-0.16635568,-1.6662357,0.0,0.14322148,0.051487684,0.12059893,0.2522051,0.0990866,0.111608,inf,inf,inf,inf,0,1,0,1,1,0,1,1,0,0,0
179021632,0,0.0,0.0,0.0,0.0,0.23874652,4.087936e-08,-1.7096079e-07,0.0,-0.009067591,0.055493973,-0.045998577,0.07958147,1.0219839e-05,-4.2740194e-05,0.0,0.16118121,-0.04859484,0.25694337,-1.6661975,0.0,0.13766745,0.045998577,0.12107522,0.2527952,0.099353544,0.11173646,inf,inf,inf,inf,0,1,0,1,1,0,1,1,0,0,0
179122403,0,0.0,0.0,0.0,0.0,0.25263667,4.087936e-08,-1.7096079e-07,0.0,-0.01013296,0.05375245,-0.041584585,0.08690356,1.0219839e-05,-4.2740194e-05,0.0,0.5075186,0.22700197,-0.16910215,-1.666483,0.0,0.13168931,0.041584585,0.12044176,0.25205877,0.099099085,0.11151217,inf,inf,inf,inf,0,1,0,1,1,0,1,1,0,0,0
179226429,0,0.0,0.0,0.0,0.0,0.26621288,4.087936e-08,-1.7096079e-07,0.0,-0.00804938,0.047276467,-0.0353535,0.0949612,1.0219839e-05,-4.2740194e-05,0.0,0.029088616,-0.02123221,-0.06712327,-1.6663353,0.0,0.12317824,0.0353535,0.11982487,0.2513097,0.09883315,0.111307986,inf,inf,inf,inf,0,1,0,1,1,0,1,1,0,0,0
179331232,0,0.0,0.0,0.0,0.0,0.27762237,4.087936e-08,-1.7096079e-07,0.0,-0.011223342,0.0386677,-0.030132193,0.09952256,1.0219839e-05,-4.2740194e-05,0.0,-0.6795843,-0.18302497,0.31812668,-1.6659616,0.0,0.12111542,0.030132193,0.11902298,0.25031587,0.09848209,0.1110923,inf,inf,inf,inf,0,1,0,1,1,0,1,1,0,0,0
179428033,0,0.0,0.0,0.0,0.0,0.28582117,4.087936e-08,-1.7096079e-07,0.0,-0.012105215,0.03166274,-0.028816663,0.09765527,1.0219839e-05,-4.2740194e-05,0.0,0.036579873,-0.35409728,-0.17361814,-1.6656493,0.0,0.1056481,0.028816663,0.11955933,0.25090295,0.09879916,0.11123619,inf,inf,inf,inf,0,1,0,1,1,0,1,1,0,0,0
179531999,0,0.0,0.0,0.0,0.0,0.28973514,4.087936e-08,-1.7096079e-07,0.0,-0.012069257,0.020498589,-0.026883665,0.09151033,1.0219839e-05,-4.2740194e-05,0.0,-0.052406397,0.47350308,0.066707775,-1.6654104,0.0,0.10032007,0.026883665,0.120542966,0.25206202,0.09928099,0.11154632,inf,inf,inf,inf,0,1,0,1,1,0,1,1,0,0,0
179636822,0,0.0,0.0,0.0,0.0,0.29313412,4.087936e-08,-1.7096079e-07,0.0,-0.010489788,0.014309483,-0.024133584,0.0866009,1.0219839e-05,-4.2740194e-05,0.0,-0.1261819,0.084796675,0.18408515,-1.6654408,0.0,0.10452658,0.024133584,0.12152472,0.2532448,0.09975235,0.11184695,inf,inf,inf,inf,0,1,0,1,1,0,1,1,0,0,0
179732820,0,0.0,0.0,0.0,0.0,0.29815465,4.087936e-08,-1.7096079e-07,0.0,-0.011528923,0.011891245,-0.023318095,0.082892165,1.0219839e-05,-4.2740194e-05,0.0,0.021195587,-0.023758985,0.07396163,-1.6655786,0.0,0.1,0.023318095,0.12008353,0.25164813,0.09900398,0.11138456,inf,inf,inf,inf,0,1,0,1,1,0,1,1,0,0,0
179837601,0,0.0,0.0,0.0,0.0,0.30044758,4.087936e-08,-1.7096079e-07,0.0,-0.017992863,0.00082725065,-0.02070328,0.077831626,1.0219839e-05,-4.2740194e-05,0.0,-0.19730617,-0.13193771,0.06637809,-1.6654987,0.0,0.1,0.02070328,0.11941943,0.25088364,0.0986868,0.11114725,inf,inf,inf,inf,0,1,0,1,1,0,1,1,0,0,0
179934404,0,0.0,0.0,0.0,0.0,0.29939905,4.087936e-08,-1.7096079e-07,0.0,-0.01943921,-0.008302931,-0.022446234,0.06681932,1.0219839e-05,-4.2740194e-05,0.0,-0.048383042,-0.35500935,-0.30826035,-1.6649628,0.0,0.1,0.022446234,0.11995115,0.25145668,0.09898768,0.111297034,inf,inf,inf,inf,0,1,0,1,1,0,1,1,0,0,0
180038406,0,0.0,0.0,0.0,0.0,0.3008969,4.087936e-08,-1.7096079e-07,0.0,-0.014524482,-0.013036442,-0.02120624,0.061652515,1.0219839e-05,-4.2740194e-05,0.0,0.09433928,-0.21631984,-0.14915136,-1.6645936,0.0,0.1,0.02120624,0.11936553,0.25071532,0.09872612,0.11110097,inf,inf,inf,inf,0,1,0,1,1,0,1,1,0,0,0
180143238,0,0.0,0.0,0.0,0.0,0.30236006,4.087936e-08,-1.7096079e-07,0.0,-0.013388673,-0.015134918,-0.01930537,0.057867914,1.0219839e-05,-4.2740194e-05,0.0,-0.0069205286,0.32286665,-0.19675952,-1.6648383,0.0,0.1,0.01930537,0.11893921,0.25009933,0.09858972,0.11093813,inf,inf,inf,inf,0,1,0,1,1,0,1,1,0,0,0
180240016,0,0.0,0.0,0.0,0.0,0.3067535,4.087936e-08,-1.7096079e-07,0.0,-0.016704567,-0.021746539,-0.017886221,0.05755854,1.0219839e-05,-4.2740194e-05,0.0,-0.23881328,0.08841475,-0.03175816,-1.6651205,0.0,0.109977424,0.017886221,0.117931545,0.24881558,0.09813676,0.11058592,inf,inf,inf,inf,0,1,0,1,1,0,1,1,0,0,0
180344027,0,0.0,0.0,0.0,0.0,0.310261,4.087936e-08,-1.7096079e-07,0.0,-0.020831145,-0.02944405,-0.01600811,0.056165345,1.0219839e-05,-4.2740194e-05,0.0,-0.7598149,-0.36301982,-0.14462544,-1.6648877,0.0,0.1,0.01600811,0.11753973,0.24821076,0.09799983,0.1104426,inf,inf,inf,inf,0,1,0,1,1,0,1,1,0,0,0
180448828,0,0.0,0.0,0.0,0.0,0.31291404,4.087936e-08,-1.7096079e-07,0.0,-0.020619513,-0.03360237,-0.01418511,0.054208912,1.0219839e-05,-4.2740194e-05,0.0,0.19613989,-0.20524475,0.3125434,-1.6648496,0.0,0.1,0.01418511,0.11889411,0.24963208,0.09875543,0.11085025,inf,inf,inf,inf,0,1,0,1,1,0,1,1,0,0,0
180544818,0,0.0,0.0,0.0,0.0,0.3134004,4.087936e-08,-1.7096079e-07,0.0,-0.02044522,-0.038503066,-0.013928057,0.049327917,1.0219839e-05,-4.2740194e-05,0.0,0.2705629,0.38391143,-0.1560301,-1.664471,0.0,0.1,0.013928057,0.11952655,0.25025943,0.09910002,0.11103993,inf,inf,inf,inf,0,1,0,1,1,0,1,1,0,0,0
180645617,0,0.0,0.0,0.0,0.0,0.3127723,4.087936e-08,-1.7096079e-07,0.0,-0.016685277,-0.044335064,-0.012837332,0.044313736,1.0219839e-05,-4.2740194e-05,0.0,-0.022070365,0.53529924,0.3949431,-1.6639096,0.0,0.1,0.012837332,0.119027875,0.24964455,0.09882701,0.110871546,inf,inf,inf,inf,0,1,0,1,1,0,1,1,0,0,0
180750410,0,0.0,0.0,0.0,0.0,0.316821,4.087936e-08,-1.7096079e-07,0.0,-0.01479253,-0.048110276,-0.011095224,0.0453073,1.0219839e-05,-4.2740194e-05,0.0,-0.3735201,-0.2891059,-0.25372118,-1.6637325,0.0,0.10763258,0.011095224,0.11997894,0.25066862,0.0992974,0.11122961,inf,inf,inf,inf,0,1,0,1,1,0,1,1,0,0,0
180854443,0,0.0,0.0,0.0,0.0,0.3232319,4.087936e-08,-1.7096079e-07,0.0,-0.020722974,-0.053511996,-0.008473052,0.04930389,1.0219839e-05,-4.2740194e-05,0.0,-0.063358076,-0.4157826,-0.20761792,-1.6638296,0.0,0.10511848,0.008473052,0.11942252,0.24999505,0.099000014,0.11104717,inf,inf,inf,inf,0,1,0,1,1,0,1,1,0,0,0
180955999,0,0.0,0.0,0.0,0.0,0.3286676,4.087936e-08,-1.7096079e-07,0.0,-0.024235878,-0.059800588,-0.005343917,0.052235864,1.0219839e-05,-4.2740194e-05,0.0,-0.10244871,0.32068044,0.063116595,-1.66394,0.0,0.1,0.005343917,0.12057267,0.25131673,0.099541195,0.11140012,inf,inf,inf,inf,0,1,0,1,1,0,1,1,0,0,0
181052812,0,0.0,0.0,0.0,0.0,0.32959387,4.087936e-08,-1.7096079e-07,0.0,-0.02196456,-0.068716764,-0.005603678,0.047576558,1.0219839e-05,-4.2740194e-05,0.0,0.29455623,-0.25794572,-0.20118906,-1.6637765,0.0,0.1,0.005603678,0.12079202,0.25161162,0.099596895,0.11151861,inf,inf,inf,inf,0,1,0,1,1,0,1,1,0,0,0
181156825,0,0.0,0.0,0.0,0.0,0.32714656,4.087936e-08,-1.7096079e-07,0.0,-0.018483397,-0.06533967,-0.005326924,0.04039204,1.0219839e-05,-4.2740194e-05,0.0,-0.23287262,-0.19165727,-0.1819041,-1.6631784,0.0,0.1,0.005326924,0.121757835,0.2527858,0.1000188,0.11183041,inf,inf,inf,inf,0,1,0,1,1,0,1,1,0,0,0
181261642,0,0.0,0.0,0.0,0.0,0.32882854,4.087936e-08,-1.7096079e-07,0.0,-0.021305915,-0.06578233,-0.0029319765,0.040115383,1.0219839e-05,-4.2740194e-05,0.0,-0.11401117,-0.38593957,0.12865749,-1.6632718,0.0,0.1,0.0029319765,0.12095774,0.25199893,0.09953399,0.111578725,inf,inf,inf,inf,0,1,0,1,1,0,1,1,0,0,0
181366434,0,0.0,0.0,0.0,0.0,0.3246629,4.087936e-08,-1.7096079e-07,0.0,-0.024588076,-0.06963517,-0.0066292803,0.02849335,1.0219839e-05,-4.2740194e-05,0.0,-0.57437545,0.034225814,-0.06574864,-1.6628425,0.0,0.1,0.0066292803,0.12185834,0.2531592,0.099908374,0.11186212,inf,inf,inf,inf,0,1,0,1,1,0,1,1,0,0,0
181462443,0,0.0,0.0,0.0,0.0,0.31407425,4.087936e-08,-1.7096079e-07,0.0,-0.026132466,-0.0741441,-0.009834812,0.012391139,1.0219839e-05,-4.2740194e-05,0.0,0.24781466,-0.6087277,-0.19083735,-1.663188,0.0,0.1,0.009834812,0.12201205,0.25349787,0.09989795,0.11192433,inf,inf,inf,inf,0,1,0,1,1,0,1,1,0,0,0
181563999,0,0.0,0.0,0.0,0.0,0.30014747,4.087936e-08,-1.7096079e-07,0.0,-0.023335682,-0.0770589,-0.013793971,-0.0058777905,1.0219839e-05,-4.2740194e-05,0.0,0.76167494,0.034711745,0.07740308,-1.6632804,0.0,0.1,0.013793971,0.12112047,0.25262073,0.09939794,0.11164218,inf,inf,inf,inf,0,1,0,1,1,0,1,1,0,0,0
181668799,0,0.0,0.0,0.0,0.0,0.27914742,4.087936e-08,-1.7096079e-07,0.0,-0.02527725,-0.08258862,-0.021203883,-0.03218675,1.0219839e-05,-4.2740194e-05,0.0,-0.14123213,0.35795566,0.056574054,-1.6628197,0.0,0.1,0.021203883,0.12009116,0.25152615,0.098846085,0.11136687,inf,inf,inf,inf,0,1,0,1,1,0,1,1,0,0,0
181764799,0,0.0,0.0,0.0,0.0,0.25597626,4.087936e-08,-1.7096079e-07,0.0,-0.02640231,-0.09466627,-0.027638454,-0.057113074,1.0219839e-05,-4.2740194e-05,0.0,-0.2978149,-0.05748741,-0.1077457,-1.6624116,0.0,0.1,0.027638454,0.12048767,0.25199208,0.0990743,0.11148962,inf,inf,inf,inf,0,1,0,1,1,0,1,1,0,0,0
181869621,0,0.0,0.0,0.0,0.0,0.23034568,4.087936e-08,-1.7096079e-07,0.0,-0.026618032,-0.10139477,-0.03586601,-0.082753025,1.0219839e-05,-4.2740194e-05,0.0,-0.8585396,-0.4708887,0.036459353,-1.6624361,0.0,0.1,0.03586601,0.11985099,0.25126493,0.0987727,0.111273415,inf,inf,inf,inf,0,1,0,1,1,0,1,1,0,0,0
181974414,0,0.0,0.0,0.0,0.0,0.20663254,4.087936e-08,-1.7096079e-07,0.0,-0.028606445,-0.110546745,-0.043331575,-0.1028529,1.0219839e-05,-4.2740194e-05,0.0,0.11604367,-0.1916984,0.10186147,-1.6624917,0.0,0.1,0.043331575,0.12093175,0.25251064,0.09934382,0.11159749,inf,inf,inf,inf,0,1,0,1,1,0,1,1,0,0,0
182070409,0,0.0,0.0,0.0,0.0,0.1835463,4.087936e-08,-1.7096079e-07,0.0,-0.03298558,-0.12165097,-0.049089164,-0.119569294,1.0219839e-05,-4.2740194e-05,0.0,-0.37375304,0.3314986,0.065587394,-1.6622853,0.0,0.1,0.049089164,0.11955421,0.25095823,0.09865386,0.11115181,inf,inf,inf,inf,0,1,0,1,1,0,1,1,0,0,0
182171220,0,0.0,0.0,0.0,0.0,0.15617831,4.087936e-08,-1.7096079e-07,0.0,-0.02633679,-0.13184273,-0.0575378,-0.14041974,1.0219839e-05,-4.2740194e-05,0.0,0.095860556,0.20291705,-0.07664977,-1.6620177,0.0,0.1,0.0575378,0.11894516,0.2502343,0.09838211,0.11094094,inf,inf,inf,inf,0,1,0,1,1,0,1,1,0,0,0
182275221,0,0.0,0.0,0.0,0.0,0.12912041,4.087936e-08,-1.7096079e-07,0.0,-0.023301149,-0.1341405,-0.06499607,-0.15751725,1.0219839e-05,-4.2740194e-05,0.0,-0.17046653,-0.52248955,0.043791655,-1.661711,0.0,0.1,0.06499607,0.12006491,0.25146607,0.09899981,0.11129438,inf,inf,inf,inf,0,1,0,1,1,0,1,1,0,0,0
182379999,0,0.0,0.0,0.0,0.0,0.10086333,4.087936e-08,-1.7096079e-07,0.0,-0.029295428,-0.14569052,-0.073371656,-0.17497522,1.0219839e-05,-4.2740194e-05,0.0,0.10752356,-0.85251874,-0.4259134,-1.6618823,0.0,0.1,0.073371656,0.11919034,0.25042278,0.09859331,0.11105652,inf,inf,inf,inf,0,1,0,1,1,0,1,1,0,0,0
182476808,0,0.0,0.0,0.0,0.0,0.075388394,4.087936e-08,-1.7096079e-07,0.0,-0.032768134,-0.1562517,-0.07777651,-0.1855272,1.0219839e-05,-4.2740194e-05,0.0,0.05762591,-0.120809086,0.24317291,-1.6615595,0.0,0.1,0.07777651,0.11966367,0.25096774,0.09884338,0.1111891,inf,inf,inf,inf,0,1,0,1,1,0,1,1,0,0,0
182580816,0,0.0,0.0,0.0,0.0,0.050372038,4.087936e-08,-1.7096079e-07,0.0,-0.031194827,-0.17009656,-0.08454935,-0.19526091,1.0219839e-05,-4.2740194e-05,0.0,0.27726814,-0.46725205,-0.13036285,-1.6611902,0.0,0.1,0.08454935,0.12068378,0.25213885,0.09936686,0.11150967,inf,inf,inf,inf,0,1,0,1,1,0,1,1,0,0,0
182685625,0,0.0,0.0,0.0,0.0,0.025816077,4.087936e-08,-1.7096079e-07,0.0,-0.026608765,-0.17901595,-0.09098664,-0.20324151,1.0219839e-05,-4.2740194e-05,0.0,-0.11345094,-0.15996395,-0.037994295,-1.6610135,0.0,0.1,0.09098664,0.12168718,0.25332987,0.099854335,0.1118162,inf,inf,inf,inf,0,1,0,1,1,0,1,1,0,0,0
182786452,0,0.0,0.0,0.0,0.0,-0.00096341316,4.087936e-08,-1.7096079e-07,0.0,-0.024991816,-0.18183756,-0.098133504,-0.21365775,1.0219839e-05,-4.2740194e-05,0.0,0.029664116,0.22424547,-0.21413967,-1.6611496,0.0,0.1,0.098133504,0.122621454,0.25447485,0.10029669,0.11209987,inf,inf,inf,inf,0,1,0,1,1,0,1,1,0,0,0
182882427,0,0.0,0.0,0.0,0.0,-0.02635195,4.087936e-08,-1.7096079e-07,0.0,-0.026294688,-0.18724112,-0.10546165,-0.22344075,1.0219839e-05,-4.2740194e-05,0.0,-0.04031804,-0.08378358,-0.33543634,-1.6609213,0.0,0.1,0.10546165,0.122749954,0.25476158,0.1002952,0.11214598,inf,inf,inf,inf,0,1,0,1,1,0,1,1,0,0,0
182987999,0,0.0,0.0,0.0,0.0,-0.05806071,4.087936e-08,-1.7096079e-07,0.0,-0.029471057,-0.19369085,-0.11346377,-0.23725137,1.0219839e-05,-4.2740194e-05,0.0,-0.42853242,-0.06476643,-0.0077756746,-1.6606231,0.0,0.1,0.11346377,0.12319545,0.25543192,0.100445285,0.11234897,inf,inf,inf,inf,0,1,0,1,1,0,1,1,0,0,0
183084809,0,0.0,0.0,0.0,0.0,-0.08910028,4.087936e-08,-1.7096079e-07,0.0,-0.027763387,-0.20337996,-0.12238813,-0.25197214,1.0219839e-05,-4.2740194e-05,0.0,-0.13505241,-0.70210725,-0.3368084,-1.6603192,0.0,0.1,0.12238813,0.12335647,0.2557957,0.10045145,0.11238637,inf,inf,inf,inf,0,1,0,1,1,0,1,1,0,0,0
183188799,0,0.0,0.0,0.0,0.0,-0.12260581,4.087936e-08,-1.7096079e-07,0.0,-0.033741146,-0.2029864,-0.1309684,-0.2650898,1.0219839e-05,-4.2740194e-05,0.0,-0.15374312,-0.13713603,-0.18870163,-1.6602128,0.0,0.1,0.1309684,0.12400845,0.2567054,0.1007213,0.11259451,inf,inf,inf,inf,0,1,0,1,1,0,1,1,0,0,0
183293638,0,0.0,0.0,0.0,0.0,-0.15692993,4.087936e-08,-1.7096079e-07,0.0,-0.033446334,-0.20103055,-0.13910411,-0.27712914,1.0219839e-05,-4.2740194e-05,0.0,0.3550096,0.19224733,-0.2801335,-1.660236,0.0,0.1,0.13910411,0.12283604,0.2555692,0.100086465,0.112224415,inf,inf,inf,inf,0,1,0,1,1,0,1,1,0,0,0
183390420,0,0.0,0.0,0.0,0.0,-0.19186793,4.087936e-08,-1.7096079e-07,0.0,-0.033322483,-0.2006262,-0.14738493,-0.29097235,1.0219839e-05,-4.2740194e-05,0.0,-0.21946529,0.2499577,0.033971112,-1.6596799,0.0,0.1,0.14738493,0.1229358,0.2557879,0.10011627,0.112258285,inf,inf,inf,inf,0,1,0,1,1,0,1,1,0,0,0
183494442,0,0.0,0.0,0.0,0.0,-0.23030637,4.087936e-08,-1.7096079e-07,0.0,-0.032327145,-0.19480345,-0.15509182,-0.30388892,1.0219839e-05,-4.2740194e-05,0.0,0.09033802,-0.5378714,0.27639225,-1.6595985,0.0,0.1,0.15509182,0.122003466,0.25477442,0.09968094,0.1119504,inf,inf,inf,inf,0,1,0,1,1,0,1,1,0,0,0
183596036,0,0.0,0.0,0.0,0.0,-0.27190024,4.087936e-08,-1.7096079e-07,0.0,-0.037895646,-0.19301185,-0.16371739,-0.31968293,1.0219839e-05,-4.2740194e-05,0.0,0.024624785,-0.42592072,0.14581618,-1.6599016,0.0,0.1,0.16371739,0.12120112,0.2538405,0.099330716,0.11167308,inf,inf,inf,inf,0,1,0,1,1,0,1,1,0,0,0
183700799,0,0.0,0.0,0.0,0.0,-0.31087655,4.087936e-08,-1.7096079e-07,0.0,-0.04242044,-0.19510874,-0.17265782,-0.3310372,1.0219839e-05,-4.2740194e-05,0.0,-0.30376402,-0.1456817,0.018962594,-1.6593845,0.0,0.1290096,0.17265782,0.12742177,0.2526677,0.10244148,0.11138987,inf,inf,inf,inf,0,1,0,1,1,0,1,1,0,0,0
183804834,0,0.0,0.0,0.0,0.0,-0.34617972,4.087936e-08,-1.7096079e-07,0.0,-0.044958282,-0.20032814,-0.18077049,-0.33731666,1.0219839e-05,-4.2740194e-05,0.0,-0.35947323,0.21095811,0.1633092,-1.6591713,0.0,0.16431278,0.18077049,0.136103,0.25176176,0.10656567,0.11114833,inf,inf,inf,inf,0,1,0,1,1,0,1,1,0,0,0
183901605,0,0.0,0.0,0.0,0.0,-0.37835875,4.087936e-08,-1.7096079e-07,0.0,-0.0436339,-0.20718428,-0.18850775,-0.34230372,1.0219839e-05,-4.2740194e-05,0.0,0.37795588,-0.51159626,-0.31328124,-1.6592275,0.0,0.19649181,0.18850775,0.14465739,0.25224438,0.11046406,0.11127996,inf,inf,inf,inf,0,1,0,1,1,0,1,1,0,0,0
184006454,0,0.0,0.0,0.0,0.0,-0.4123436,4.087936e-08,-1.7096079e-07,0.0,-0.042641494,-0.2071165,-0.19680946,-0.34639442,1.0219839e-05,-4.2740194e-05,0.0,-0.014644442,-0.20199516,-0.36771575,-1.6589407,0.0,0.23047665,0.19680946,0.15430953,0.25332654,0.11463898,0.11158636,inf,inf,inf,inf,0,1,0,1,1,0,1,1,0,0,0
184110433,0,0.0,0.0,0.0,0.0,-0.44401732,4.087936e-08,-1.7096079e-07,0.0,-0.041455682,-0.21082667,-0.2020562,-0.34507343,1.0219839e-05,-4.2740194e-05,0.0,-0.18767828,0.43006822,0.24381553,-1.6590552,0.0,0.26215038,0.2020562,0.16455296,0.25443318,0.11891242,0.11187522,inf,inf,inf,inf,0,1,0,1,1,0,1,1,0,0,0
184212026,0,0.0,0.0,0.0,0.0,-0.4708205,4.087936e-08,-1.7096079e-07,0.0,-0.03968394,-0.21998435,-0.20782632,-0.3402435,1.0219839e-05,-4.2740194e-05,0.0,0.30615807,0.08632501,0.04096509,-1.6592091,0.0,0.28895354,0.20782632,0.1752921,0.255486,0.12322078,0.11213458,inf,inf,inf,inf,0,1,0,1,1,0,1,1,0,0,0
184308829,0,0.0,0.0,0.0,0.0,-0.4921437,4.087936e-08,-1.7096079e-07,0.0,-0.040097255,-0.23117237,-0.21058716,-0.3301394,1.0219839e-05,-4.2740194e-05,0.0,-0.7386956,-0.37557036,-0.081103355,-1.6589749,0.0,0.31027675,0.21058716,0.1855447,0.25571126,0.12717399,0.11217646,inf,inf,inf,inf,0,1,0,1,1,0,1,1,0,0,0
184412803,0,0.0,0.0,0.0,0.0,-0.5144947,4.087936e-08,-1.7096079e-07,0.0,-0.042094994,-0.23968157,-0.21258178,-0.31916672,1.0219839e-05,-4.2740194e-05,0.0,-0.32961714,-0.2568572,0.2910373,-1.6590313,0.0,0.33262777,0.21258178,0.19684403,0.256397,0.13139671,0.11237943,inf,inf,inf,inf,0,1,0,1,1,0,1,1,0,0,0
184509620,0,0.0,0.0,0.0,0.0,-0.5328465,4.087936e-08,-1.7096079e-07,0.0,-0.041049547,-0.25068098,-0.21406989,-0.30757692,1.0219839e-05,-4.2740194e-05,0.0,-0.12078393,0.013015853,-0.091362804,-1.6589762,0.0,0.35097957,0.21406989,0.20801345,0.25659502,0.13544391,0.11238426,inf,inf,inf,inf,0,1,0,1,1,0,1,1,0,0,0
184613625,0,0.0,0.0,0.0,0.0,-0.55039465,4.087936e-08,-1.7096079e-07,0.0,-0.039281446,-0.2583785,-0.21325406,-0.29207745,1.0219839e-05,-4.2740194e-05,0.0,0.03781424,0.47911647,0.017497947,-1.6590033,0.0,0.3685277,0.21325406,0.22047426,0.25738862,0.13981862,0.11256289,inf,inf,inf,inf,0,1,0,1,1,0,1,1,0,0,0
184714436,0,0.0,0.0,0.0,0.0,-0.56550395,4.087936e-08,-1.7096079e-07,0.0,-0.0401217,-0.2680763,-0.21199444,-0.27637845,1.0219839e-05,-4.2740194e-05,0.0,-0.23863682,0.18497165,0.2640215,-1.6588687,0.0,0.383637,0.21199444,0.23346375,0.2561273,0.14424556,0.11216574,inf,inf,inf,inf,0,1,0,1,1,0,1,1,0,0,0
184820034,0,0.0,0.0,0.0,0.0,-0.5814861,4.087936e-08,-1.7096079e-07,0.0,-0.04287036,-0.27808827,-0.211187,-0.26277825,1.0219839e-05,-4.2740194e-05,0.0,-0.22330031,-0.22190498,0.09588797,-1.6590964,0.0,0.39961916,0.211187,0.24640529,0.2566812,0.14852493,0.11235193,inf,inf,inf,inf,0,1,0,1,1,0,1,1,0,0,0
184916816,0,0.0,0.0,0.0,0.0,-0.59577274,4.087936e-08,-1.7096079e-07,0.0,-0.044574413,-0.28312406,-0.21083543,-0.25174287,1.0219839e-05,-4.2740194e-05,0.0,-0.13330029,0.32754868,0.31416127,-1.6591372,0.0,0.4139058,0.21083543,0.25905913,0.25476554,0.15259549,0.11180712,inf,inf,inf,inf,0,1,0,1,1,0,1,1,0,0,0
185020816,0,0.0,0.0,0.0,0.0,-0.61048585,4.087936e-08,-1.7096079e-07,0.0,-0.04409491,-0.29695916,-0.21289323,-0.2428519,1.0219839e-05,-4.2740194e-05,0.0,-0.25314963,-0.11756045,0.16086635,-1.6588423,0.0,0.4286189,0.21289323,0.27348596,0.25578988,0.1571416,0.11205055,inf,inf,inf,inf,0,1,0,1,1,0,1,1,0,0,0
185125644,0,0.0,0.0,0.0,0.0,-0.6254908,4.087936e-08,-1.7096079e-07,0.0,-0.04445441,-0.31396398,-0.21333395,-0.23358338,1.0219839e-05,-4.2740194e-05,0.0,-0.21132971,-0.09167061,0.15738785,-1.6589032,0.0,0.44362384,0.21333395,0.2882426,0.25670758,0.16167091,0.112270266,inf,inf,inf,inf,0,1,0,1,1,0,1,1,0,0,0
185221601,0,0.0,0.0,0.0,0.0,-0.6372319,4.087936e-08,-1.7096079e-07,0.0,-0.044582512,-0.32362762,-0.2113687,-0.22186047,1.0219839e-05,-4.2740194e-05,0.0,0.07719928,-0.327662,0.18975304,-1.6591305,0.0,0.45536494,0.2113687,0.30209875,0.2568272,0.16581473,0.11228863,inf,inf,inf,inf,0,1,0,1,1,0,1,1,0,0,0
185326443,0,0.0,0.0,0.0,0.0,-0.6499451,4.087936e-08,-1.7096079e-07,0.0,-0.039234094,-0.3332158,-0.21031193,-0.21134613,1.0219839e-05,-4.2740194e-05,0.0,0.5180229,0.058292173,0.05489395,-1.6590841,0.0,0.46807814,0.21031193,0.31753296,0.25561857,0.17028566,0.111926034,inf,inf,inf,inf,0,1,0,1,1,0,1,1,0,0,0
185428025,0,0.0,0.0,0.0,0.0,-0.6633688,4.087936e-08,-1.7096079e-07,0.0,-0.036418818,-0.34393764,-0.21157116,-0.20562348,1.0219839e-05,-4.2740194e-05,0.0,0.6201814,0.19608778,0.031623926,-1.6592606,0.0,0.1592719,0.21157116,0.30175647,0.25648004,0.16087748,0.11213625,inf,inf,inf,inf,0,1,0,1,1,0,1,1,0,0,0
185524012,0,0.0,0.0,0.0,0.0,-0.6762359,4.087936e-08,-1.7096079e-07,0.0,-0.033193182,-0.32348722,-0.21073239,-0.19898255,1.0219839e-05,-4.2740194e-05,0.0,-0.21025854,0.22837481,0.22364494,-1.6588116,0.0,0.16161412,0.21073239,0.23744202,0.2565466,0.1325018,0.11213459,inf,inf,inf,inf,0,1,0,1,1,0,1,1,0,0,0
185628809,0,0.0,0.0,0.0,0.0,-0.6918557,4.087936e-08,-1.7096079e-07,0.0,-0.025786143,-0.2848107,-0.21022873,-0.1944407,1.0219839e-05,-4.2740194e-05,0.0,-0.39011902,-0.32527485,-0.07458501,-1.6581522,0.0,0.15323746,0.21022873,0.2049003,0.25708377,0.119460054,0.112306684,inf,inf,inf,inf,0,1,0,1,1,0,1,1,0,0,0
185733617,0,0.0,0.0,0.0,0.0,-0.7081605,4.087936e-08,-1.7096079e-07,0.0,-0.022852708,-0.2457024,-0.20986463,-0.19118392,1.0219839e-05,-4.2740194e-05,0.0,-0.44895107,-0.57810116,-0.13617617,-1.6575392,0.0,0.15637112,0.20986463,0.18485923,0.25787047,0.112388164,0.112483196,inf,inf,inf,inf,0,1,0,1,1,0,1,1,0,0,0
185829617,0,0.0,0.0,0.0,0.0,-0.7216896,4.087936e-08,-1.7096079e-07,0.0,-0.02053758,-0.21102466,-0.21013996,-0.18765768,1.0219839e-05,-4.2740194e-05,0.0,-0.21777667,-0.008359654,0.1591555,-1.657114,0.0,0.15939349,0.21013996,0.17040935,0.25783962,0.107940085,0.11244335,inf,inf,inf,inf,0,1,0,1,1,0,1,1,0,0,0
185930411,0,0.0,0.0,0.0,0.0,-0.7362876,4.087936e-08,-1.7096079e-07,0.0,-0.016936745,-0.18734597,-0.21176352,-0.18614928,1.0219839e-05,-4.2740194e-05,0.0,0.24670947,-0.38594455,-0.16101734,-1.6566402,0.0,0.15463799,0.21176352,0.16058955,0.25861517,0.10563168,0.112619914,inf,inf,inf,inf,0,1,0,1,1,0,1,1,0,0,0
186035244,0,0.0,0.0,0.0,0.0,-0.7522783,4.087936e-08,-1.7096079e-07,0.0,-0.012148577,-0.16746052,-0.21095292,-0.18311237,1.0219839e-05,-4.2740194e-05,0.0,0.2824171,-0.35405657,-0.35796133,-1.6561326,0.0,0.1544807,0.21095292,0.14946423,0.25687125,0.10300448,0.11217131,inf,inf,inf,inf,0,1,0,1,1,0,1,1,0,0,0
186139257,0,0.0,0.0,0.0,0.0,-0.7647495,4.087936e-08,-1.7096079e-07,0.0,-0.009847843,-0.14591505,-0.21020196,-0.1770378,1.0219839e-05,-4.2740194e-05,0.0,0.20016055,-0.19349793,-0.32541567,-1.655902,0.0,0.16387391,0.21020196,0.14429113,0.25761107,0.10264543,0.112365596,inf,inf,inf,inf,0,1,0,1,1,0,1,1,0,0,0
186235999,0,0.0,0.0,0.0,0.0,-0.77121794,4.087936e-08,-1.7096079e-07,0.0,-0.00609231,-0.12660038,-0.20650057,-0.1640328,1.0219839e-05,-4.2740194e-05,0.0,0.5883671,0.42243114,0.079545125,-1.6557355,0.0,0.17554677,0.20650057,0.13718547,0.2556265,0.10152255,0.111802734,inf,inf,inf,inf,0,1,0,1,1,0,1,1,0,0,0
186340044,0,0.0,0.0,0.0,0.0,-0.7757238,4.087936e-08,-1.7096079e-07,0.0,-0.0066743554,-0.109341964,-0.20300587,-0.1497217,1.0219839e-05,-4.2740194e-05,0.0,0.06342496,0.24364918,-0.16892427,-1.6554676,0.0,0.17289966,0.20300587,0.13443615,0.25643644,0.10203461,0.11202858,inf,inf,inf,inf,0,1,0,1,1,0,1,1,0,0,0
186437605,0,0.0,0.0,0.0,0.0,-0.77983034,4.087936e-08,-1.7096079e-07,0.0,-0.0061361506,-0.0974595,-0.19893806,-0.13679653,1.0219839e-05,-4.2740194e-05,0.0,-0.47470224,0.10135586,-0.08297007,-1.6549937,0.0,0.17094022,0.19893806,0.1318713,0.25662142,0.10241843,0.11207246,inf,inf,inf,inf,0,1,0,1,1,0,1,1,0,0,0
186542431,0,0.0,0.0,0.0,0.0,-0.7845898,4.087936e-08,-1.7096079e-07,0.0,-0.0091841975,-0.08789198,-0.19441378,-0.12477393,1.0219839e-05,-4.2740194e-05,0.0,-0.69152814,-0.6057697,-0.085750654,-1.6551409,0.0,0.16446573,0.19441378,0.1304105,0.2575364,0.10323674,0.112292044,inf,inf,inf,inf,0,1,0,1,1,0,1,1,0,0,0
186646403,0,0.0,0.0,0.0,0.0,-0.79102427,4.087936e-08,-1.7096079e-07,0.0,-0.009962783,-0.08147393,-0.1914507,-0.11731261,1.0219839e-05,-4.2740194e-05,0.0,-0.48590237,-0.37242854,0.020353058,-1.6549656,0.0,0.16115487,0.1914507,0.12716198,0.25615487,0.103163324,0.11190017,inf,inf,inf,inf,0,1,0,1,1,0,1,1,0,0,0
186747219,0,0.0,0.0,0.0,0.0,-0.7954798,4.087936e-08,-1.7096079e-07,0.0,-0.011447363,-0.06902154,-0.18845482,-0.109325245,1.0219839e-05,-4.2740194e-05,0.0,0.112620935,-0.06998754,-0.15947227,-1.6549063,0.0,0.16079396,0.18845482,0.124632865,0.25491983,0.10326134,0.11155308,inf,inf,inf,inf,0,1,0,1,1,0,1,1,0,0,0
186844850,0,0.0,0.0,0.0,0.0,-0.8003709,4.087936e-08,-1.7096079e-07,0.0,-0.010876952,-0.059272423,-0.18519844,-0.102028154,1.0219839e-05,-4.2740194e-05,0.0,-0.4117961,0.19200298,0.16742192,-1.6547432,0.0,0.15841532,0.18519844,0.12365891,0.2547829,0.103728294,0.111581676,inf,inf,inf,inf,0,1,0,1,1,0,1,1,0,0,0
186949599,0,0.0,0.0,0.0,0.0,-0.80743617,4.087936e-08,-1.7096079e-07,0.0,-0.007159349,-0.046383806,-0.18232442,-0.097356156,1.0219839e-05,-4.2740194e-05,0.0,-0.19499779,0.7199818,0.39261106,-1.6543785,0.0,0.15625334,0.18232442,0.12196238,0.25361705,0.10387836,0.111278735,inf,inf,inf,inf,0,1,0,1,1,0,1,1,0,0,0
187053611,0,0.0,0.0,0.0,0.0,-0.81013,4.087936e-08,-1.7096079e-07,0.0,-0.0037553504,-0.03561492,-0.17699844,-0.08666046,1.0219839e-05,-4.2740194e-05,0.0,-0.1450657,0.26801565,0.38571492,-1.6541193,0.0,0.16214907,0.17699844,0.12076006,0.2526718,0.10410218,0.11102818,inf,inf,inf,inf,0,1,0,1,1,0,1,1,0,0,0
187158419,0,0.0,0.0,0.0,0.0,-0.81458724,4.087936e-08,-1.7096079e-07,0.0,-0.0019725699,-0.026546888,-0.17466025,-0.08166119,1.0219839e-05,-4.2740194e-05,0.0,0.13477819,0.06116327,0.25039065,-1.6545088,0.0,0.14725602,0.17466025,0.12149958,0.25370735,0.105051644,0.11133067,inf,inf,inf,inf,0,1,0,1,1,0,1,1,0,0,0
187254418,0,0.0,0.0,0.0,0.0,-0.82291776,4.087936e-08,-1.7096079e-07,0.0,-0.005161107,-0.015479067,-0.17382602,-0.08300496,1.0219839e-05,-4.2740194e-05,0.0,0.285203,0.6755478,-0.093258046,-1.6543143,0.0,0.14451939,0.17382602,0.12164736,0.25394356,0.10551596,0.11141781,inf,inf,inf,inf,0,1,0,1,1,0,1,1,0,0,0
187359288,0,0.0,0.0,0.0,0.0,-0.8272127,4.087936e-08,-1.7096079e-07,0.0,-0.0027665927,-0.005943054,-0.16901046,-0.075656846,1.0219839e-05,-4.2740194e-05,0.0,-0.32348016,0.17425492,0.2998087,-1.6541883,0.0,0.15365487,0.16901046,0.12252583,0.25492775,0.106216036,0.11169124,inf,inf,inf,inf,0,1,0,1,1,0,1,1,0,0,0
187460029,0,0.0,0.0,0.0,0.0,-0.82513636,4.087936e-08,-1.7096079e-07,0.0,-0.003911346,0.004291869,-0.16409682,-0.0633172,1.0219839e-05,-4.2740194e-05,0.0,-0.26235923,-0.5665052,0.031294238,-1.6540934,0.0,0.16437238,0.16409682,0.123423606,0.25586867,0.106801435,0.11194603,inf,inf,inf,inf,0,1,0,1,1,0,1,1,0,0,0
187564038,0,0.0,0.0,0.0,0.0,-0.82139874,4.087936e-08,-1.7096079e-07,0.0,-0.0030340757,0.012707005,-0.15780082,-0.04902129,1.0219839e-05,-4.2740194e-05,0.0,-0.18836747,0.00338499,0.05647999,-1.6542758,0.0,0.15617836,0.15780082,0.12424489,0.2566973,0.10721707,0.112167194,inf,inf,inf,inf,0,1,0,1,1,0,1,1,0,0,0
187660809,0,0.0,0.0,0.0,0.0,-0.81797063,4.087936e-08,-1.7096079e-07,0.0,0.0011050698,0.028359625,-0.15267444,-0.037595663,1.0219839e-05,-4.2740194e-05,0.0,-0.058386967,0.08895715,0.09262554,-1.6542939,0.0,0.15754765,0.15267444,0.12414478,0.25650376,0.107063435,0.112167284,inf,inf,inf,inf,0,1,0,1,1,0,1,1,0,0,0
187764802,0,0.0,0.0,0.0,0.0,-0.8167754,4.087936e-08,-1.7096079e-07,0.0,-0.0017064909,0.037300583,-0.14743145,-0.029458564,1.0219839e-05,-4.2740194e-05,0.0,-0.4884243,0.17932083,-0.06806111,-1.6543183,0.0,0.14393675,0.14743145,0.123127796,0.25523493,0.10639464,0.11181559,inf,inf,inf,inf,0,1,0,1,1,0,1,1,0,0,0
187869634,0,0.0,0.0,0.0,0.0,-0.8197757,4.087936e-08,-1.7096079e-07,0.0,-0.000636589,0.048553463,-0.1433694,-0.027333984,1.0219839e-05,-4.2740194e-05,0.0,-1.0320284,0.118349224,0.08117308,-1.6539986,0.0,0.13384801,0.1433694,0.1223168,0.25412464,0.105792545,0.11150949,inf,inf,inf,inf,0,1,0,1,1,0,1,1,0,0,0
187974408,0,0.0,0.0,0.0,0.0,-0.82496434,4.087936e-08,-1.7096079e-07,0.0,0.0021013978,0.060354955,-0.13977076,-0.02789302,1.0219839e-05,-4.2740194e-05,0.0,-0.8689459,-0.005924749,-0.056624472,-1.6540655,0.0,0.1285842,0.13977076,0.12162354,0.25308818,0.10522722,0.11123049,inf,inf,inf,inf,0,1,0,1,1,0,1,1,0,0,0
188075254,0,0.0,0.0,0.0,0.0,-0.82891256,4.087936e-08,-1.7096079e-07,0.0,-0.0025371686,0.07185993,-0.13866349,-0.029904554,1.0219839e-05,-4.2740194e-05,0.0,-0.12642063,0.1584247,-0.15195934,-1.6550139,0.0,0.13436002,0.13866349,0.122747645,0.25407302,0.10555983,0.111527264,inf,inf,inf,inf,0,1,0,1,1,0,1,1,0,0,0
188172057,0,0.0,0.0,0.0,0.0,-0.8286078,4.087936e-08,-1.7096079e-07,0.0,0.004651472,0.08199784,-0.13304901,-0.022819834,1.0219839e-05,-4.2740194e-05,0.0,-0.12067008,-0.06331759,0.09303719,-1.6551083,0.0,0.13668394,0.13304901,0.12327346,0.2544178,0.10558871,0.11162873,inf,inf,inf,inf,0,1,0,1,1,0,1,1,0,0,0
188276799,0,0.0,0.0,0.0,0.0,-0.8245752,4.087936e-08,-1.7096079e-07,0.0,0.0062484415,0.09483137,-0.12645158,-0.01154152,1.0219839e-05,-4.2740194e-05,0.0,0.078854725,0.14293154,0.12577505,-1.6558521,0.0,0.14585173,0.12645158,0.124083534,0.25514233,0.105678245,0.11188016,inf,inf,inf,inf,0,1,0,1,1,0,1,1,0,0,0
188372812,0,0.0,0.0,0.0,0.0,-0.81987244,4.087936e-08,-1.7096079e-07,0.0,0.0040769544,0.10569506,-0.121442094,-0.0023975198,1.0219839e-05,-4.2740194e-05,0.0,0.22105733,0.28183618,0.011453342,-1.655726,0.0,0.14075077,0.121442094,0.124341786,0.25533655,0.10545902,0.11193788,inf,inf,inf,inf,0,1,0,1,1,0,1,1,0,0,0
188477624,0,0.0,0.0,0.0,0.0,-0.8135182,4.087936e-08,-1.7096079e-07,0.0,0.006703222,0.115114994,-0.11416653,0.0094922185,1.0219839e-05,-4.2740194e-05,0.0,0.027645653,0.09217841,0.026666563,-1.6560662,0.0,0.14379072,0.11416653,0.12524258,0.25627303,0.105530836,0.112181984,inf,inf,inf,inf,0,1,0,1,1,0,1,1,0,0,0
188583244,0,0.0,0.0,0.0,0.0,-0.80637985,4.087936e-08,-1.7096079e-07,0.0,0.007271109,0.12629919,-0.108352266,0.019531742,1.0219839e-05,-4.2740194e-05,0.0,0.0015711377,0.14345543,0.0029817582,-1.656379,0.0,0.13962477,0.108352266,0.12606874,0.25717962,0.10555333,0.11240933,inf,inf,inf,inf,0,1,0,1,1,0,1,1,0,0,0
188680041,0,0.0,0.0,0.0,0.0,-0.7996886,4.087936e-08,-1.7096079e-07,0.0,0.007478286,0.13496509,-0.10189507,0.028823636,1.0219839e-05,-4.2740194e-05,0.0,0.047525965,0.047854986,-0.015456159,-1.6566713,0.0,0.13861787,0.10189507,0.12617753,0.25739446,0.10520278,0.112428226,inf,inf,inf,inf,0,1,0,1,1,0,1,1,0,0,0
188784009,0,0.0,0.0,0.0,0.0,-0.79097116,4.087936e-08,-1.7096079e-07,0.0,0.008810147,0.14471972,-0.09516553,0.038883276,1.0219839e-05,-4.2740194e-05,0.0,0.0044253194,0.13107498,0.01173367,-1.6568893,0.0,0.13271946,0.09516553,0.12679677,0.25816825,0.10511732,0.112622686,inf,inf,inf,inf,0,1,0,1,1,0,1,1,0,0,0
188885659,0,0.0,0.0,0.0,0.0,-0.7823374,4.087936e-08,-1.7096079e-07,0.0,0.00974835,0.15305768,-0.08866867,0.047379002,1.0219839e-05,-4.2740194e-05,0.0,0.029149627,0.08038604,0.03013338,-1.6572288,0.0,0.12803262,0.08866867,0.12539627,0.25683665,0.103990376,0.11222176,inf,inf,inf,inf,0,1,0,1,1,0,1,1,0,0,0
188982443,0,0.0,0.0,0.0,0.0,-0.77588564,4.087936e-08,-1.7096079e-07,0.0,0.009335185,0.16000314,-0.08333877,0.05278,1.0219839e-05,-4.2740194e-05,0.0,-0.012885642,0.14090797,-0.008449952,-1.6576096,0.0,0.13245672,0.08333877,0.12503712,0.2566151,0.10346863,0.1121802,inf,inf,inf,inf,0,1,0,1,1,0,1,1,0,0,0
189086414,0,0.0,0.0,0.0,0.0,-0.7656742,4.087936e-08,-1.7096079e-07,0.0,0.010049573,0.16644768,-0.076778084,0.06205206,1.0219839e-05,-4.2740194e-05,0.0,0.018405598,0.080307044,0.013927866,-1.6577815,0.0,0.1332801,0.076778084,0.12550637,0.25731373,0.10336965,0.11234822,inf,inf,inf,inf,0,1,0,1,1,0,1,1,0,0,0
189187229,0,0.0,0.0,0.0,0.0,-0.7523466,4.087936e-08,-1.7096079e-07,0.0,0.010869482,0.17257571,-0.06927176,0.07401829,1.0219839e-05,-4.2740194e-05,0.0,-0.025146801,0.1292322,0.017413804,-1.6580167,0.0,0.1337049,0.06927176,0.1261034,0.2581274,0.1033771,0.112543404,inf,inf,inf,inf,0,1,0,1,1,0,1,1,0,0,0
189291244,0,0.0,0.0,0.0,0.0,-0.73423445,4.087936e-08,-1.7096079e-07,0.0,0.009964095,0.17895654,-0.059746675,0.09156138,1.0219839e-05,-4.2740194e-05,0.0,0.03488715,0.10555922,0.03986875,-1.6583059,0.0,0.14733374,0.059746675,0.124630615,0.25671163,0.10235039,0.112134986,inf,inf,inf,inf,0,1,0,1,1,0,1,1,0,0,0
189388012,0,0.0,0.0,0.0,0.0,-0.7166996,4.087936e-08,-1.7096079e-07,0.0,0.010859142,0.18307786,-0.051344715,0.10673683,1.0219839e-05,-4.2740194e-05,0.0,0.032072853,0.07877531,0.040018868,-1.65846,0.0,0.13779247,0.051344715,0.12428508,0.256471,0.10196427,0.11211147,inf,inf,inf,inf,0,1,0,1,1,0,1,1,0,0,0
189492844,0,0.0,0.0,0.0,0.0,-0.69671047,4.087936e-08,-1.7096079e-07,0.0,0.01145314,0.1869204,-0.04188497,0.122677945,1.0219839e-05,-4.2740194e-05,0.0,0.0025898982,0.09699361,0.08737847,-1.6586424,0.0,0.13979429,0.04188497,0.12309853,0.2552497,0.101198986,0.11176348,inf,inf,inf,inf,0,1,0,1,1,0,1,1,0,0,0
189596816,0,0.0,0.0,0.0,0.0,-0.67620194,4.087936e-08,-1.7096079e-07,0.0,0.010956494,0.19019164,-0.032381922,0.137306,1.0219839e-05,-4.2740194e-05,0.0,0.024638884,0.12410434,0.103612356,-1.6590466,0.0,0.12989646,0.032381922,0.12385391,0.2561285,0.10145922,0.11201518,inf,inf,inf,inf,0,1,0,1,1,0,1,1,0,0,0
189693617,0,0.0,0.0,0.0,0.0,-0.65896523,4.087936e-08,-1.7096079e-07,0.0,0.010658185,0.1924663,-0.024796184,0.14654914,1.0219839e-05,-4.2740194e-05,0.0,0.026054317,0.11499615,0.069488704,-1.6592782,0.0,0.11764485,0.024796184,0.12401733,0.25635618,0.10144256,0.11207281,inf,inf,inf,inf,0,1,0,1,1,0,1,1,0,0,0
189794412,0,0.0,0.0,0.0,0.0,-0.6414781,4.087936e-08,-1.7096079e-07,0.0,0.011136556,0.19406073,-0.017497534,0.15350619,1.0219839e-05,-4.2740194e-05,0.0,-0.0069229286,0.09497883,0.03423689,-1.659522,0.0,0.115393996,0.017497534,0.122803695,0.2550907,0.100710474,0.11172684,inf,inf,inf,inf,0,1,0,1,1,0,1,1,0,0,0
189899269,0,0.0,0.0,0.0,0.0,-0.62698317,4.087936e-08,-1.7096079e-07,0.0,0.009263079,0.19695847,-0.010759973,0.15635213,1.0219839e-05,-4.2740194e-05,0.0,0.015932133,0.078064755,0.026610257,-1.6600021,0.0,0.10862124,0.010759973,0.12344405,0.25593197,0.1009154,0.11193921,inf,inf,inf,inf,0,1,0,1,1,0,1,1,0,0,0
189996815,0,0.0,0.0,0.0,0.0,-0.61474866,4.087936e-08,-1.7096079e-07,0.0,0.008810848,0.19808868,-0.0054660477,0.15701209,1.0219839e-05,-4.2740194e-05,0.0,0.012617892,0.102823436,0.053614754,-1.6603643,0.0,0.1,0.0054660477,0.12314554,0.25571635,0.10066331,0.11192879,inf,inf,inf,inf,0,1,0,1,1,0,1,1,0,0,0
190101601,0,0.0,0.0,0.0,0.0,-0.6018542,4.087936e-08,-1.7096079e-07,0.0,0.009286039,0.19925886,0.0003769659,0.15766922,1.0219839e-05,-4.2740194e-05,0.0,0.0015095569,0.10525227,0.017469844,-1.660737,0.0,0.10068637,-0.0003769659,0.12396468,0.2567305,0.10101052,0.11216862,inf,inf,inf,inf,0,1,0,1,1,0,1,1,0,0,0
190204850,0,0.0,0.0,0.0,0.0,-0.5869574,4.087936e-08,-1.7096079e-07,0.0,0.008419301,0.19939856,0.0069370903,0.16087313,1.0219839e-05,-4.2740194e-05,0.0,-0.022630744,0.080880225,0.015334162,-1.6611558,0.0,0.1,-0.0069370903,0.1245943,0.25752896,0.1012615,0.11238549,inf,inf,inf,inf,0,1,0,1,1,0,1,1,0,0,0
190301641,0,0.0,0.0,0.0,0.0,-0.5748031,4.087936e-08,-1.7096079e-07,0.0,0.0065575233,0.19914643,0.012026224,0.16103211,1.0219839e-05,-4.2740194e-05,0.0,-0.026692722,0.09571623,0.03454269,-1.6614635,0.0,0.1,-0.012026224,0.12464625,0.2577131,0.101221584,0.11240246,inf,inf,inf,inf,0,1,0,1,1,0,1,1,0,0,0
