timestamp,rollspeed,pitchspeed,yawspeed,q[0],q[1],q[2],q[3],delta_q_reset[0],delta_q_reset[1],delta_q_reset[2],delta_q_reset[3],quat_reset_counter
14179248,-0.00018932973,0.0038506202,0.0022776043,0.63614553,-0.0026167256,-0.007908131,-0.7715242,-0.98035663,-0.0026255155,-0.002538227,-0.19719897,2
14211225,-0.0027943428,-0.0026683663,0.0005209185,0.63615805,-0.0026536041,-0.007912692,-0.77151376,-0.98035663,-0.0026255155,-0.002538227,-0.19719897,2
14244025,0.00054619694,-0.0030277292,-0.0015463296,0.6359425,-0.0026533087,-0.007871593,-0.7716917,-0.98035663,-0.0026255155,-0.002538227,-0.19719897,2
14275999,-0.0014587941,0.003265968,-0.000875243,0.63564235,-0.002666985,-0.007853935,-0.7719391,-0.98035663,-0.0026255155,-0.002538227,-0.19719897,2
14308010,0.00016613165,-0.0014167246,-0.00092577515,0.6354509,-0.0026874614,-0.007833831,-0.77209693,-0.98035663,-0.0026255155,-0.002538227,-0.19719897,2
14336019,-0.0010499265,-0.0018715248,-0.0015990674,0.6352878,-0.0026806877,-0.007826691,-0.77223116,-0.98035663,-0.0026255155,-0.002538227,-0.19719897,2
14367999,-0.0004892148,0.00069389865,-0.0014148697,0.6351971,-0.0026814204,-0.007809296,-0.77230597,-0.98035663,-0.0026255155,-0.002538227,-0.19719897,2
14400016,0.0012385966,0.00040214136,7.327832e-05,0.63509095,-0.0026908072,-0.0078048506,-0.7723932,-0.98035663,-0.0026255155,-0.002538227,-0.19719897,2
14432810,-0.00040205708,-0.0010234141,-0.0020372893,0.6351479,-0.0026816619,-0.007788636,-0.77234656,-0.98035663,-0.0026255155,-0.002538227,-0.19719897,2
14464837,-0.0005454159,0.0006692312,-0.0026957716,0.6349368,-0.0026840044,-0.0077781347,-0.7725203,-0.98035663,-0.0026255155,-0.002538227,-0.19719897,2
14496815,0.0009516608,0.0015273108,-0.0023125217,0.6346943,-0.002695222,-0.007762734,-0.7727197,-0.98035663,-0.0026255155,-0.002538227,-0.19719897,2
14528806,0.00010355562,-0.0025189435,-0.0021053571,0.634503,-0.0027161129,-0.007758829,-0.77287674,-0.98035663,-0.0026255155,-0.002538227,-0.19719897,2
14560807,-0.0014832872,-0.00039060134,-0.0022883257,0.6344234,-0.0027101259,-0.0077470457,-0.7729422,-0.98035663,-0.0026255155,-0.002538227,-0.19719897,2
14593630,0.00037676515,0.00081423717,-0.0006514813,0.6344453,-0.0027223208,-0.0077439593,-0.7729243,-0.98035663,-0.0026255155,-0.002538227,-0.19719897,2
14625622,-0.00026992057,-0.0010021357,-0.00077193044,0.63454556,-0.002726162,-0.0077354154,-0.772842,-0.98035663,-0.0026255155,-0.002538227,-0.19719897,2
14657601,-0.0002987422,0.00014556851,-0.0016281605,0.6347872,-0.0027144256,-0.007732526,-0.7726435,-0.98035663,-0.0026255155,-0.002538227,-0.19719897,2
14689623,-6.3529704e-05,0.00058907364,-0.00061940076,0.6351342,-0.0027102886,-0.007735191,-0.7723583,-0.98035663,-0.0026255155,-0.002538227,-0.19719897,2
14717611,0.00047744275,-0.00046649808,-0.00026056636,0.6353533,-0.0027024178,-0.007729658,-0.7721782,-0.98035663,-0.0026255155,-0.002538227,-0.19719897,2
14750419,-0.0015147643,-0.00041017588,-0.0028881181,0.63542,-0.0027030369,-0.007710932,-0.7721235,-0.98035663,-0.0026255155,-0.002538227,-0.19719897,2
14782466,-0.0013725216,0.0006770431,-0.002224242,0.63551414,-0.0027047445,-0.0077102613,-0.772046,-0.98035663,-0.0026255155,-0.002538227,-0.19719897,2
14814403,-0.00041385042,0.0004632892,-0.0019039253,0.63561285,-0.0027273893,-0.0077081583,-0.7719647,-0.98035663,-0.0026255155,-0.002538227,-0.19719897,2
14846455,-5.4714736e-05,-0.0010100715,-0.0006975699,0.6357875,-0.0027144894,-0.0076964837,-0.771821,-0.98035663,-0.0026255155,-0.002538227,-0.19719897,2
14878414,0.00016658125,0.0017642695,-0.0005102614,0.636022,-0.002700553,-0.0077012167,-0.7716279,-0.98035663,-0.0026255155,-0.002538227,-0.19719897,2
14908024,0.00017966842,-5.756272e-05,-0.0008130702,0.63631845,-0.0026856705,-0.007712015,-0.7713832,-0.98035663,-0.0026255155,-0.002538227,-0.19719897,2
14940003,5.346234e-05,-0.0007900889,-0.000977638,0.636625,-0.00267516,-0.007711199,-0.77113044,-0.98035663,-0.0026255155,-0.002538227,-0.19719897,2
14971999,-0.00038332422,0.00069210166,-0.0009980935,0.63677055,-0.0026726152,-0.0077117975,-0.7710102,-0.98035663,-0.0026255155,-0.002538227,-0.19719897,2
15004018,-7.7904435e-05,0.00079114083,-0.0011110152,0.63682306,-0.0026768548,-0.007697733,-0.77096695,-0.98035663,-0.0026255155,-0.002538227,-0.19719897,2
15036029,-0.00034453953,-0.0022647474,0.00037260493,0.6369757,-0.0026631067,-0.007690377,-0.77084094,-0.98035663,-0.0026255155,-0.002538227,-0.19719897,2
15064841,3.8401457e-05,-0.00037215697,-0.0011584086,0.6370646,-0.0026581297,-0.007685947,-0.7707677,-0.98035663,-0.0026255155,-0.002538227,-0.19719897,2
15096800,-0.0014664058,-0.0009142067,-0.0017877771,0.6372209,-0.002660118,-0.007674283,-0.77063847,-0.98035663,-0.0026255155,-0.002538227,-0.19719897,2
15129610,0.0005638569,-0.000700118,-0.0015857453,0.6372608,-0.0026497566,-0.0076742773,-0.7706055,-0.98035663,-0.0026255155,-0.002538227,-0.19719897,2
15159253,0.0004004934,0.0012494954,-0.00041385693,0.63735616,-0.0026462146,-0.0076724114,-0.77052665,-0.98035663,-0.0026255155,-0.002538227,-0.19719897,2
15191244,-7.666065e-05,-0.0010199281,-0.0020208955,0.63731724,-0.0026494844,-0.0076706265,-0.7705589,-0.98035663,-0.0026255155,-0.002538227,-0.19719897,2
15223218,-0.0013583786,-0.0008093477,-0.0025534146,0.6371135,-0.0026559294,-0.007669596,-0.7707272,-0.98035663,-0.0026255155,-0.002538227,-0.19719897,2
15255204,0.0009162077,-0.0007762951,-0.0008769301,0.6368213,-0.0026564898,-0.0076609827,-0.77096885,-0.98035663,-0.0026255155,-0.002538227,-0.19719897,2
15287204,-0.0006790841,0.0014547217,-0.00096119056,0.6366175,-0.002643143,-0.007665472,-0.7711371,-0.98035663,-0.0026255155,-0.002538227,-0.19719897,2
15316023,-0.0008167336,-0.0011180621,-0.0027088067,0.63634634,-0.0026492502,-0.007659901,-0.771361,-0.98035663,-0.0026255155,-0.002538227,-0.19719897,2
15348009,8.277246e-05,-0.0010949834,-0.0014929741,0.6361294,-0.0026498295,-0.0076610753,-0.77153987,-0.98035663,-0.0026255155,-0.002538227,-0.19719897,2
15380087,0.0017303932,0.0012759613,0.00017556967,0.63599527,-0.0026396844,-0.007662932,-0.7716505,-0.98035663,-0.0026255155,-0.002538227,-0.19719897,2
15412009,0.000102588674,-0.0016220589,-0.0012678774,0.6360002,-0.002625686,-0.0076826504,-0.77164614,-0.98035663,-0.0026255155,-0.002538227,-0.19719897,2
15444001,0.00044283224,-0.0019474807,-0.0010720857,0.6360052,-0.0026003101,-0.0076947096,-0.7716421,-0.98035663,-0.0026255155,-0.002538227,-0.19719897,2
15476846,0.00012497418,0.00029533776,-0.0010648596,0.63616717,-0.0025955,-0.007712913,-0.77150834,-0.98035663,-0.0026255155,-0.002538227,-0.19719897,2
15504799,-0.00026008068,-0.00032179756,0.00027776277,0.6363826,-0.002580486,-0.007730727,-0.77133054,-0.98035663,-0.0026255155,-0.002538227,-0.19719897,2
15536816,-0.00063223345,0.00059492653,-0.0017379471,0.6367043,-0.0025457772,-0.007745107,-0.771065,-0.98035663,-0.0026255155,-0.002538227,-0.19719897,2
15569614,-0.0002728654,-0.00023987237,-0.0008000827,0.6369959,-0.0025247412,-0.0077654948,-0.77082396,-0.98035663,-0.0026255155,-0.002538227,-0.19719897,2
15602414,7.1774935e-05,-0.00036182022,-0.0017014132,0.63727665,-0.0025052393,-0.00778155,-0.77059174,-0.98035663,-0.0026255155,-0.002538227,-0.19719897,2
15634424,-0.00014712033,0.0008219648,-0.0008968634,0.63763165,-0.0024806808,-0.007798286,-0.77029806,-0.98035663,-0.0026255155,-0.002538227,-0.19719897,2
15662436,0.00047825067,0.00038897712,-0.0016367726,0.6379712,-0.002455964,-0.007813603,-0.7700167,-0.98035663,-0.0026255155,-0.002538227,-0.19719897,2
15694441,-0.000103526516,-0.00031902827,0.0002019417,0.63820845,-0.002431504,-0.007846116,-0.7698198,-0.98035663,-0.0026255155,-0.002538227,-0.19719897,2
15726403,-0.00053885486,2.2943132e-06,0.00022731302,0.63843983,-0.002411322,-0.007868873,-0.7696277,-0.98035663,-0.0026255155,-0.002538227,-0.19719897,2
15758403,-0.00045359542,0.00040573673,-0.00089609367,0.63870025,-0.0023860543,-0.0078843385,-0.7694116,-0.98035663,-0.0026255155,-0.002538227,-0.19719897,2
15791228,0.0004989689,-0.0007531876,-0.00066034356,0.6388852,-0.002380922,-0.007905545,-0.76925784,-0.98035663,-0.0026255155,-0.002538227,-0.19719897,2
15820022,-0.00090414414,-0.00034413813,-0.0011168241,0.6390193,-0.0023712341,-0.007918035,-0.7691463,-0.98035663,-0.0026255155,-0.002538227,-0.19719897,2
15852024,-0.0017255406,-0.00011816062,-0.00045276154,0.6390946,-0.0023595046,-0.007929531,-0.76908374,-0.98035663,-0.0026255155,-0.002538227,-0.19719897,2
15884022,-0.0004567235,-0.00034536794,-0.0011630941,0.63922,-0.002359627,-0.007948842,-0.76897925,-0.98035663,-0.0026255155,-0.002538227,-0.19719897,2
15916801,-0.00071813795,-0.002123307,0.00047197752,0.63936466,-0.0023537306,-0.007970948,-0.76885885,-0.98035663,-0.0026255155,-0.002538227,-0.19719897,2
15948816,0.00075339945,-0.00086170156,-0.0005227728,0.639483,-0.0023526095,-0.008006444,-0.76875997,-0.98035663,-0.0026255155,-0.002538227,-0.19719897,2
15980800,-0.0011909445,-0.0003429819,-0.00096248975,0.63956285,-0.0023449154,-0.008017946,-0.76869345,-0.98035663,-0.0026255155,-0.002538227,-0.19719897,2
16012815,-0.00020167348,-0.0010705981,-0.0004847718,0.6396884,-0.0023323821,-0.00803593,-0.7685888,-0.98035663,-0.0026255155,-0.002538227,-0.19719897,2
16044824,-0.0010422803,-0.0003194823,2.4342444e-05,0.6397772,-0.0023389584,-0.008052606,-0.7685148,-0.98035663,-0.0026255155,-0.002538227,-0.19719897,2
16077649,9.16156e-05,0.0007523382,-3.2121083e-05,0.63985646,-0.002325124,-0.008064967,-0.76844865,-0.98035663,-0.0026255155,-0.002538227,-0.19719897,2
16109601,-7.905997e-06,-0.0006722682,-0.0018159354,0.6398779,-0.0023235856,-0.008073064,-0.7684307,-0.98035663,-0.0026255155,-0.002538227,-0.19719897,2
16141629,-0.00104586,0.0006171251,-0.0008874382,0.64007807,-0.0023152502,-0.0080719385,-0.768264,-0.98035663,-0.0026255155,-0.002538227,-0.19719897,2
16173617,-0.001232701,-0.00022572046,-0.00026681507,0.6403631,-0.002312417,-0.008073489,-0.7680265,-0.98035663,-0.0026255155,-0.002538227,-0.19719897,2
16201648,4.0422892e-05,-0.0005517253,-0.00031180237,0.6406372,-0.0023050432,-0.008081424,-0.7677978,-0.98035663,-0.0026255155,-0.002538227,-0.19719897,2
16233609,0.0008861185,0.0010339604,-0.00074534584,0.64102036,-0.0022904724,-0.008091469,-0.76747787,-0.98035663,-0.0026255155,-0.002538227,-0.19719897,2
16266444,-0.0008028224,-0.0013911524,-3.000116e-05,0.6414405,-0.002267405,-0.00810633,-0.7671266,-0.98035663,-0.0026255155,-0.002538227,-0.19719897,2
16298443,-0.00027687312,0.00019497564,-0.00022725319,0.6418268,-0.002252888,-0.00812682,-0.76680326,-0.98035663,-0.0026255155,-0.002538227,-0.19719897,2
16330492,-0.00025671662,-0.0009626094,0.00052193925,0.64229524,-0.002247661,-0.00814382,-0.76641077,-0.98035663,-0.0026255155,-0.002538227,-0.19719897,2
16362406,-0.0012226372,8.921791e-05,0.0005767485,0.64268166,-0.0022428867,-0.008155886,-0.76608664,-0.98035663,-0.0026255155,-0.002538227,-0.19719897,2
16390407,-0.0011593485,-0.0007804693,-0.00088301813,0.6429558,-0.0022330224,-0.008150154,-0.7658568,-0.98035663,-0.0026255155,-0.002538227,-0.19719897,2
16423202,-0.0009215879,0.00072252983,-0.0005067277,0.6432294,-0.0022266319,-0.008156626,-0.76562685,-0.98035663,-0.0026255155,-0.002538227,-0.19719897,2
16455238,0.00032180804,0.0005587549,0.0019523972,0.64352435,-0.0022227487,-0.0081705395,-0.7653789,-0.98035663,-0.0026255155,-0.002538227,-0.19719897,2
16487239,-0.00024978828,-0.00042922795,0.0008555909,0.6438626,-0.0022084285,-0.008178904,-0.7650942,-0.98035663,-0.0026255155,-0.002538227,-0.19719897,2
16519273,-0.0017575375,-0.0011774055,0.0006168848,0.64418906,-0.002207251,-0.008181353,-0.7648195,-0.98035663,-0.0026255155,-0.002538227,-0.19719897,2
16551251,-0.0006757624,-0.0012855455,0.0008859043,0.644479,-0.002213832,-0.008182098,-0.7645752,-0.98035663,-0.0026255155,-0.002538227,-0.19719897,2
16583267,-0.00042945414,0.00023635756,0.0017147032,0.6446826,-0.0022050105,-0.008183334,-0.7644034,-0.98035663,-0.0026255155,-0.002538227,-0.19719897,2
16616051,-6.7200046e-05,0.0007204758,-0.0005537078,0.64468396,-0.002198813,-0.008176027,-0.76440245,-0.98035663,-0.0026255155,-0.002538227,-0.19719897,2
16648056,0.00079197506,0.00020219525,0.00020280085,0.6447056,-0.0021965494,-0.008186661,-0.76438403,-0.98035663,-0.0026255155,-0.002538227,-0.19719897,2
16680024,-0.00014640647,0.00020685373,0.00036000833,0.64476156,-0.0021930689,-0.008190457,-0.7643368,-0.98035663,-0.0026255155,-0.002538227,-0.19719897,2
16712005,0.00056798547,-0.0010975385,-0.0005783688,0.6447415,-0.0021974102,-0.008207156,-0.7643535,-0.98035663,-0.0026255155,-0.002538227,-0.19719897,2
16744053,-0.00013754726,0.0017987797,0.00062778965,0.6448024,-0.0021870339,-0.008208344,-0.7643021,-0.98035663,-0.0026255155,-0.002538227,-0.19719897,2
16772835,0.00087427394,-0.0006750324,-0.0011768967,0.6447473,-0.0021804343,-0.008208094,-0.7643487,-0.98035663,-0.0026255155,-0.002538227,-0.19719897,2
16804974,-0.0002461872,0.000733776,0.00043488736,0.6447301,-0.002194487,-0.008211757,-0.764363,-0.98035663,-0.0026255155,-0.002538227,-0.19719897,2
16836812,-0.0010922718,-0.0014008684,0.00035831868,0.64482206,-0.0021981895,-0.008220981,-0.7642853,-0.98035663,-0.0026255155,-0.002538227,-0.19719897,2
16868836,-0.0022087095,0.0020328187,0.001860037,0.6450186,-0.0021888157,-0.008206843,-0.7641197,-0.98035663,-0.0026255155,-0.002538227,-0.19719897,2
16900863,-5.507376e-05,-5.238317e-05,-0.00097207597,0.64522403,-0.002178691,-0.008211248,-0.76394624,-0.98035663,-0.0026255155,-0.002538227,-0.19719897,2
16928808,-0.00071752246,0.00011537131,0.0017266858,0.64549553,-0.0021623685,-0.00824014,-0.7637165,-0.98035663,-0.0026255155,-0.002538227,-0.19719897,2
16961617,0.0008708129,-0.0009529856,0.0017598083,0.6458416,-0.0021660859,-0.00825638,-0.76342374,-0.98035663,-0.0026255155,-0.002538227,-0.19719897,2
16993637,0.0016113529,-0.0004339288,0.0012953976,0.64630586,-0.0021342323,-0.008266953,-0.76303077,-0.98035663,-0.0026255155,-0.002538227,-0.19719897,2
17025627,0.00076283026,0.0025559487,0.0016036056,0.64670295,-0.0021059182,-0.0082783755,-0.7626941,-0.98035663,-0.0026255155,-0.002538227,-0.19719897,2
17057654,-0.001146965,-0.0018204162,0.0013741304,0.6471765,-0.0021071748,-0.008295373,-0.7622922,-0.98035663,-0.0026255155,-0.002538227,-0.19719897,2
17089608,0.00045647915,0.00084897736,0.0018905503,0.64771396,-0.0020691687,-0.008312605,-0.7618356,-0.98035663,-0.0026255155,-0.002538227,-0.19719897,2
17118418,-0.000884005,-0.00020898739,0.0024932404,0.6482558,-0.002051027,-0.008327771,-0.7613744,-0.98035663,-0.0026255155,-0.002538227,-0.19719897,2
17150414,-0.0004789175,-0.00021521095,0.002091125,0.6488594,-0.0020306108,-0.008333992,-0.76086,-0.98035663,-0.0026255155,-0.002538227,-0.19719897,2
17182405,0.0011590831,-0.00014860881,-0.0002452805,0.64954567,-0.002003035,-0.008352549,-0.76027405,-0.98035663,-0.0026255155,-0.002538227,-0.19719897,2
17214419,-0.0017778926,0.0003018435,0.0013566032,0.6501613,-0.0019832735,-0.008344757,-0.75974774,-0.98035663,-0.0026255155,-0.002538227,-0.19719897,2
17246415,0.0005397957,0.00093139056,0.00076344225,0.6507534,-0.0019346752,-0.008347216,-0.75924087,-0.98035663,-0.0026255155,-0.002538227,-0.19719897,2
17279257,0.00020566024,-0.0006534201,0.0003701899,0.65109295,-0.0019350516,-0.008355536,-0.75894964,-0.98035663,-0.0026255155,-0.002538227,-0.19719897,2
17311257,-0.00010162289,-0.00086698495,0.0008070229,0.6512746,-0.0019149483,-0.008358842,-0.7587938,-0.98035663,-0.0026255155,-0.002538227,-0.19719897,2
17339246,0.00011371332,-0.00011777179,0.0011466692,0.6513985,-0.0019280005,-0.008361403,-0.7586874,-0.98035663,-0.0026255155,-0.002538227,-0.19719897,2
17371252,-0.0006075575,-0.0007510069,0.0013377798,0.6515496,-0.0019113539,-0.008364787,-0.7585576,-0.98035663,-0.0026255155,-0.002538227,-0.19719897,2
17403232,0.00037822104,0.0004353528,0.0024031554,0.6516486,-0.0018917144,-0.008378466,-0.7584725,-0.98035663,-0.0026255155,-0.002538227,-0.19719897,2
17435999,0.0006938132,-0.00031250296,0.0023330436,0.6517764,-0.0018903473,-0.00838166,-0.75836253,-0.98035663,-0.0026255155,-0.002538227,-0.19719897,2
17468019,-0.0012423815,-0.0017055287,0.0016512636,0.6518516,-0.0018839786,-0.008383847,-0.7582979,-0.98035663,-0.0026255155,-0.002538227,-0.19719897,2
17500028,0.00025374093,0.0006358903,0.001491478,0.65197265,-0.0018865651,-0.008386862,-0.7581938,-0.98035663,-0.0026255155,-0.002538227,-0.19719897,2
17532011,0.00025025615,-0.0010715066,0.0015697115,0.65203327,-0.0018665501,-0.008382503,-0.7581418,-0.98035663,-0.0026255155,-0.002538227,-0.19719897,2
17564024,-0.0012177275,0.00086138165,0.0021880595,0.6520664,-0.0018648796,-0.008380246,-0.7581133,-0.98035663,-0.0026255155,-0.002538227,-0.19719897,2
17595999,0.00045084115,-0.001401179,0.001059416,0.65207523,-0.0018708119,-0.008392274,-0.7581056,-0.98035663,-0.0026255155,-0.002538227,-0.19719897,2
17628804,-0.0013150144,-0.0003098799,0.0021205498,0.65212566,-0.00186898,-0.008391065,-0.7580621,-0.98035663,-0.0026255155,-0.002538227,-0.19719897,2
17660851,0.00048110052,0.0025510774,0.0016833105,0.6521609,-0.0018580372,-0.00838437,-0.75803196,-0.98035663,-0.0026255155,-0.002538227,-0.19719897,2
17692818,-0.0009122265,-0.00032544695,0.0015222426,0.6522668,-0.0018484965,-0.00838593,-0.7579409,-0.98035663,-0.0026255155,-0.002538227,-0.19719897,2
17724803,0.0014827831,-0.0006124247,0.0031965477,0.6523026,-0.0018438967,-0.00838948,-0.75790995,-0.98035663,-0.0026255155,-0.002538227,-0.19719897,2
17756825,-0.0003577827,0.001685021,0.0010932592,0.6524028,-0.0018329442,-0.008405526,-0.7578235,-0.98035663,-0.0026255155,-0.002538227,-0.19719897,2
17789603,0.0009575257,-9.707082e-05,0.002190338,0.6525999,-0.001803371,-0.008418264,-0.75765395,-0.98035663,-0.0026255155,-0.002538227,-0.19719897,2
17821599,1.2526871e-05,-0.0010468946,0.0024735064,0.6528516,-0.0017843264,-0.008446753,-0.7574367,-0.98035663,-0.0026255155,-0.002538227,-0.19719897,2
17853636,-0.0006405015,0.0005195453,0.0016004506,0.6531516,-0.0017807146,-0.008467283,-0.7571779,-0.98035663,-0.0026255155,-0.002538227,-0.19719897,2
17881606,0.001376425,0.001156914,0.0014010794,0.6534378,-0.0017415824,-0.008487035,-0.7569307,-0.98035663,-0.0026255155,-0.002538227,-0.19719897,2
17913625,-0.0012788362,0.0009456035,0.0017143096,0.6538071,-0.0017115927,-0.008488307,-0.7566117,-0.98035663,-0.0026255155,-0.002538227,-0.19719897,2
17946420,0.0015011989,0.00038297568,0.0018226982,0.6541833,-0.001676851,-0.008508866,-0.7562864,-0.98035663,-0.0026255155,-0.002538227,-0.19719897,2
17978410,-0.00053605495,0.0009616255,0.0020511518,0.65443397,-0.0016683771,-0.00852441,-0.7560693,-0.98035663,-0.0026255155,-0.002538227,-0.19719897,2
18010417,0.0005309457,0.00012117205,0.0024516254,0.6545377,-0.0016603293,-0.008540549,-0.75597936,-0.98035663,-0.0026255155,-0.002538227,-0.19719897,2
18042419,-0.00031833746,0.00032728445,0.002212802,0.6546044,-0.0016388802,-0.008538282,-0.75592166,-0.98035663,-0.0026255155,-0.002538227,-0.19719897,2
18070419,7.796148e-05,-0.0001154989,0.001105215,0.6546336,-0.0016426101,-0.008551001,-0.7558962,-0.98035663,-0.0026255155,-0.002538227,-0.19719897,2
18102451,-0.0008620538,0.0016960413,0.0017409167,0.6546704,-0.0016246791,-0.00854924,-0.7558644,-0.98035663,-0.0026255155,-0.002538227,-0.19719897,2
18135237,0.0005078255,0.0015864586,0.0011745282,0.654718,-0.0016147798,-0.008550949,-0.7558232,-0.98035663,-0.0026255155,-0.002538227,-0.19719897,2
18167246,-1.1524884e-05,-0.0016008704,0.0017137423,0.65476996,-0.0016176832,-0.008553844,-0.7557782,-0.98035663,-0.0026255155,-0.002538227,-0.19719897,2
18200010,-0.0004892965,-0.00018289639,0.0038796216,0.6549268,-0.0016160314,-0.008561412,-0.75564224,-0.98035663,-0.0026255155,-0.002538227,-0.19719897,2
18232005,-0.0005353623,0.0013693939,0.0014564047,0.6551107,-0.0016076108,-0.008565022,-0.7554827,-0.98035663,-0.0026255155,-0.002538227,-0.19719897,2
18264848,0.00018402329,0.0010441905,0.0012359943,0.65526265,-0.0015935212,-0.008571142,-0.75535095,-0.98035663,-0.0026255155,-0.002538227,-0.19719897,2
18296843,0.00011141447,0.00010953285,0.002134462,0.655417,-0.001585121,-0.008577113,-0.75521696,-0.98035663,-0.0026255155,-0.002538227,-0.19719897,2
18328803,0.00031929254,0.00010733027,0.001748956,0.6554916,-0.0015820072,-0.008579998,-0.7551521,-0.98035663,-0.0026255155,-0.002538227,-0.19719897,2
18357679,0.0005558403,0.0018251082,0.002394697,0.65555733,-0.00157568,-0.0085774725,-0.75509506,-0.98035663,-0.0026255155,-0.002538227,-0.19719897,2
18390406,0.0010665499,0.00074919825,0.001739382,0.6556375,-0.0015611008,-0.00857817,-0.75502545,-0.98035663,-0.0026255155,-0.002538227,-0.19719897,2
18422428,-0.0006090475,-0.000298894,0.0024554916,0.65572125,-0.0015558052,-0.008571301,-0.75495285,-0.98035663,-0.0026255155,-0.002538227,-0.19719897,2
18455261,2.2142194e-07,-0.0010493891,0.0022577883,0.6558079,-0.0015555156,-0.008572427,-0.75487757,-0.98035663,-0.0026255155,-0.002538227,-0.19719897,2
18487265,-0.00051531545,-0.0006222967,0.0022991674,0.6558878,-0.0015537261,-0.00857107,-0.75480825,-0.98035663,-0.0026255155,-0.002538227,-0.19719897,2
18516008,0.00029535568,0.0009550676,0.0010103786,0.655891,-0.001547425,-0.008570671,-0.7548055,-0.98035663,-0.0026255155,-0.002538227,-0.19719897,2
18548009,-0.0005499852,-7.441733e-06,0.00107838,0.65596074,-0.0015384011,-0.008562705,-0.7547449,-0.98035663,-0.0026255155,-0.002538227,-0.19719897,2
18580016,0.0013984562,0.00054832036,0.0019013542,0.6560621,-0.0015220323,-0.008572266,-0.7546566,-0.98035663,-0.0026255155,-0.002538227,-0.19719897,2
18612828,0.00074488414,0.00043383706,0.0015238607,0.65619695,-0.0015144424,-0.008573802,-0.7545395,-0.98035663,-0.0026255155,-0.002538227,-0.19719897,2
18641616,-1.3920944e-06,0.0007641115,0.0020279714,0.6563295,-0.0015065745,-0.008568836,-0.7544242,-0.98035663,-0.0026255155,-0.002538227,-0.19719897,2
18673656,-0.0009387289,-0.0002772943,0.0025704177,0.6563091,-0.001504424,-0.008562567,-0.7544421,-0.98035663,-0.0026255155,-0.002538227,-0.19719897,2
18705601,-0.0006804849,0.0006413297,0.00064299547,0.65620226,-0.0015107316,-0.008550935,-0.7545352,-0.98035663,-0.0026255155,-0.002538227,-0.19719897,2
18738430,0.0007425642,0.0009827195,0.0018767946,0.65609795,-0.0014999732,-0.008538755,-0.7546261,-0.98035663,-0.0026255155,-0.002538227,-0.19719897,2
18767239,0.0010645229,0.00024245447,0.0020199846,0.65594184,-0.0015064166,-0.008530787,-0.75476176,-0.98035663,-0.0026255155,-0.002538227,-0.19719897,2
18799271,-0.0004299886,0.0007689339,0.0015634203,0.65577435,-0.0015088776,-0.008533224,-0.7549073,-0.98035663,-0.0026255155,-0.002538227,-0.19719897,2
18831203,0.0010583054,-7.669721e-05,0.0014730509,0.6555728,-0.0015089106,-0.0085289925,-0.7550824,-0.98035663,-0.0026255155,-0.002538227,-0.19719897,2
18863206,0.0017004337,0.0009929701,0.0016943333,0.65543056,-0.0015060076,-0.008525416,-0.75520587,-0.98035663,-0.0026255155,-0.002538227,-0.19719897,2
18895225,0.00087576755,-0.0021969662,0.0022567017,0.6554306,-0.0015096683,-0.00853631,-0.75520575,-0.98035663,-0.0026255155,-0.002538227,-0.19719897,2
18924804,0.0015500914,8.420041e-05,0.002961446,0.65550274,-0.0015134929,-0.008541933,-0.7551431,-0.98035663,-0.0026255155,-0.002538227,-0.19719897,2
18956826,-0.0006240234,-0.00027599558,0.0024616276,0.65560055,-0.0015032633,-0.008534971,-0.75505817,-0.98035663,-0.0026255155,-0.002538227,-0.19719897,2
18988810,-0.0007349424,0.00035206508,0.0021191621,0.6557104,-0.0015011027,-0.008529393,-0.7549629,-0.98035663,-0.0026255155,-0.002538227,-0.19719897,2
19020865,-0.0002961913,-0.00080404803,0.0030137843,0.6557981,-0.001496563,-0.008529516,-0.7548867,-0.98035663,-0.0026255155,-0.002538227,-0.19719897,2
19052821,-0.00092147465,-0.0008083768,0.0027690213,0.6559298,-0.0014986424,-0.008527375,-0.7547722,-0.98035663,-0.0026255155,-0.002538227,-0.19719897,2
19085623,-0.0003001237,0.00045945263,0.0022915034,0.65606415,-0.0014954442,-0.008531239,-0.75465554,-0.98035663,-0.0026255155,-0.002538227,-0.19719897,2
19113622,0.00040888472,-0.0011508744,0.0009571721,0.65614265,-0.0014868416,-0.008533444,-0.75458723,-0.98035663,-0.0026255155,-0.002538227,-0.19719897,2
19145627,0.00045070832,-0.00047804415,0.002836141,0.6562304,-0.0014807506,-0.008531865,-0.754511,-0.98035663,-0.0026255155,-0.002538227,-0.19719897,2
19177602,0.0006433099,-0.00028570602,0.0019778442,0.6563545,-0.0014718405,-0.008527574,-0.754403,-0.98035663,-0.0026255155,-0.002538227,-0.19719897,2
19209649,-0.00087194063,0.0015001334,0.00088908355,0.6564778,-0.0014559017,-0.00852337,-0.75429577,-0.98035663,-0.0026255155,-0.002538227,-0.19719897,2
19242436,-0.0012348929,0.00015765941,0.0031697913,0.65663195,-0.0014463101,-0.008515978,-0.75416183,-0.98035663,-0.0026255155,-0.002538227,-0.19719897,2
19274439,-0.00062484946,0.0019522961,0.0024772035,0.6567405,-0.0014398493,-0.008505483,-0.75406736,-0.98035663,-0.0026255155,-0.002538227,-0.19719897,2
19302413,-0.0057958057,-0.015018386,0.15803428,0.6573314,-0.0014812781,-0.008497847,-0.7535523,-0.98035663,-0.0026255155,-0.002538227,-0.19719897,2
19334418,0.01693804,0.0011185613,-0.3433046,0.6561325,-0.0013761218,-0.008561531,-0.7545959,-0.98035663,-0.0026255155,-0.002538227,-0.19719897,2
19366445,0.008198999,0.03960457,0.010942201,0.6566095,-0.0015143341,-0.0085891215,-0.7541803,-0.98035663,-0.0026255155,-0.002538227,-0.19719897,2
19399275,-0.012764539,-0.0024239193,-0.034230113,0.65688,-0.0013858874,-0.00847829,-0.7539463,-0.98035663,-0.0026255155,-0.002538227,-0.19719897,2
19431212,0.0052754227,-0.01135668,-0.0038289595,0.65631336,-0.0016328344,-0.008644058,-0.7544372,-0.98035663,-0.0026255155,-0.002538227,-0.19719897,2
19463236,0.004596771,0.0019836552,-0.02754109,0.65605205,-0.0014772178,-0.008555642,-0.75466573,-0.98035663,-0.0026255155,-0.002538227,-0.19719897,2
19495256,-0.005762945,-0.00018255832,-0.01561084,0.6560076,-0.0016147563,-0.008589146,-0.7547037,-0.98035663,-0.0026255155,-0.002538227,-0.19719897,2
19523266,0.006407207,0.008766384,-0.16075855,0.6555182,-0.0015025092,-0.008542039,-0.7551297,-0.98035663,-0.0026255155,-0.002538227,-0.19719897,2
19555238,0.0017813237,0.00097614294,0.08220292,0.6553384,-0.001568774,-0.008531301,-0.7552856,-0.98035663,-0.0026255155,-0.002538227,-0.19719897,2
19587999,0.0005405905,0.014947634,-0.07753915,0.65512365,-0.0015184295,-0.008513986,-0.75547224,-0.98035663,-0.0026255155,-0.002538227,-0.19719897,2
19620015,-0.012106953,-0.0034370485,0.061902784,0.65520835,-0.0015557237,-0.008521563,-0.7553986,-0.98035663,-0.0026255155,-0.002538227,-0.19719897,2
19651999,-0.004251831,-0.003468989,-0.018461166,0.65518034,-0.0015563163,-0.008519057,-0.755423,-0.98035663,-0.0026255155,-0.002538227,-0.19719897,2
19684019,-0.01560388,-0.0073161237,0.09302897,0.65540993,-0.0015704089,-0.008513293,-0.75522375,-0.98035663,-0.0026255155,-0.002538227,-0.19719897,2
19716029,0.005345188,-0.00848771,-0.030043295,0.655416,-0.0016124708,-0.008525643,-0.7552183,-0.98035663,-0.0026255155,-0.002538227,-0.19719897,2
19748803,-0.0013006625,0.013019632,-0.051734198,0.65546453,-0.0015833902,-0.008502234,-0.75517654,-0.98035663,-0.0026255155,-0.002538227,-0.19719897,2
19780801,-0.01140164,-0.0021035853,0.06057208,0.6556117,-0.0015944069,-0.008519414,-0.7550486,-0.98035663,-0.0026255155,-0.002538227,-0.19719897,2
19812825,0.01868057,-0.012045085,-0.0065173954,0.6555622,-0.0015711039,-0.008519733,-0.7550914,-0.98035663,-0.0026255155,-0.002538227,-0.19719897,2
19844799,0.012827592,0.008914776,-0.0121927345,0.6556406,-0.0015320012,-0.008520465,-0.75502354,-0.98035663,-0.0026255155,-0.002538227,-0.19719897,2
19876809,-0.034111325,-0.00768896,0.042689998,0.65565634,-0.0015746893,-0.008484048,-0.75501025,-0.98035663,-0.0026255155,-0.002538227,-0.19719897,2
19908820,0.010741429,-0.00037388597,0.040030412,0.6556103,-0.0015295593,-0.008514073,-0.75504994,-0.98035663,-0.0026255155,-0.002538227,-0.19719897,2
19941608,-0.006957289,-0.009050305,0.080949396,0.65554255,-0.0015600376,-0.008499287,-0.7551089,-0.98035663,-0.0026255155,-0.002538227,-0.19719897,2
19973634,-0.0034577525,0.02036358,-0.15980202,0.6553539,-0.0015273353,-0.00848941,-0.75527275,-0.98035663,-0.0026255155,-0.002538227,-0.19719897,2
20005658,-0.0026141845,-0.009198284,0.088944085,0.6556402,-0.0015624547,-0.008532947,-0.7550237,-0.98035663,-0.0026255155,-0.002538227,-0.19719897,2
20037617,-0.00062919606,0.0033026678,0.011448306,0.65551937,-0.0015316427,-0.008518348,-0.75512874,-0.98035663,-0.0026255155,-0.002538227,-0.19719897,2
20069601,-0.002395518,-0.008478342,0.034649838,0.6557634,-0.0015738524,-0.008525115,-0.7549167,-0.98035663,-0.0026255155,-0.002538227,-0.19719897,2
20102418,-0.00065339415,-0.0019506458,-0.017489895,0.6557051,-0.0015617143,-0.008521938,-0.7549674,-0.98035663,-0.0026255155,-0.002538227,-0.19719897,2
20134411,-0.013992804,-0.0058154184,0.034945156,0.6556832,-0.0015881653,-0.0085000545,-0.75498664,-0.98035663,-0.0026255155,-0.002538227,-0.19719897,2
20166415,0.002752806,-0.011351839,0.02352635,0.6554336,-0.0015238649,-0.008491767,-0.7552036,-0.98035663,-0.0026255155,-0.002538227,-0.19719897,2
20198428,0.007663478,0.009638354,0.0079010315,0.65550023,-0.0015221273,-0.008503905,-0.7551455,-0.98035663,-0.0026255155,-0.002538227,-0.19719897,2
20226440,0.0033396245,-0.018985769,0.06794273,0.6555707,-0.0016282315,-0.008517353,-0.755084,-0.98035663,-0.0026255155,-0.002538227,-0.19719897,2
20259288,-0.0010574574,-0.0009836243,-0.008215284,0.65538234,-0.0015093868,-0.008472502,-0.75524825,-0.98035663,-0.0026255155,-0.002538227,-0.19719897,2
20291203,-0.0028907135,0.003608914,0.037235435,0.65548855,-0.0015788848,-0.008486574,-0.7551558,-0.98035663,-0.0026255155,-0.002538227,-0.19719897,2
20323230,0.0004212479,-0.0017317962,-0.011464138,0.65535957,-0.0015538508,-0.008451761,-0.75526816,-0.98035663,-0.0026255155,-0.002538227,-0.19719897,2
20355222,0.003054628,0.0014634561,-0.0011352546,0.6553383,-0.0015760675,-0.008437344,-0.7552868,-0.98035663,-0.0026255155,-0.002538227,-0.19719897,2
20387212,-0.00050714356,0.0007590852,0.0011881,0.65515983,-0.0016027178,-0.008425846,-0.7554416,-0.98035663,-0.0026255155,-0.002538227,-0.19719897,2
20416015,0.0006517526,6.834185e-05,0.0020081473,0.65504456,-0.0016101141,-0.008418542,-0.7555416,-0.98035663,-0.0026255155,-0.002538227,-0.19719897,2
20448037,0.0005738088,-0.00018022768,0.0016955814,0.6548763,-0.0016216458,-0.0084026735,-0.7556878,-0.98035663,-0.0026255155,-0.002538227,-0.19719897,2
20480008,0.00076730084,0.00043066405,0.0007180632,0.65474373,-0.0016378263,-0.008396127,-0.7558026,-0.98035663,-0.0026255155,-0.002538227,-0.19719897,2
20512015,-0.00055158965,-0.0008068774,0.0025547415,0.6546702,-0.0016538289,-0.008389529,-0.7558662,-0.98035663,-0.0026255155,-0.002538227,-0.19719897,2
20544012,-0.0011104513,0.0005526114,0.0013064132,0.65460247,-0.0016394483,-0.008379356,-0.75592506,-0.98035663,-0.0026255155,-0.002538227,-0.19719897,2
20575999,-6.161863e-06,0.00080411974,0.0032778736,0.65453017,-0.0016366668,-0.008382861,-0.7559876,-0.98035663,-0.0026255155,-0.002538227,-0.19719897,2
20604835,-0.0011468362,-0.0019098185,0.00012029777,0.6544779,-0.0016375566,-0.008384426,-0.7560329,-0.98035663,-0.0026255155,-0.002538227,-0.19719897,2
20636856,0.00019773492,0.00069618085,0.0028386242,0.6543358,-0.0016310026,-0.008380069,-0.75615597,-0.98035663,-0.0026255155,-0.002538227,-0.19719897,2
20668826,7.269997e-05,-0.00017684279,0.0019289077,0.6542209,-0.0016318727,-0.008383222,-0.7562554,-0.98035663,-0.0026255155,-0.002538227,-0.19719897,2
20700834,-0.00048024883,-0.0010363623,0.0013014745,0.6540948,-0.0016196568,-0.008383319,-0.7563644,-0.98035663,-0.0026255155,-0.002538227,-0.19719897,2
20732811,-0.00015817548,0.00067276694,0.0016008154,0.6539156,-0.0016232443,-0.008377101,-0.7565195,-0.98035663,-0.0026255155,-0.002538227,-0.19719897,2
20762412,0.0001315896,-0.00082209427,0.0007186086,0.6537124,-0.0016237507,-0.008373725,-0.75669515,-0.98035663,-0.0026255155,-0.002538227,-0.19719897,2
20794411,0.00090444274,-0.00017838227,0.0014232356,0.65352553,-0.0016256463,-0.00836359,-0.75685656,-0.98035663,-0.0026255155,-0.002538227,-0.19719897,2
20826420,0.00087984814,0.0010881564,0.0008529434,0.65329057,-0.0016196413,-0.008364404,-0.75705934,-0.98035663,-0.0026255155,-0.002538227,-0.19719897,2
20860044,0.0009980956,0.00024070125,0.0011073974,0.653082,-0.001617134,-0.008363082,-0.75723934,-0.98035663,-0.0026255155,-0.002538227,-0.19719897,2
20888027,0.0002343487,-8.6518005e-05,0.00051579054,0.6528433,-0.0016169323,-0.008354332,-0.7574452,-0.98035663,-0.0026255155,-0.002538227,-0.19719897,2
20920010,-0.00025476527,-0.00037159212,0.0021341678,0.65259874,-0.0016206878,-0.008342832,-0.75765616,-0.98035663,-0.0026255155,-0.002538227,-0.19719897,2
20952009,-0.00079817115,0.00057767285,0.0015350129,0.652416,-0.0016306352,-0.00833454,-0.7578136,-0.98035663,-0.0026255155,-0.002538227,-0.19719897,2
20984017,-0.00035074516,0.0002664649,0.0019731508,0.6522709,-0.0016243437,-0.008331773,-0.7579384,-0.98035663,-0.0026255155,-0.002538227,-0.19719897,2
21016801,0.00036439323,0.0004632473,0.001077177,0.6521024,-0.0016262729,-0.008323762,-0.7580835,-0.98035663,-0.0026255155,-0.002538227,-0.19719897,2
21048829,0.0010124645,-6.279582e-05,0.0009276499,0.6519414,-0.001624277,-0.008333124,-0.75822186,-0.98035663,-0.0026255155,-0.002538227,-0.19719897,2
21076799,-0.0009332057,-0.0003989567,-9.434647e-06,0.65179753,-0.0016288189,-0.008328596,-0.7583456,-0.98035663,-0.0026255155,-0.002538227,-0.19719897,2
21108804,-0.00026791694,4.5248307e-05,0.0011136803,0.6516576,-0.001630258,-0.00832012,-0.758466,-0.98035663,-0.0026255155,-0.002538227,-0.19719897,2
21140823,-0.00039199786,0.0004716823,0.0007697216,0.6515066,-0.0016260813,-0.00831278,-0.75859565,-0.98035663,-0.0026255155,-0.002538227,-0.19719897,2
21172812,0.00057129096,-0.00027774274,0.0010232249,0.6513491,-0.0016280138,-0.008311745,-0.75873095,-0.98035663,-0.0026255155,-0.002538227,-0.19719897,2
21205601,0.0008215441,-0.00056510884,0.0026712012,0.6512026,-0.0016282739,-0.008309852,-0.7588568,-0.98035663,-0.0026255155,-0.002538227,-0.19719897,2
21237619,0.00035448442,0.00036555855,0.0010729048,0.65104395,-0.0016317691,-0.008301659,-0.758993,-0.98035663,-0.0026255155,-0.002538227,-0.19719897,2
21269611,0.0003637406,-4.7114678e-05,0.0017146433,0.6509159,-0.0016389734,-0.008301692,-0.75910276,-0.98035663,-0.0026255155,-0.002538227,-0.19719897,2
21297627,0.0011921134,-0.0009210557,0.0006597978,0.6507582,-0.0016381114,-0.008291811,-0.75923806,-0.98035663,-0.0026255155,-0.002538227,-0.19719897,2
21329778,-0.0010094661,0.00048327772,0.001727395,0.65058964,-0.0016407793,-0.008283182,-0.75938255,-0.98035663,-0.0026255155,-0.002538227,-0.19719897,2
21362444,0.0004953416,0.0012317854,0.0019455273,0.65041375,-0.0016337197,-0.008268734,-0.75953335,-0.98035663,-0.0026255155,-0.002538227,-0.19719897,2
21394437,0.0006944095,-0.00079496996,0.0013492119,0.65028316,-0.0016385226,-0.008274392,-0.7596451,-0.98035663,-0.0026255155,-0.002538227,-0.19719897,2
21426401,-0.00038990274,0.00046949508,0.0006791209,0.65007055,-0.0016361318,-0.008265722,-0.7598271,-0.98035663,-0.0026255155,-0.002538227,-0.19719897,2
21458402,0.00056902715,0.00068552,0.00074079656,0.6498671,-0.001638387,-0.0082578305,-0.76000136,-0.98035663,-0.0026255155,-0.002538227,-0.19719897,2
21486452,0.0011985111,0.0002478622,0.00015861285,0.6496109,-0.0016323135,-0.00826343,-0.76022035,-0.98035663,-0.0026255155,-0.002538227,-0.19719897,2
21518434,-1.958618e-05,7.3220115e-05,0.0023433594,0.6494179,-0.0016278201,-0.008266712,-0.7603851,-0.98035663,-0.0026255155,-0.002538227,-0.19719897,2
21551219,0.00037630321,-4.75212e-05,0.0013012001,0.6492413,-0.001618278,-0.008267137,-0.76053584,-0.98035663,-0.0026255155,-0.002538227,-0.19719897,2
21583214,0.0009048539,0.00025846018,0.0006725369,0.6491053,-0.0016037981,-0.008274551,-0.7606518,-0.98035663,-0.0026255155,-0.002538227,-0.19719897,2
21615237,0.00055962894,0.00013788091,0.00021292851,0.6489869,-0.0015975457,-0.00828001,-0.76075286,-0.98035663,-0.0026255155,-0.002538227,-0.19719897,2
21643212,-0.0006123695,-0.0006086626,0.0006446254,0.64895004,-0.0016070113,-0.008280861,-0.76078427,-0.98035663,-0.0026255155,-0.002538227,-0.19719897,2
21676865,0.0005381624,0.00087467395,0.00027419277,0.6489119,-0.0016063286,-0.008260514,-0.76081705,-0.98035663,-0.0026255155,-0.002538227,-0.19719897,2
21708816,0.00086542056,0.0018358328,0.00017260923,0.64894605,-0.001599978,-0.008242654,-0.7607881,-0.98035663,-0.0026255155,-0.002538227,-0.19719897,2
21740801,0.0010930586,-0.0016726023,0.00050635706,0.64894176,-0.0016025936,-0.008250205,-0.76079166,-0.98035663,-0.0026255155,-0.002538227,-0.19719897,2
21772802,-0.0005290712,-0.0010455139,-0.00012770505,0.6489788,-0.0016046208,-0.008244588,-0.7607602,-0.98035663,-0.0026255155,-0.002538227,-0.19719897,2
21804825,0.00035756896,4.8553105e-05,0.0013998174,0.6490178,-0.0016023798,-0.008232344,-0.760727,-0.98035663,-0.0026255155,-0.002538227,-0.19719897,2
21833611,0.0008906517,5.112402e-05,0.0008894184,0.64906055,-0.0016008512,-0.008228836,-0.7606907,-0.98035663,-0.0026255155,-0.002538227,-0.19719897,2
21865627,0.0009978081,0.0011118855,0.0007499866,0.64910924,-0.0015870095,-0.008223533,-0.76064914,-0.98035663,-0.0026255155,-0.002538227,-0.19719897,2
21897610,-0.00079962227,-6.253738e-05,0.00060287537,0.6491611,-0.0015800411,-0.008224225,-0.7606049,-0.98035663,-0.0026255155,-0.002538227,-0.19719897,2
21929613,0.0010240395,0.0017639543,0.0013919915,0.64917696,-0.0015694778,-0.008229031,-0.7605914,-0.98035663,-0.0026255155,-0.002538227,-0.19719897,2
21961615,0.000600182,0.0017572334,0.0012941968,0.64919305,-0.0015522804,-0.008234278,-0.7605775,-0.98035663,-0.0026255155,-0.002538227,-0.19719897,2
21990426,0.0005573842,-2.1724496e-05,0.0002531947,0.64921314,-0.0015364637,-0.008247284,-0.76056033,-0.98035663,-0.0026255155,-0.002538227,-0.19719897,2
22022420,0.00088217645,0.00078484043,-1.010811e-05,0.6491101,-0.0015243847,-0.008253726,-0.76064813,-0.98035663,-0.0026255155,-0.002538227,-0.19719897,2
22054543,0.001103421,-5.7795085e-05,0.0002978677,0.6489761,-0.0015161798,-0.008263629,-0.7607626,-0.98035663,-0.0026255155,-0.002538227,-0.19719897,2
22086411,-0.00016912725,0.000796502,0.0006546292,0.6487611,-0.0015043536,-0.008259642,-0.76094586,-0.98035663,-0.0026255155,-0.002538227,-0.19719897,2
22118428,-6.586569e-05,0.00026180642,0.0006857652,0.64856607,-0.0015012635,-0.008254935,-0.7611122,-0.98035663,-0.0026255155,-0.002538227,-0.19719897,2
22150403,0.00078078127,-0.00080600893,0.0005585421,0.6483649,-0.0014972499,-0.008250411,-0.7612836,-0.98035663,-0.0026255155,-0.002538227,-0.19719897,2
22183230,0.00045119412,0.00015001884,0.00025514793,0.6481424,-0.0014941322,-0.008257025,-0.7614729,-0.98035663,-0.0026255155,-0.002538227,-0.19719897,2
22211240,0.0008931181,0.00016104244,0.0006489435,0.64795154,-0.0014916516,-0.008259184,-0.7616354,-0.98035663,-0.0026255155,-0.002538227,-0.19719897,2
22243202,-0.00070239056,0.00015341677,0.00044130534,0.6477576,-0.0014760625,-0.008261917,-0.76180035,-0.98035663,-0.0026255155,-0.002538227,-0.19719897,2
22275218,-4.751538e-05,-0.00014292588,0.0014577704,0.647439,-0.0014871809,-0.008255907,-0.7620711,-0.98035663,-0.0026255155,-0.002538227,-0.19719897,2
22307219,-0.0002877965,-6.329268e-05,0.00016234163,0.6471661,-0.0014849112,-0.008254382,-0.76230294,-0.98035663,-0.0026255155,-0.002538227,-0.19719897,2
22336824,0.0009980751,4.7764275e-05,0.00011877855,0.6469355,-0.0014802265,-0.008256475,-0.76249856,-0.98035663,-0.0026255155,-0.002538227,-0.19719897,2
22368815,-0.00059278053,0.00026086625,0.00022290344,0.6467443,-0.00147256,-0.008265631,-0.76266074,-0.98035663,-0.0026255155,-0.002538227,-0.19719897,2
22400809,-0.0001957519,-0.0005804221,-0.00015391712,0.6465481,-0.0014643674,-0.008261533,-0.7628271,-0.98035663,-0.0026255155,-0.002538227,-0.19719897,2
22432816,0.0004765815,5.2473973e-05,0.00050269626,0.6463686,-0.0014601039,-0.008270292,-0.76297903,-0.98035663,-0.0026255155,-0.002538227,-0.19719897,2
22466401,-0.00025265513,7.1431976e-05,-2.5637913e-05,0.6461423,-0.0014482182,-0.008271573,-0.7631709,-0.98035663,-0.0026255155,-0.002538227,-0.19719897,2
22494453,0.00046966923,0.00016244408,9.5145544e-05,0.6459657,-0.001445488,-0.008280288,-0.76332027,-0.98035663,-0.0026255155,-0.002538227,-0.19719897,2
22526434,-0.00066774595,0.0011477047,0.001512889,0.6457842,-0.0014415331,-0.008279532,-0.76347375,-0.98035663,-0.0026255155,-0.002538227,-0.19719897,2
22558440,-0.0010146656,0.0005929135,0.00046620797,0.6455954,-0.0014388176,-0.008278221,-0.7636335,-0.98035663,-0.0026255155,-0.002538227,-0.19719897,2
22592026,0.00035207602,0.001224916,0.00030256156,0.64545226,-0.0014354899,-0.008260185,-0.7637547,-0.98035663,-0.0026255155,-0.002538227,-0.19719897,2
22624020,5.3525437e-05,0.00059276354,0.0008676548,0.6453302,-0.0014407902,-0.008244235,-0.76385796,-0.98035663,-0.0026255155,-0.002538227,-0.19719897,2
22652059,0.00040556444,0.0007356354,0.002095672,0.64525926,-0.001430061,-0.00825083,-0.76391786,-0.98035663,-0.0026255155,-0.002538227,-0.19719897,2
22685629,0.0017296583,0.0007902724,-0.00036389846,0.64519316,-0.0014187613,-0.00824639,-0.7639737,-0.98035663,-0.0026255155,-0.002538227,-0.19719897,2
22717601,0.00035370677,-0.0006893347,0.0002895433,0.64511144,-0.0014232618,-0.008253598,-0.76404274,-0.98035663,-0.0026255155,-0.002538227,-0.19719897,2
22749627,-5.9917453e-05,-3.026193e-05,0.00063178013,0.644992,-0.0014238051,-0.008246363,-0.7641435,-0.98035663,-0.0026255155,-0.002538227,-0.19719897,2
22781615,-0.001634548,0.00018851412,0.0010087048,0.6449062,-0.0014246436,-0.008250039,-0.76421595,-0.98035663,-0.0026255155,-0.002538227,-0.19719897,2
22809658,0.0008008622,0.00070584845,0.00033646962,0.64486885,-0.0014226747,-0.008253518,-0.7642474,-0.98035663,-0.0026255155,-0.002538227,-0.19719897,2
22842455,-4.022394e-05,-0.00013568485,0.00027807127,0.6448902,-0.0014203797,-0.008261884,-0.76422924,-0.98035663,-0.0026255155,-0.002538227,-0.19719897,2
22874414,-0.001111261,-0.0013165446,0.00017367257,0.64487785,-0.0014123879,-0.008274187,-0.76423955,-0.98035663,-0.0026255155,-0.002538227,-0.19719897,2
22906422,0.0011508611,0.00072127907,0.0009860776,0.64495224,-0.0013913027,-0.008294653,-0.7641766,-0.98035663,-0.0026255155,-0.002538227,-0.19719897,2
22938406,-0.0011019208,0.0017757756,0.00045900908,0.644918,-0.001374107,-0.008293549,-0.7642055,-0.98035663,-0.0026255155,-0.002538227,-0.19719897,2
22970404,-0.0010005368,-0.0013221665,2.2927998e-05,0.64492947,-0.0013735994,-0.008312754,-0.76419574,-0.98035663,-0.0026255155,-0.002538227,-0.19719897,2
23002456,0.0017560557,0.00048281765,-0.00015800819,0.6448899,-0.0013803423,-0.008330395,-0.7642288,-0.98035663,-0.0026255155,-0.002538227,-0.19719897,2
23035202,-0.00058236695,0.0018862402,0.00048002135,0.6447801,-0.0013622894,-0.008334866,-0.7643215,-0.98035663,-0.0026255155,-0.002538227,-0.19719897,2
23067208,-0.0004957472,-0.0011031115,0.00016159005,0.6446117,-0.0013672755,-0.008323442,-0.7644636,-0.98035663,-0.0026255155,-0.002538227,-0.19719897,2
23099267,-0.0010047777,-0.0011945087,0.0007122215,0.64446384,-0.0013798182,-0.008314366,-0.7645884,-0.98035663,-0.0026255155,-0.002538227,-0.19719897,2
23131203,-6.7785964e-05,0.00070280023,8.10076e-05,0.6442725,-0.0013849066,-0.008305326,-0.76474977,-0.98035663,-0.0026255155,-0.002538227,-0.19719897,2
23163240,0.0011809198,-0.00047741318,-0.0009652142,0.644135,-0.0013822071,-0.008297915,-0.7648656,-0.98035663,-0.0026255155,-0.002538227,-0.19719897,2
23196045,-0.00058562006,0.0013487167,0.00048393966,0.6439833,-0.0013804027,-0.008280244,-0.7649936,-0.98035663,-0.0026255155,-0.002538227,-0.19719897,2
23228028,-0.00059630815,-0.0010077814,-9.246287e-05,0.6438578,-0.0013921871,-0.008274896,-0.7650992,-0.98035663,-0.0026255155,-0.002538227,-0.19719897,2
23260007,-0.00031456503,0.00024592457,-0.0008956557,0.643753,-0.0013934898,-0.00827294,-0.7651875,-0.98035663,-0.0026255155,-0.002538227,-0.19719897,2
23292041,0.0011190875,-0.0003627115,0.00039015873,0.64365923,-0.0013904225,-0.008268287,-0.76526624,-0.98035663,-0.0026255155,-0.002538227,-0.19719897,2
23324044,-0.00020720426,0.00088305445,-0.0012131667,0.6435306,-0.0013862243,-0.008260255,-0.7653747,-0.98035663,-0.0026255155,-0.002538227,-0.19719897,2
23356853,6.330595e-05,-0.00077768695,0.0006492336,0.64341563,-0.0013958897,-0.00826153,-0.7654712,-0.98035663,-0.0026255155,-0.002538227,-0.19719897,2
23388818,0.0002449304,0.0013288823,-0.0006444347,0.64327693,-0.0013907775,-0.008264265,-0.76558775,-0.98035663,-0.0026255155,-0.002538227,-0.19719897,2
23420875,-5.290995e-05,0.0002665203,0.00021887245,0.6431786,-0.0013924182,-0.008248842,-0.76567066,-0.98035663,-0.0026255155,-0.002538227,-0.19719897,2
23452799,0.0013236676,-0.00080259517,-0.00030191801,0.6431161,-0.0013889786,-0.008259464,-0.76572293,-0.98035663,-0.0026255155,-0.002538227,-0.19719897,2
23484824,-0.00057493744,-0.00047597988,0.00035649934,0.64311934,-0.0013904097,-0.00827031,-0.76572007,-0.98035663,-0.0026255155,-0.002538227,-0.19719897,2
23517610,-0.00021464913,0.00036718324,0.00075486745,0.6431264,-0.0013739466,-0.008278394,-0.7657141,-0.98035663,-0.0026255155,-0.002538227,-0.19719897,2
23550402,-0.0003784825,0.0001526461,-0.00035615452,0.6431105,-0.0013726304,-0.008288662,-0.7657273,-0.98035663,-0.0026255155,-0.002538227,-0.19719897,2
23582428,-5.7358528e-05,0.0010051979,-3.699516e-05,0.6430782,-0.0013697965,-0.008302398,-0.7657543,-0.98035663,-0.0026255155,-0.002538227,-0.19719897,2
23614413,-4.1745137e-05,-0.0002530045,0.0007128478,0.643032,-0.0013744088,-0.008312054,-0.76579297,-0.98035663,-0.0026255155,-0.002538227,-0.19719897,2
23648012,-0.0005945228,-0.0006981804,-0.00025132694,0.64300644,-0.0013681707,-0.008330596,-0.7658143,-0.98035663,-0.0026255155,-0.002538227,-0.19719897,2
23680818,-0.00082258624,0.00089912396,-3.39353e-05,0.6429075,-0.0013636249,-0.00832178,-0.7658975,-0.98035663,-0.0026255155,-0.002538227,-0.19719897,2
23708800,6.03511e-05,-0.00023482041,0.0010460496,0.6427559,-0.001378795,-0.00831037,-0.7660248,-0.98035663,-0.0026255155,-0.002538227,-0.19719897,2
23741616,0.00029002223,0.0012535625,0.0005021852,0.6425451,-0.0013773101,-0.008279371,-0.766202,-0.98035663,-0.0026255155,-0.002538227,-0.19719897,2
23773603,0.0006592809,-0.00026611472,-0.00023962185,0.6423585,-0.0013845253,-0.008262998,-0.7663585,-0.98035663,-0.0026255155,-0.002538227,-0.19719897,2
23805608,-0.00017471891,-2.9651914e-05,0.0003644228,0.64214855,-0.0013922774,-0.008245452,-0.76653475,-0.98035663,-0.0026255155,-0.002538227,-0.19719897,2
23837627,0.0005894175,-0.00022822525,0.00095481984,0.64197487,-0.0013865547,-0.008227434,-0.7666803,-0.98035663,-0.0026255155,-0.002538227,-0.19719897,2
23869741,-0.0015591523,6.988691e-05,5.389657e-05,0.6417756,-0.0014023589,-0.008207112,-0.7668474,-0.98035663,-0.0026255155,-0.002538227,-0.19719897,2
23897625,-0.0010027912,0.0005016867,0.00055137253,0.64167315,-0.0014041283,-0.008193738,-0.7669332,-0.98035663,-0.0026255155,-0.002538227,-0.19719897,2
23930401,-0.00051097455,0.0005835071,-0.00070180953,0.6416388,-0.0014104546,-0.008181162,-0.76696205,-0.98035663,-0.0026255155,-0.002538227,-0.19719897,2
23962409,0.0009989103,-0.0007819473,-0.00025300682,0.6416666,-0.0014183313,-0.0081900945,-0.7669387,-0.98035663,-0.0026255155,-0.002538227,-0.19719897,2
23995218,0.0010007692,0.00027798163,9.367359e-05,0.6416886,-0.0014118426,-0.008194586,-0.7669203,-0.98035663,-0.0026255155,-0.002538227,-0.19719897,2
24027212,-0.0014253046,-0.00024986127,0.0006977895,0.6417743,-0.0014247645,-0.00819028,-0.7668486,-0.98035663,-0.0026255155,-0.002538227,-0.19719897,2
24056852,-0.0009966731,-0.0012034718,0.0009921659,0.6418461,-0.0014273495,-0.008184913,-0.76678854,-0.98035663,-0.0026255155,-0.002538227,-0.19719897,2
24088808,0.0014503042,0.0003836034,0.00053540734,0.64196205,-0.0014250856,-0.008189062,-0.76669145,-0.98035663,-0.0026255155,-0.002538227,-0.19719897,2
24120810,-0.0006879022,-0.0009934078,0.0004474246,0.6420904,-0.001426232,-0.008203671,-0.76658386,-0.98035663,-0.0026255155,-0.002538227,-0.19719897,2
24152818,4.49582e-05,0.00016153045,-5.129492e-05,0.642181,-0.0014387774,-0.008207517,-0.76650786,-0.98035663,-0.0026255155,-0.002538227,-0.19719897,2
24181621,0.00079084374,-0.0005867877,-0.00034187967,0.6422664,-0.0014289834,-0.008221399,-0.76643604,-0.98035663,-0.0026255155,-0.002538227,-0.19719897,2
24213616,-0.00034311332,8.659437e-05,0.0008664639,0.64234114,-0.0014230369,-0.008227114,-0.76637346,-0.98035663,-0.0026255155,-0.002538227,-0.19719897,2
24245604,0.0005053326,-0.0005559195,0.0007052624,0.642428,-0.0014216724,-0.008247423,-0.7663004,-0.98035663,-0.0026255155,-0.002538227,-0.19719897,2
24277593,-0.0011249062,0.0005915449,-0.00034460262,0.6424812,-0.0014209603,-0.008257661,-0.7662556,-0.98035663,-0.0026255155,-0.002538227,-0.19719897,2
24309631,0.0010990822,0.00079617836,-0.000839429,0.64252025,-0.0014100708,-0.0082701985,-0.76622283,-0.98035663,-0.0026255155,-0.002538227,-0.19719897,2
24342420,6.457395e-05,-0.0009833844,0.00063230586,0.64247465,-0.0014080681,-0.008282746,-0.76626086,-0.98035663,-0.0026255155,-0.002538227,-0.19719897,2
24370430,0.0005790647,0.0014532348,-6.454461e-05,0.64243126,-0.0014094611,-0.008290355,-0.7662972,-0.98035663,-0.0026255155,-0.002538227,-0.19719897,2
24402413,-0.000491873,0.00089604035,-0.00052392646,0.64235044,-0.0014107259,-0.0082926955,-0.7663649,-0.98035663,-0.0026255155,-0.002538227,-0.19719897,2
24434431,-9.025773e-05,-0.0013536704,-0.001589857,0.6423034,-0.0014046064,-0.008304089,-0.76640433,-0.98035663,-0.0026255155,-0.002538227,-0.19719897,2
24466441,0.00068546087,0.0021896646,-3.4299213e-05,0.6422262,-0.001401962,-0.008302823,-0.7664689,-0.98035663,-0.0026255155,-0.002538227,-0.19719897,2
24499271,-0.00059126713,0.00028021028,-3.118394e-05,0.64213747,-0.0014014376,-0.008308226,-0.76654315,-0.98035663,-0.0026255155,-0.002538227,-0.19719897,2
24531222,-0.0010044419,-0.0006739907,0.00072726817,0.6420868,-0.0014171575,-0.008313487,-0.7665856,-0.98035663,-0.0026255155,-0.002538227,-0.19719897,2
24563262,-0.0011375262,0.0012070071,-0.00044102268,0.64200073,-0.001417273,-0.008304242,-0.7666577,-0.98035663,-0.0026255155,-0.002538227,-0.19719897,2
24591265,0.0013191574,-5.1941723e-05,-8.296664e-05,0.641952,-0.0014125949,-0.008298324,-0.76669866,-0.98035663,-0.0026255155,-0.002538227,-0.19719897,2
24623257,0.0014354256,-0.00068942644,0.00031718495,0.64191836,-0.0014310929,-0.008305567,-0.76672673,-0.98035663,-0.0026255155,-0.002538227,-0.19719897,2
24656801,0.00015169522,0.0005807951,-3.6641257e-05,0.6418869,-0.0014171508,-0.008302724,-0.76675314,-0.98035663,-0.0026255155,-0.002538227,-0.19719897,2
24688825,-0.0010082227,-0.00025301706,0.00055721425,0.64175814,-0.0014254211,-0.008299346,-0.7668609,-0.98035663,-0.0026255155,-0.002538227,-0.19719897,2
24716812,5.265954e-05,-0.0008919528,0.00045841443,0.64164984,-0.0014401469,-0.008301873,-0.7669515,-0.98035663,-0.0026255155,-0.002538227,-0.19719897,2
24748802,-0.00018791389,-0.00038575474,-0.0005349943,0.6414816,-0.0014461748,-0.008280701,-0.76709247,-0.98035663,-0.0026255155,-0.002538227,-0.19719897,2
24780815,0.0006797763,0.0015389435,-0.0003827382,0.641353,-0.0014470762,-0.008262473,-0.7672001,-0.98035663,-0.0026255155,-0.002538227,-0.19719897,2
24813611,-0.0011165112,0.0007897634,5.554408e-06,0.6413283,-0.001447574,-0.008262767,-0.76722085,-0.98035663,-0.0026255155,-0.002538227,-0.19719897,2
24845610,-5.563977e-05,0.0002624346,-0.00039951876,0.6413487,-0.0014396893,-0.00827577,-0.76720357,-0.98035663,-0.0026255155,-0.002538227,-0.19719897,2
24877673,0.0005932553,0.0015462739,0.00014760019,0.64135605,-0.0014414648,-0.008283056,-0.76719743,-0.98035663,-0.0026255155,-0.002538227,-0.19719897,2
24909611,0.00052094646,0.00060881814,0.0012566447,0.64138204,-0.0014308713,-0.008296247,-0.76717544,-0.98035663,-0.0026255155,-0.002538227,-0.19719897,2
24937648,-0.0057769725,0.003726291,-0.0076287724,0.6414097,-0.0014337149,-0.008295584,-0.7671525,-0.98035663,-0.0026255155,-0.002538227,-0.19719897,2
24970428,0.003074369,0.0042413804,-0.003098815,0.6414741,-0.0014373455,-0.008333894,-0.76709807,-0.98035663,-0.0026255155,-0.002538227,-0.19719897,2
25002422,0.005889382,-7.7215955e-05,-0.0013229218,0.6415351,-0.0013479248,-0.008329713,-0.76704735,-0.98035663,-0.0026255155,-0.002538227,-0.19719897,2
25034457,0.0032083963,0.0011965334,-0.0016436774,0.6415145,-0.0014459216,-0.00835013,-0.7670642,-0.98035663,-0.0026255155,-0.002538227,-0.19719897,2
25066429,-0.0026938743,0.0024200482,-0.0039043478,0.641474,-0.0014052335,-0.008367974,-0.76709795,-0.98035663,-0.0026255155,-0.002538227,-0.19719897,2
25098439,0.008854424,0.005661447,-0.001648101,0.64138174,-0.0013586661,-0.00837104,-0.76717514,-0.98035663,-0.0026255155,-0.002538227,-0.19719897,2
25126414,-0.0021056726,-0.0048796744,-0.0014805858,0.6413349,-0.0013962279,-0.00838336,-0.76721406,-0.98035663,-0.0026255155,-0.002538227,-0.19719897,2
25159429,0.0019536442,0.0014177286,-0.0007070077,0.64119315,-0.001350545,-0.008398032,-0.7673325,-0.98035663,-0.0026255155,-0.002538227,-0.19719897,2
25191220,0.0007767505,0.003012286,-0.0010509228,0.64106053,-0.0014213608,-0.00842099,-0.7674428,-0.98035663,-0.0026255155,-0.002538227,-0.19719897,2
25223204,0.0016430654,-0.0029453838,-0.0005761541,0.6409052,-0.0013763455,-0.008398636,-0.76757294,-0.98035663,-0.0026255155,-0.002538227,-0.19719897,2
25255212,-0.0012352621,0.0040846434,-0.00043667457,0.64073277,-0.0013551278,-0.008386106,-0.767717,-0.98035663,-0.0026255155,-0.002538227,-0.19719897,2
25287229,0.00048701186,-0.0017501782,0.00054790964,0.6405443,-0.0014024363,-0.008394439,-0.76787406,-0.98035663,-0.0026255155,-0.002538227,-0.19719897,2
25316809,0.0013410386,-0.00015370315,0.00036036968,0.64040965,-0.0013743823,-0.008400044,-0.7679865,-0.98035663,-0.0026255155,-0.002538227,-0.19719897,2
25348817,-0.0026556181,0.0017182804,-0.0016537015,0.64024806,-0.0013809255,-0.00836997,-0.7681215,-0.98035663,-0.0026255155,-0.002538227,-0.19719897,2
25380807,-0.00070300384,0.001947674,-0.0006976619,0.64011675,-0.0014000458,-0.0083466,-0.7682311,-0.98035663,-0.0026255155,-0.002538227,-0.19719897,2
25412799,-0.0044249482,-0.00027594762,-0.00013228855,0.6399463,-0.0014125077,-0.008283622,-0.76837385,-0.98035663,-0.0026255155,-0.002538227,-0.19719897,2
25441606,-0.005157396,0.0012227199,0.00036585098,0.6397833,-0.0014330496,-0.008224373,-0.76851004,-0.98035663,-0.0026255155,-0.002538227,-0.19719897,2
25473601,-0.001218775,0.0027082898,-0.00022084173,0.6396998,-0.0014570599,-0.008184321,-0.76857984,-0.98035663,-0.0026255155,-0.002538227,-0.19719897,2
25505618,-0.0016553614,-0.0020933696,-0.00064245984,0.639686,-0.0014765103,-0.008160928,-0.7685917,-0.98035663,-0.0026255155,-0.002538227,-0.19719897,2
25537610,-0.006968621,0.00024638325,-0.00040350086,0.6397209,-0.0015007182,-0.008118562,-0.7685629,-0.98035663,-0.0026255155,-0.002538227,-0.19719897,2
25569619,-0.0020827607,-0.00063354755,0.0034737748,0.63971007,-0.0015376793,-0.008101755,-0.7685721,-0.98035663,-0.0026255155,-0.002538227,-0.19719897,2
25602426,-0.0031801115,-0.0071565183,0.0019243886,0.6397427,-0.0015456358,-0.008075106,-0.7685452,-0.98035663,-0.0026255155,-0.002538227,-0.19719897,2
25630428,-0.00364199,0.0051629962,0.00043936935,0.63972497,-0.0016031465,-0.008047802,-0.7685601,-0.98035663,-0.0026255155,-0.002538227,-0.19719897,2
25662456,-0.010402292,-0.006097793,0.0020200866,0.6397094,-0.0016231156,-0.008063021,-0.768573,-0.98035663,-0.0026255155,-0.002538227,-0.19719897,2
25694405,-0.0026462586,0.0024428354,0.0024074675,0.63961506,-0.0016330249,-0.007988334,-0.76865226,-0.98035663,-0.0026255155,-0.002538227,-0.19719897,2
25726415,-0.00354204,-0.0034397608,0.00082668266,0.6393568,-0.0017312921,-0.00793497,-0.7688673,-0.98035663,-0.0026255155,-0.002538227,-0.19719897,2
25758430,-0.0066698617,-0.0027480104,0.0034892836,0.6390541,-0.0017086598,-0.007868809,-0.76911956,-0.98035663,-0.0026255155,-0.002538227,-0.19719897,2
25791212,0.0003067525,0.004131515,0.0013267309,0.638742,-0.0018043777,-0.007834999,-0.769379,-0.98035663,-0.0026255155,-0.002538227,-0.19719897,2
25823250,-0.004922167,-0.0065579615,8.666259e-05,0.6384221,-0.0018146704,-0.0077700336,-0.7696452,-0.98035663,-0.0026255155,-0.002538227,-0.19719897,2
25851240,-0.0020226592,0.0018017744,0.002050663,0.6380859,-0.00183956,-0.007771058,-0.76992387,-0.98035663,-0.0026255155,-0.002538227,-0.19719897,2
25883268,-0.0026311153,-0.0032660246,-0.0012216589,0.63775015,-0.0018836535,-0.0077407476,-0.7702021,-0.98035663,-0.0026255155,-0.002538227,-0.19719897,2
25915220,-0.001385282,-0.0015072059,0.001726331,0.6374298,-0.0018658509,-0.0077027213,-0.77046776,-0.98035663,-0.0026255155,-0.002538227,-0.19719897,2
25948008,-5.417003e-05,0.0037801284,-0.00024836324,0.63713425,-0.0019153975,-0.007672988,-0.77071226,-0.98035663,-0.0026255155,-0.002538227,-0.19719897,2
