timestamp,magnetometer_ga[0],magnetometer_ga[1],magnetometer_ga[2]
14170536,-0.06718802,0.3154426,0.46873224
14181745,-0.08418484,0.27975824,0.4097626
14190535,-0.12140376,0.225821,0.4372823
14201735,-0.14102793,0.16128564,0.47914302
14210535,-0.09784673,0.1849885,0.48304468
14221740,-0.047143407,0.22734998,0.5118855
14230535,-0.04324039,0.2753693,0.4616438
14241735,-0.06789841,0.26767284,0.44056055
14250535,-0.11274587,0.22404252,0.43892112
14261735,-0.15127128,0.16498822,0.48297045
14270544,-0.10437949,0.2070585,0.49734056
14281743,-0.10437949,0.2070585,0.49734056
14291336,-0.10437949,0.2070585,0.49734056
14292176,-0.10437949,0.2070585,0.49734056
14301736,-0.10437949,0.2070585,0.49734056
14311336,-0.10438224,0.2125032,0.4972317
14312936,-0.09030475,0.21137466,0.44043028
14321735,-0.1197116,0.14727612,0.5043879
14332935,-0.090320945,0.19638754,0.508129
14341735,-0.07973795,0.24742307,0.5177707
14352935,-0.063831694,0.30811024,0.46515116
14361745,-0.08930469,0.27797976,0.41174883
14372935,-0.11787121,0.23315339,0.4406897
14381749,-0.16196619,0.15380763,0.46889114
14392935,-0.09580422,0.18705823,0.49570283
14401736,-0.06036868,0.22415705,0.53414196
14412935,-0.039058115,0.26869217,0.4908172
14421736,-0.08177341,0.2784894,0.43705085
14432175,-0.10911789,0.22418813,0.44611305
14442535,-0.1569436,0.16640268,0.46304777
14452175,-0.12159434,0.19253932,0.4980651
14461746,-0.04863711,0.2293469,0.5209912
14472175,-0.048554767,0.29522395,0.45591584
14481736,-0.0529904,0.2581251,0.41669503
14492174,-0.09152679,0.22084957,0.46030894
14501736,-0.1390717,0.15239316,0.48837954
14512174,-0.12644252,0.19823883,0.51082444
14532937,-0.12644252,0.19823883,0.51082444
14552936,-0.10939138,0.22033991,0.43526745
14564174,-0.1362715,0.1555133,0.46274436
14572936,-0.0936608,0.17105179,0.51236326
14583351,-0.07016233,0.24637266,0.5558035
14592936,-0.05833561,0.292031,0.47808534
14603352,-0.07349542,0.30182824,0.42362413
14612936,-0.1044569,0.22560257,0.42592984
14623335,-0.13981868,0.17721926,0.45875636
14632936,-0.12336153,0.19068803,0.49632514
14643335,-0.07981874,0.22557151,0.5145667
14652936,-0.039238002,0.26128697,0.48368356
14663335,-0.04899899,0.26582152,0.43829945
14672936,-0.100654535,0.24404277,0.4400377
14683335,-0.14988217,0.18832704,0.4697174
14692936,-0.12122908,0.19646035,0.51255006
14703335,-0.09826479,0.23867622,0.5348071
14712936,-0.07052604,0.2864771,0.4730391
14723336,-0.067142546,0.27235305,0.40219465
14732936,-0.06633961,0.22759949,0.4340366
14734536,-0.09217286,0.22759949,0.43468803
14743335,-0.14334393,0.15536769,0.45563927
14752935,-0.14335491,0.17714645,0.45520383
14754536,-0.11423929,0.1783842,0.5163787
14764176,-0.11423929,0.1783842,0.5163787
14774536,-0.11423929,0.1783842,0.5163787
14784936,-0.11423929,0.1783842,0.5163787
14794570,-0.10455782,0.24367873,0.42192757
14804183,-0.14511661,0.16440575,0.45368156
14814535,-0.116547965,0.15794706,0.4931652
14824176,-0.07050746,0.20252392,0.5421167
14834536,-0.047721494,0.28136006,0.48896068
14844176,-0.059253335,0.29130292,0.4416914
14854535,-0.09609447,0.26353338,0.41585222
14864175,-0.14838482,0.17907056,0.46075696
14874536,-0.14913884,0.17076056,0.4991954
14884176,-0.088296734,0.23475519,0.5200615
14894535,-0.05153119,0.277439,0.4745625
14905744,-0.03550389,0.28012228,0.42674357
14914536,-0.08873576,0.24211866,0.43431088
14925735,-0.13332225,0.18008988,0.51136094
14934576,-0.116180874,0.15823829,0.50772274
14945735,-0.084298015,0.22793245,0.5419561
14954535,-0.06318197,0.2941007,0.4909172
14965735,-0.07331554,0.30923343,0.43075776
14974536,-0.09283357,0.26338777,0.40848655
14985735,-0.13451347,0.17551355,0.46412146
14995336,-0.13451347,0.17551355,0.46412146
14996176,-0.13451347,0.17551355,0.46412146
15005736,-0.13451347,0.17551355,0.46412146
15016190,-0.13451347,0.17551355,0.46412146
15025735,-0.06782493,0.30404356,0.44347423
15035336,-0.06844904,0.267236,0.41872418
15036177,-0.10633782,0.267236,0.41967958
15045745,-0.15007487,0.2063304,0.4620758
15055337,-0.1500529,0.16277288,0.46294662
15056936,-0.14252163,0.16328254,0.48824865
15065737,-0.086883835,0.2109067,0.5077519
15075359,-0.08692135,0.28531748,0.5062642
15076936,-0.054520424,0.28506264,0.49270117
15085736,-0.04351571,0.27515087,0.4507256
15096935,-0.076811485,0.2293052,0.42880183
15105735,-0.13451897,0.18640293,0.46390373
15116935,-0.14048095,0.16898207,0.5008343
15125736,-0.09694365,0.21475494,0.51885813
15136935,-0.07015895,0.28676832,0.48759666
15145736,-0.055632677,0.3059677,0.44859302
15156935,-0.07606294,0.24850455,0.39014566
15165737,-0.100425236,0.15344357,0.44913074
15176181,-0.13321401,0.14749454,0.5156535
15185736,-0.07246185,0.20778659,0.5329527
15196175,-0.059177756,0.27638862,0.5130296
15205736,-0.069592126,0.3021923,0.44173425
15216175,-0.07765391,0.26131803,0.39539415
15225736,-0.13303441,0.20255499,0.4544353
15236937,-0.13303441,0.20255499,0.4544353
15256957,-0.13303441,0.20255499,0.4544353
15268175,-0.058792643,0.28803712,0.4599609
15276936,-0.08389671,0.2545681,0.42118874
15288176,-0.13675417,0.20233656,0.44360396
15296936,-0.16123384,0.15801987,0.4979337
15308175,-0.09367361,0.19646035,0.51185524
15316936,-0.07313903,0.276243,0.5060982
15328175,-0.06800482,0.2966384,0.4363406
15336936,-0.07383506,0.24709012,0.41015512
15347380,-0.108642556,0.19188403,0.4649632
15357735,-0.14365374,0.17646007,0.51169413
15367335,-0.107187,0.21845753,0.5226854
15376935,-0.07444918,0.2783855,0.5224827
15387335,-0.08328358,0.3131545,0.44550335
15396936,-0.0926427,0.2490142,0.41605568
15407335,-0.12008995,0.21641889,0.421043
15416951,-0.13209654,0.16335535,0.49162748
15427335,-0.090139225,0.20016295,0.51533526
15436936,-0.048376434,0.2586037,0.53132874
15447335,-0.053406622,0.30818304,0.46852997
15456938,-0.072256915,0.25968516,0.40439862
15467335,-0.12634006,0.22418813,0.44654733
15488176,-0.12634006,0.22418813,0.44654733
15498536,-0.12634006,0.22418813,0.44654733
15508175,-0.05208548,0.28426176,0.45258105
15518535,-0.04926882,0.2547137,0.42759898
15528176,-0.112099804,0.21729259,0.46454203
15538535,-0.14093798,0.16498822,0.48270988
15548175,-0.090231,0.20009014,0.5116958
15558535,-0.0691275,0.2440117,0.5285008
15568176,-0.07955468,0.29522395,0.45669752
15578570,-0.08073491,0.26886886,0.40989342
15588179,-0.097465284,0.20389663,0.42983094
15598535,-0.12910731,0.15573174,0.47348878
15608176,-0.096288435,0.18985604,0.5448418
15618535,-0.06931287,0.24749587,0.52114946
15628176,-0.06504459,0.29943618,0.4853927
15638537,-0.09061301,0.27649248,0.42820585
15648176,-0.11964023,0.2349319,0.43887714
15658536,-0.16066702,0.17344384,0.4520713
15669736,-0.11814259,0.17802015,0.49826854
15678536,-0.053845078,0.22023603,0.5194832
15689735,-0.03924166,0.26854655,0.4835384
15698536,-0.06789841,0.26767284,0.44056055
15709750,-0.10912338,0.23507752,0.44589534
15720175,-0.10912338,0.23507752,0.44589534
15729736,-0.10912338,0.23507752,0.44589534
15740183,-0.10912338,0.23507752,0.44589534
15749735,-0.056939166,0.30085066,0.4651226
15759335,-0.05476308,0.2671632,0.41473737
15769735,-0.07857318,0.2165645,0.42727953
15780176,-0.13953422,0.15928872,0.4700374
15789735,-0.11237851,0.17667851,0.5218306
15800180,-0.08997947,0.24749587,0.5216706
15809736,-0.065591566,0.29173976,0.4637015
15819335,-0.06558973,0.28810993,0.46377406
15820935,-0.08400495,0.2871634,0.41689616
15829736,-0.120194525,0.24175462,0.41689566
15839336,-0.12015701,0.16734387,0.41838336
15840936,-0.14149044,0.16818118,0.46080095
15849735,-0.10603477,0.16535227,0.50003827
15860935,-0.063805796,0.2096379,0.5345191
15869736,-0.059451245,0.27254036,0.50218385
15880935,-0.06661937,0.3272368,0.42294246
15889735,-0.11303949,0.26012203,0.42727727
15900941,-0.16011639,0.1738807,0.47390762
15909735,-0.14551453,0.17816578,0.50624216
15920935,-0.07115902,0.22016323,0.5162781
15929736,-0.053116664,0.27936313,0.4800287
15940936,-0.053116664,0.27936313,0.4800287
15950536,-0.053116664,0.27936313,0.4800287
15960937,-0.053116664,0.27936313,0.4800287
15972174,-0.13397199,0.19409938,0.48559496
15980936,-0.08456967,0.22045445,0.53118306
15992175,-0.081896015,0.29246786,0.50052965
16000937,-0.06774231,0.32226536,0.4467508
16012175,-0.07923755,0.25961235,0.40093297
16020936,-0.11914294,0.15907028,0.45859805
16032175,-0.13852656,0.1637194,0.50999814
16040936,-0.066974916,0.20985632,0.5455242
16052174,-0.05927868,0.29446474,0.50902724
16060936,-0.07862442,0.31819868,0.42524755
16072175,-0.099531576,0.2490142,0.4162294
16080936,-0.13991961,0.19529541,0.45475414
16091335,-0.14605784,0.16320974,0.48469606
16100935,-0.08492578,0.19838445,0.517061
16111335,-0.047339767,0.25261292,0.5040988
16120936,-0.04315594,0.28996128,0.46499288
16131335,-0.07868326,0.25278962,0.42291442
16140935,-0.12111381,0.19700108,0.448781
16151335,-0.1459679,0.16691235,0.48826292
16160949,-0.10382702,0.20386554,0.5192495
16172175,-0.10382702,0.20386554,0.5192495
16192176,-0.10382702,0.20386554,0.5192495
16203335,-0.11367247,0.19380814,0.47051623
16212178,-0.15452851,0.15787426,0.4904812
16223335,-0.0828851,0.20408398,0.5296465
16232176,-0.08682135,0.26905623,0.5102301
16242535,-0.08179171,0.31478733,0.43632513
16252174,-0.08967544,0.2849481,0.3970461
16262535,-0.11451673,0.2294508,0.437036
16272175,-0.13105255,0.14284544,0.46468773
16282568,-0.08510383,0.18734945,0.5099999
16292175,-0.058329843,0.23348637,0.54665494
16302535,-0.049580455,0.27943593,0.48358127
16312174,-0.071898974,0.27812538,0.41859332
16322535,-0.11285595,0.26026765,0.43455604
16332175,-0.1493297,0.18513413,0.49162635
16342535,-0.10912127,0.18379249,0.51431984
16352176,-0.074702546,0.23460957,0.51243526
16362570,-0.051433925,0.26662242,0.47841963
16372175,-0.05970305,0.2727899,0.4238573
16382535,-0.10038105,0.24789101,0.4508833
16392175,-0.14113069,0.18299158,0.47506824
16403336,-0.14113069,0.18299158,0.47506824
16413736,-0.14113069,0.18299158,0.47506824
16423336,-0.14113069,0.18299158,0.47506824
16433735,-0.06688187,0.3016098,0.41253227
16443336,-0.08416471,0.23983052,0.41056085
16453736,-0.119139284,0.15181069,0.4587432
16463336,-0.121210776,0.16016242,0.5132758
16473735,-0.074241854,0.23134384,0.5307048
16483336,-0.07324361,0.30157873,0.50195074
16493735,-0.07145841,0.31478733,0.43606457
16503336,-0.10288789,0.2563466,0.41981047
16513735,-0.1367505,0.19507699,0.4437491
16523336,-0.14763966,0.15787426,0.4903075
16533735,-0.07114987,0.20201425,0.51664096
16544176,-0.04892524,0.25453705,0.509565
16553735,-0.05208548,0.28426176,0.45258105
16564936,-0.07533608,0.2636062,0.41897047
16573736,-0.14038762,0.21308033,0.4361943
16584937,-0.1475552,0.17246625,0.49365664
16593736,-0.096673824,0.22586274,0.52955854
16604935,-0.07146545,0.2816513,0.5041262
16613736,-0.055704318,0.26596713,0.4457519
16624935,-0.07029337,0.23627353,0.41392538
16635336,-0.07029337,0.23627353,0.41392538
16644937,-0.07029337,0.23627353,0.41392538
16655336,-0.07029337,0.23627353,0.41392538
16664935,-0.08300982,0.26934746,0.5247009
16674536,-0.06401707,0.3115944,0.45779982
16684936,-0.0743985,0.2720618,0.38781077
16694536,-0.07336522,0.22567537,0.42878753
16696176,-0.11469844,0.22567537,0.4298298
16704936,-0.13757801,0.15039626,0.47927386
16714535,-0.13676853,0.18371968,0.5113753
16716175,-0.09543531,0.18371968,0.510333
16724936,-0.060654975,0.24571738,0.5227884
16734535,-0.06067785,0.2910898,0.5218812
16736176,-0.04967772,0.2902525,0.47972414
16744936,-0.07888144,0.28168234,0.4150551
16756175,-0.114705764,0.24019457,0.4295395
16764936,-0.15517823,0.17188378,0.46471515
16776174,-0.11497347,0.17780173,0.48726353
16784936,-0.06939001,0.21838473,0.51809067
16796175,-0.0423245,0.27972716,0.49796513
16804936,-0.05942773,0.27300832,0.43477547
16816174,-0.09227013,0.23841606,0.43083093
16824936,-0.1616174,0.19039679,0.482723
16836174,-0.12848869,0.20342869,0.49802113
16844936,-0.08960506,0.23326793,0.53651845
16855335,-0.06540253,0.280996,0.471198
16865737,-0.06540253,0.280996,0.471198
16876176,-0.06540253,0.280996,0.471198
16885737,-0.06540253,0.280996,0.471198
16896935,-0.1316322,0.15283002,0.5100422
16907335,-0.07265271,0.22216013,0.5253837
16916175,-0.0679329,0.28898364,0.5075336
16927335,-0.06643582,0.32738242,0.43022123
16936174,-0.091149,0.2470173,0.40695003
16947335,-0.13285086,0.2027006,0.4617141
16956138,-0.13218284,0.15239316,0.48820582
16967335,-0.06928542,0.19304897,0.522238
16976174,-0.043344695,0.25304976,0.52584827
16986535,-0.053584676,0.29714805,0.46146894
16996176,-0.086130075,0.26687196,0.40096152
17006576,-0.123073675,0.21315314,0.4393994
17016174,-0.15789033,0.17609604,0.49384463
17026535,-0.10876883,0.21312207,0.52829677
17036935,-0.06921561,0.23667932,0.5250066
17046535,-0.04677843,0.27892628,0.45801866
17056175,-0.063131005,0.24012175,0.42459726
17066535,-0.1088261,0.19173841,0.45768437
17076175,-0.15258509,0.17439036,0.49920967
17087336,-0.15258509,0.17439036,0.49920967
17107336,-0.15258509,0.17439036,0.49920967
17127336,-0.09403,0.22204559,0.42938125
17137735,-0.14297684,0.15565893,0.47019684
17147336,-0.08817385,0.17312153,0.52493465
17157735,-0.060012568,0.24622704,0.5482641
17167336,-0.06196907,0.30277476,0.47067568
17177736,-0.07349542,0.30182824,0.42362413
17187336,-0.09916083,0.24204585,0.43093207
17197735,-0.14865647,0.17159255,0.4499839
17208175,-0.122227594,0.1738807,0.4729522
17217735,-0.074324474,0.21312207,0.5274282
17227336,-0.05423596,0.26713207,0.5039822
17237735,-0.04901546,0.29848966,0.4376463
17247335,-0.08538858,0.25293526,0.43036693
17257735,-0.14829853,0.19003275,0.4641786
17267336,-0.1544404,0.16520666,0.49397546
17277736,-0.10197904,0.22756842,0.5241935
17288176,-0.049209706,0.27246755,0.49828398
17297735,-0.055994276,0.29478708,0.43425316
17308176,-0.07215782,0.2452388,0.40832826
17317735,-0.10855261,0.19558665,0.46853
17328936,-0.10855261,0.19558665,0.46853
17338536,-0.10855261,0.19558665,0.46853
17348936,-0.10855261,0.19558665,0.46853
17358536,-0.0626188,0.31678426,0.44490963
17368935,-0.08427295,0.27242586,0.40626833
17378535,-0.11515547,0.22168155,0.4117054
17388935,-0.13618156,0.15921591,0.46631116
17398577,-0.09171189,0.17667851,0.5213095
17408935,-0.068844855,0.22971095,0.5397093
17418535,-0.05666202,0.29743928,0.47611338
17428935,-0.07367165,0.2871634,0.41663557
17438535,-0.07360654,0.24908702,0.41921732
17440176,-0.10977311,0.24908702,0.42012933
17449738,-0.1554554,0.17529513,0.4537244
17458535,-0.15458447,0.17780173,0.48826236
17460179,-0.12530677,0.17780173,0.4875241
17468936,-0.062600225,0.23283108,0.5139873
17478535,-0.062621266,0.2745737,0.5131527
17480190,-0.0374763,0.27402765,0.48520583
17488935,-0.040175855,0.3004866,0.44649136
17498535,-0.04014017,0.22970563,0.4479065
17500179,-0.10418341,0.2294508,0.43677545
17508936,-0.14308691,0.19188403,0.46583176
17520175,-0.14402266,0.17979865,0.497064
17528936,-0.08820313,0.23119822,0.52377355
17540175,-0.06625565,0.28713238,0.5057068
17548936,-0.07722432,0.31975874,0.41243
17560186,-0.07722432,0.31975874,0.41243
17570536,-0.07722432,0.31975874,0.41243
17580176,-0.07722432,0.31975874,0.41243
17591335,-0.08829124,0.2238658,0.5202792
17600176,-0.06643554,0.27972716,0.49857312
17611335,-0.065971464,0.31685707,0.4486359
17620174,-0.07588671,0.26316935,0.3971341
17631335,-0.14048305,0.2202671,0.43240976
17640180,-0.14056723,0.15801987,0.49741256
17651335,-0.08678292,0.19283055,0.5117541
17660174,-0.06363689,0.23882183,0.54121727
17671335,-0.039439846,0.29743928,0.47567907
17680181,-0.09284272,0.2815367,0.4081237
17691348,-0.12121473,0.21507724,0.4447788
17700176,-0.16160275,0.16135845,0.48330358
17711335,-0.10074419,0.19268493,0.50482273
17720175,-0.07312622,0.25083444,0.50660616
17731335,-0.062049862,0.2809232,0.46747172
17740175,-0.05439782,0.2710842,0.42922235
17750535,-0.099067226,0.23848887,0.43464404
17760176,-0.14234541,0.17794734,0.49523717
17770535,-0.12679863,0.17616884,0.49670228
17780937,-0.12679863,0.17616884,0.49670228
17791337,-0.12679863,0.17616884,0.49670228
17800936,-0.12679863,0.17616884,0.49670228
17811335,-0.09161152,0.25391284,0.38860792
17822535,-0.1331097,0.16981404,0.45144904
17831335,-0.11943811,0.15112434,0.5152336
17842535,-0.09454137,0.23163508,0.5457836
17851336,-0.069790035,0.28342974,0.50222677
17862535,-0.060936075,0.30404356,0.44330052
17871338,-0.09291802,0.24879578,0.40513748
17882536,-0.1418795,0.21144746,0.44537252
17891335,-0.14111787,0.15758301,0.47557622
17901735,-0.081384085,0.18756787,0.52083117
17911336,-0.0468809,0.25297695,0.52229583
17921735,-0.05498112,0.28832838,0.4744316
17931335,-0.0751507,0.26012203,0.42632186
17941735,-0.11908594,0.22810915,0.46085864
17951337,-0.16654456,0.17061494,0.4923509
17961735,-0.10410234,0.20364712,0.5083313
17971336,-0.069867164,0.25431862,0.49916798
17981735,-0.06056715,0.30070505,0.45793068
17991336,-0.06350907,0.26160926,0.40960428
18002536,-0.06350907,0.26160926,0.40960428
18022536,-0.06350907,0.26160926,0.40960428
18033735,-0.085041344,0.24549896,0.5124782
18043335,-0.07388236,0.29380947,0.47662023
18053735,-0.07739506,0.29420462,0.40565917
18062541,-0.09803604,0.24338749,0.40719628
18072935,-0.13161418,0.16418733,0.44241598
18082536,-0.10938195,0.15453571,0.5039822
18092935,-0.053301763,0.23519205,0.5410293
18102536,-0.073236294,0.28705958,0.502241
18112935,-0.066065066,0.32041404,0.44492394
18122535,-0.09981239,0.25968516,0.4050935
18132935,-0.15203656,0.22611223,0.45262158
18142536,-0.14084072,0.15417168,0.48656696
18152935,-0.0937727,0.2109067,0.5079256
18162536,-0.061027557,0.25631553,0.508013
18172935,-0.044734094,0.2773662,0.4707494
18182579,-0.07189165,0.2636062,0.4188836
18192935,-0.114147805,0.22611223,0.45166615
18202540,-0.11333755,0.16683954,0.48379835
18204186,-0.15983741,0.16683954,0.48497093
18212935,-0.109503,0.2125396,0.49918172
18222535,-0.1095213,0.24883753,0.498456
18224176,-0.07452632,0.24927437,0.5194238
18233736,-0.07452632,0.24927437,0.5194238
18244175,-0.07452632,0.24927437,0.5194238
18253736,-0.07452632,0.24927437,0.5194238
18264175,-0.12706663,0.16143125,0.4860744
18273748,-0.121219926,0.1783114,0.5129129
18284176,-0.075843796,0.26593608,0.53551793
18293754,-0.08784365,0.29366383,0.4696888
18304177,-0.08569135,0.30716372,0.4183602
18313736,-0.09785433,0.24716292,0.4144025
18324174,-0.12436188,0.17173816,0.45665473
18333736,-0.11450729,0.16364658,0.5057507
18344174,-0.05886767,0.20764098,0.52532655
18355336,-0.048851766,0.2909078,0.5124787
18364175,-0.07081966,0.32255659,0.4613952
18373736,-0.07079587,0.2753693,0.46233863
18375335,-0.08939464,0.27427715,0.40818197
18384176,-0.12800814,0.20789048,0.44873703
18393760,-0.12799351,0.17885213,0.4493176
18395335,-0.15118682,0.17958023,0.48631954
18404176,-0.098800786,0.20920104,0.51355124
18415335,-0.061025724,0.25268573,0.5080856
18424179,-0.044734094,0.2773662,0.4707494
18435343,-0.06621201,0.24767259,0.43909657
18444935,-0.10866269,0.23181176,0.4641649
18455335,-0.15807754,0.18321002,0.4864207
18465736,-0.15807754,0.18321002,0.4864207
18475336,-0.15807754,0.18321002,0.4864207
18485736,-0.15807754,0.18321002,0.4864207
18495335,-0.075982146,0.2703561,0.39334956
18506535,-0.0701961,0.22545695,0.41778246
18515336,-0.12716207,0.16861804,0.48228988
18526535,-0.11116012,0.17446317,0.5018068
18535335,-0.08122982,0.24579018,0.5269488
18546577,-0.06318929,0.3086199,0.49062693
18555336,-0.061394934,0.30367953,0.42510357
18566535,-0.09646156,0.26324216,0.40129465
18575336,-0.1315407,0.20055808,0.44532967
18586535,-0.12874022,0.15602297,0.48804638
18595336,-0.083154924,0.19297616,0.5189461
18605735,-0.06754751,0.25297695,0.522817
18615335,-0.061871808,0.29195818,0.47453275
18626535,-0.09796074,0.2761284,0.41018257
18635335,-0.12466464,0.22596662,0.44464797
18645735,-0.15164019,0.1683268,0.4683403
18655336,-0.086878344,0.20001732,0.5079696
18665735,-0.07134988,0.23453677,0.508709
18676184,-0.039518807,0.2719579,0.47254765
18685735,-0.057928536,0.26012203,0.42588758
18696177,-0.057928536,0.26012203,0.42588758
18706548,-0.057928536,0.26012203,0.42588758
18716936,-0.057928536,0.26012203,0.42588758
18726536,-0.086531386,0.24023628,0.5217289
18737735,-0.07341617,0.27965435,0.49510744
18746536,-0.056361366,0.29449585,0.4196956
18757735,-0.08072393,0.24709012,0.41032884
18766535,-0.11366332,0.17565918,0.4708791
18777735,-0.117764525,0.15653263,0.5132615
18786535,-0.08456967,0.22045445,0.53118306
18797771,-0.06606845,0.28001842,0.5131307
18806536,-0.07797836,0.31144878,0.45086846
18817740,-0.07719687,0.26531187,0.41351855
18826577,-0.12615652,0.22433376,0.45382613
18836935,-0.123987466,0.1575102,0.47150254
18846535,-0.083332986,0.18194117,0.511885
18856935,-0.055436037,0.23304951,0.5247317
18866536,-0.054713123,0.303066,0.48505953
18876935,-0.082329534,0.28894195,0.4149968
18886535,-0.10287692,0.23456785,0.4202459
18896935,-0.16550972,0.16825399,0.4650483
18906535,-0.12177056,0.17787454,0.49107662
18916935,-0.0900621,0.2292741,0.5183941
18937736,-0.0900621,0.2292741,0.5183941
18948176,-0.0900621,0.2292741,0.5183941
18957738,-0.0900621,0.2292741,0.5183941
18968175,-0.14066815,0.17609604,0.49341035
18977736,-0.081769474,0.22357458,0.5055479
18988175,-0.07639809,0.27275878,0.51353645
18997737,-0.06932047,0.30967027,0.45250732
19008175,-0.08277376,0.25953954,0.39738038
19017736,-0.10947583,0.20574793,0.43191835
19028175,-0.13386375,0.16150406,0.4898875
19037735,-0.08316225,0.20749536,0.51865584
19048175,-0.06727951,0.26771456,0.5334448
19057736,-0.055361018,0.31344572,0.45936605
19068175,-0.08912297,0.28175515,0.41895503
19077737,-0.10949047,0.23478629,0.43133777
19088175,-0.13495952,0.14974098,0.4464325
19099335,-0.08890071,0.15801987,0.49610972
19108175,-0.0588695,0.21127075,0.52525395
19119336,-0.05592235,0.28713238,0.5054462
19128174,-0.054228913,0.30026817,0.4359206
19139335,-0.087620124,0.26160926,0.41021228
19148935,-0.1363761,0.18084903,0.45859692
19159335,-0.14402631,0.18705823,0.49691883
19168937,-0.14402631,0.18705823,0.49691883
19169736,-0.14402631,0.18705823,0.49691883
19179336,-0.14402631,0.18705823,0.49691883
19188936,-0.14402631,0.18705823,0.49691883
19189737,-0.14402631,0.18705823,0.49691883
19199335,-0.06685625,0.25079268,0.41354826
19208935,-0.11572595,0.21351719,0.45742264
19219335,-0.14959587,0.16676673,0.48107103
19228935,-0.09870169,0.19475466,0.5174809
19239336,-0.08672408,0.25823963,0.51408726
19248935,-0.08817492,0.3133729,0.45655182
19250536,-0.07611939,0.3133729,0.45624784
19259336,-0.072633155,0.2775429,0.3894782
19268936,-0.07172929,0.21471319,0.4253224
19270536,-0.08034037,0.21471319,0.42553955
19279335,-0.12221662,0.15210192,0.47338763
19288935,-0.122227594,0.1738807,0.4729522
19290535,-0.11097658,0.17460878,0.50908566
19299338,-0.07283626,0.22201452,0.518105
19310535,-0.07194444,0.32121494,0.48513097
19319336,-0.065782435,0.3061133,0.4561324
19330576,-0.10185124,0.25035584,0.39258042
19339336,-0.14875557,0.1860389,0.44605422
19350535,-0.13218467,0.15602297,0.48813325
19359335,-0.06769995,0.19112489,0.51677185
19370535,-0.050319843,0.2420876,0.52260035
19379336,-0.04641683,0.2901069,0.47235852
19390536,-0.04641683,0.2901069,0.47235852
19400176,-0.04641683,0.2901069,0.47235852
19410536,-0.04641683,0.2901069,0.47235852
19420176,-0.11628912,0.19083364,0.5034302
19430535,-0.07797075,0.24927437,0.5195106
19441735,-0.059454903,0.27979997,0.5020387
19450536,-0.06509638,0.2671632,0.41499794
19461741,-0.08677953,0.23322621,0.4435474
19470577,-0.12921189,0.18106747,0.4693414
19481735,-0.13351129,0.19083364,0.50386447
19490536,-0.07964068,0.23660651,0.5216278
19501735,-0.077330455,0.30106908,0.47656193
19510535,-0.06410518,0.30426198,0.45430553
19521735,-0.09849308,0.23939367,0.38907188
19530535,-0.114496596,0.18952309,0.43783426
19541735,-0.12660594,0.15816548,0.5043439
19550535,-0.082417086,0.18629907,0.5482064
19561742,-0.07443821,0.25660676,0.5229181
19570535,-0.07285667,0.30959746,0.44895473
19580935,-0.097777195,0.27627406,0.4174613
19590535,-0.12847616,0.22567537,0.43017724
19600935,-0.16382515,0.1518835,0.46351177
19610577,-0.09542798,0.16920051,0.5106233
19621736,-0.09542798,0.16920051,0.5106233
19641736,-0.09542798,0.16920051,0.5106233
19652936,-0.11472223,0.2728627,0.42888638
19661736,-0.14625786,0.19573227,0.4767642
19672935,-0.13015862,0.19076084,0.5001383
19681736,-0.07964068,0.23660651,0.5216278
19692942,-0.05628761,0.28321132,0.49096122
19701736,-0.062605985,0.29137573,0.4454176
19712165,-0.08425465,0.23612791,0.40699401
19721735,-0.1305312,0.20135897,0.48536298
19732175,-0.149405,0.15239316,0.4886401
19741735,-0.11090311,0.2109795,0.51199925
19752177,-0.0728509,0.25105286,0.51752436
19761735,-0.0722106,0.30284756,0.4745756
19772174,-0.08762744,0.2761284,0.409922
19781736,-0.104355976,0.20752643,0.4299321
19792175,-0.14791133,0.15039626,0.47953445
19801735,-0.0988706,0.16557069,0.51078266
19812175,-0.059542723,0.22481233,0.5668965
19821736,-0.058067612,0.3067686,0.48871323
19832175,-0.06521377,0.31790745,0.41034254
19852936,-0.06521377,0.31790745,0.41034254
19872961,-0.08334396,0.20371993,0.5114495
19883335,-0.052008074,0.26571766,0.5239917
19892936,-0.062143464,0.28448018,0.46375978
19903335,-0.0995389,0.26353338,0.4159391
19912936,-0.13349693,0.20945053,0.43609318
19923335,-0.1617863,0.16121283,0.47602478
19932935,-0.121140964,0.20379274,0.5160444
19943335,-0.09518561,0.23475519,0.5202352
19952935,-0.058508176,0.2701066,0.47124198
19963335,-0.049465172,0.27997667,0.4198122
19972935,-0.09701557,0.22240964,0.44766504
19983335,-0.14671123,0.18447885,0.4587849
19992936,-0.1456531,0.17987145,0.50074685
19993736,-0.1163754,0.17987145,0.5000086
20003335,-0.08457333,0.22771403,0.5310379
20012947,-0.08505964,0.2817969,0.5117524
20014551,-0.074726336,0.2817969,0.51149184
20023347,-0.05739254,0.2895972,0.44714338
20032936,-0.057373326,0.2514844,0.44790536
20034536,-0.07755664,0.25050145,0.39925125
20043336,-0.08992119,0.17899776,0.45564103
20052936,-0.08990106,0.13907002,0.4564393
20054535,-0.12324414,0.13994373,0.50098056
20063336,-0.10019538,0.1967516,0.52658653
20074536,-0.10019538,0.1967516,0.52658653
20084936,-0.10019538,0.1967516,0.52658653
20094536,-0.10019538,0.1967516,0.52658653
20104176,-0.118339226,0.25093833,0.42212987
20114578,-0.14670758,0.17721926,0.45893005
20124176,-0.11470364,0.18890952,0.497964
20134535,-0.06585013,0.21119794,0.5217883
20144176,-0.0475288,0.26335666,0.49660233
20154536,-0.050700024,0.31486014,0.43918285
20164176,-0.10438709,0.2692329,0.4286984
20174536,-0.1437348,0.20226374,0.44013828
20185735,-0.16645278,0.17068775,0.4959903
20194536,-0.08316774,0.21838473,0.5184381
20205736,-0.07154441,0.25616992,0.5009948
20214536,-0.052083652,0.28063196,0.45265362
20225735,-0.070388794,0.2434603,0.41014084
20234536,-0.11926216,0.21344438,0.45387012
20245735,-0.13414638,0.1758048,0.47867903
20254577,-0.12951988,0.19853006,0.52546895
20265736,-0.0912878,0.24600862,0.5381276
20274536,-0.07892325,0.31751236,0.48173785
20285735,-0.07014276,0.30175543,0.41989788
20294535,-0.092635386,0.23449504,0.41634595
20305736,-0.092635386,0.23449504,0.41634595
20316176,-0.092635386,0.23449504,0.41634595
20325736,-0.092635386,0.23449504,0.41634595
20336935,-0.083386056,0.2872052,0.5097804
20345752,-0.07313565,0.31663865,0.43789142
20356935,-0.10167501,0.2650206,0.39956897
20365736,-0.12950368,0.21351719,0.45777005
20376935,-0.15155025,0.17202939,0.4719071
20385735,-0.09543713,0.18734945,0.5102604
20396935,-0.06539493,0.21882159,0.53984016
20405735,-0.066624574,0.29047093,0.49107665
20416936,-0.07843539,0.30745494,0.43274406
20425737,-0.119730175,0.23122929,0.4353103
20436936,-0.15314855,0.19936204,0.47686535
20445736,-0.15090968,0.17616884,0.49731028
20456175,-0.08149233,0.22016323,0.5165386
20465736,-0.054691162,0.2595085,0.48593038
20476189,-0.05543815,0.28433457,0.45630726
20485735,-0.08733749,0.24730854,0.42142072
20496175,-0.11852066,0.19950767,0.48327553
20505736,-0.16142105,0.16513385,0.49050978
20516175,-0.11937745,0.21290363,0.5176392
20536936,-0.11937745,0.21290363,0.5176392
20556936,-0.11937745,0.21290363,0.5176392
20568175,-0.118687734,0.16669393,0.4766499
20576936,-0.11246845,0.17297591,0.51826376
20588175,-0.08792232,0.22052728,0.53490937
20596936,-0.06979369,0.29068935,0.5020816
20607335,-0.08206337,0.30730933,0.42555213
20616936,-0.102889724,0.25997642,0.4197379
20627335,-0.13534309,0.18211788,0.4312218
20636937,-0.14595875,0.14876339,0.4886258
20647335,-0.08995568,0.20030856,0.522614
20656936,-0.07089102,0.2349008,0.52690595
20667335,-0.072485924,0.30262914,0.46365747
20676937,-0.08902937,0.27819818,0.42266697
20687335,-0.13527693,0.23300777,0.4338452
20696936,-0.14829671,0.18640293,0.46425116
20707335,-0.13422534,0.15032345,0.47554764
20716936,-0.0777744,0.22401144,0.5272974
20727335,-0.04427157,0.27047068,0.48909152
20736936,-0.048824593,0.28411612,0.44521537
20747336,-0.083522305,0.24034019,0.4360366
20758586,-0.083522305,0.24034019,0.4360366
20768176,-0.083522305,0.24034019,0.4360366
20778538,-0.083522305,0.24034019,0.4360366
20788176,-0.09539294,0.2817969,0.51201296
20798535,-0.10207658,0.28604025,0.45198444
20808176,-0.09460442,0.26879606,0.40660146
20818535,-0.105756074,0.20596637,0.44274968
20828175,-0.15117401,0.15417168,0.48682752
20838535,-0.124482654,0.18208678,0.5202061
20848176,-0.08951329,0.23334074,0.54015785
20858535,-0.073518924,0.3013603,0.49103266
20868176,-0.07154835,0.31108475,0.43249777
20878535,-0.10138688,0.23983052,0.41099513
20888189,-0.13860764,0.18952309,0.43844226
20898577,-0.123523116,0.14698488,0.48991722
20908176,-0.087911345,0.1987485,0.53534484
20918536,-0.06048241,0.26764175,0.5296316
20929736,-0.070718735,0.3044804,0.46539745
20938535,-0.09609629,0.2671632,0.41577965
20949736,-0.12550679,0.21032423,0.4795922
20958535,-0.15816748,0.1795074,0.4828539
20969782,-0.1129328,0.18350124,0.49984914
20978535,-0.077954285,0.21660623,0.5201638
20989736,-0.077954285,0.21660623,0.5201638
20999336,-0.077954285,0.21660623,0.5201638
21000176,-0.077954285,0.21660623,0.5201638
21009736,-0.077954285,0.21660623,0.5201638
21019335,-0.15323666,0.19202965,0.47337106
21029739,-0.15743147,0.17646007,0.51204157
21039336,-0.1051445,0.22052728,0.53534365
21049735,-0.081974976,0.26698646,0.49739832
21060175,-0.08866777,0.2893788,0.43700686
21069735,-0.0860255,0.24153619,0.4051089
21079335,-0.08600262,0.19616377,0.40601602
21080936,-0.10696897,0.19729231,0.46299118
21089742,-0.13358477,0.1544629,0.5009508
21099336,-0.13360581,0.19620553,0.5001163
21100936,-0.09711804,0.19646035,0.5119421
21109736,-0.09678023,0.25482827,0.5253386
21120949,-0.092875384,0.29921773,0.47516933
21129735,-0.09080204,0.28723624,0.4207093
21140935,-0.10660033,0.241609,0.4092694
21149744,-0.1467094,0.18084903,0.45885748
21160944,-0.1338546,0.1433551,0.49025035
21169735,-0.080752656,0.20985632,0.54587156
21180935,-0.0657913,0.27660704,0.52412146
21189736,-0.07630294,0.3132273,0.44896904
21200175,-0.09256374,0.27449557,0.41918704
21209736,-0.13665873,0.1951498,0.44738847
21220936,-0.13665873,0.1951498,0.44738847
21230537,-0.13665873,0.1951498,0.44738847
21240968,-0.13665873,0.1951498,0.44738847
21252177,-0.06466286,0.2706891,0.5005308
21260936,-0.071341015,0.26404306,0.44071996
21272175,-0.09757535,0.24012175,0.42546582
21280936,-0.15378912,0.1952226,0.45146218
21292174,-0.15435413,0.17616884,0.49739712
21300935,-0.09649028,0.22600837,0.53683734
21312175,-0.069696434,0.27987278,0.50593877
21320936,-0.06967841,0.2912301,0.43831256
21332177,-0.059600294,0.25108394,0.4279321
21340935,-0.11943839,0.19877957,0.44688162
21351337,-0.15221435,0.16742201,0.5139124
21360936,-0.117782824,0.19283055,0.5125358
21371338,-0.0794608,0.2440117,0.5287614
21380935,-0.082356706,0.2957336,0.48226014
21391344,-0.07199074,0.27805257,0.41495395
21400936,-0.12028264,0.23442224,0.4134014
21411335,-0.12426828,0.16818118,0.46036667
21420935,-0.12846674,0.15987119,0.49889195
21431335,-0.068650335,0.20807783,0.54742354
21452175,-0.068650335,0.20807783,0.54742354
21472176,-0.068650335,0.20807783,0.54742354
21483335,-0.15843914,0.17202939,0.47208083
21492161,-0.09403521,0.18527974,0.4975154
21502535,-0.058786876,0.22949253,0.52853054
21512174,-0.053964302,0.27461013,0.51475525
21522536,-0.06976652,0.2838977,0.43481833
21532175,-0.11471308,0.2547137,0.42924923
21542577,-0.17408316,0.18462446,0.4667586
21552176,-0.1578885,0.17246625,0.4939172
21562535,-0.09694182,0.21112514,0.5189307
21572175,-0.06624833,0.27261317,0.50599706
21582535,-0.057577915,0.29308137,0.439792
21592176,-0.07021074,0.2544953,0.41720188
21602535,-0.100160904,0.17544074,0.45961353
21612175,-0.14727257,0.15816548,0.50486505
21622535,-0.11928567,0.21297646,0.5212786
21632136,-0.088208616,0.2420876,0.5235558
21642536,-0.08430744,0.29373664,0.4732414
21652175,-0.09424831,0.29086605,0.4207236
21662536,-0.10138505,0.23620072,0.4110677
21673736,-0.10138505,0.23620072,0.4110677
21683336,-0.10138505,0.23620072,0.4110677
21693736,-0.10138505,0.23620072,0.4110677
21703336,-0.10138505,0.23620072,0.4110677
21713738,-0.08682162,0.31671146,0.44187826
21723336,-0.1049304,0.25427687,0.4071523
21733735,-0.13825153,0.21159308,0.45256442
21743336,-0.16374253,0.17010528,0.4667883
21753735,-0.100824974,0.17083336,0.5016188
21763336,-0.072463684,0.21141636,0.5328801
21773735,-0.06820456,0.28150567,0.4967606
21783336,-0.05944237,0.30204666,0.4341949
21793735,-0.10995665,0.24894139,0.41285056
21804175,-0.15378729,0.1915928,0.45153475
21813735,-0.1543468,0.16164967,0.4976874
21823336,-0.15437333,0.21428168,0.4966351
21824936,-0.10038807,0.21475494,0.518945
21833736,-0.06614741,0.25453705,0.5099993
21844948,-0.074332066,0.27529648,0.4587861
21853736,-0.07002171,0.24375154,0.4246984
21864935,-0.113683455,0.2155869,0.47008082
21873736,-0.17045152,0.17751049,0.4740956
21884975,-0.13714111,0.1943178,0.49659997
21893747,-0.08811319,0.2349008,0.52734023
21904936,-0.08811319,0.2349008,0.52734023
21915344,-0.08811319,0.2349008,0.52734023
21924936,-0.08811319,0.2349008,0.52734023
21935336,-0.08811319,0.2349008,0.52734023
21944936,-0.15528804,0.16045366,0.52870196
21956174,-0.10019538,0.1967516,0.52658653
21964936,-0.079383664,0.27312285,0.5318202
21976174,-0.07798018,0.31507856,0.45079586
21984935,-0.09954439,0.27442276,0.4157214
21996186,-0.11442129,0.22226402,0.44082054
22004935,-0.15535629,0.16084878,0.45765412
22016175,-0.09560055,0.14727612,0.5037799
22024936,-0.07395738,0.2134133,0.5419858
22036181,-0.0642976,0.27461013,0.5150158
22044936,-0.08868058,0.31478733,0.43649885
22055335,-0.10130609,0.26168206,0.4141991
22064936,-0.15509927,0.19736512,0.46784657
22076175,-0.15964837,0.15609577,0.4924675
22084935,-0.096938156,0.20386554,0.5190758
22095335,-0.06614192,0.24364765,0.51021695
22104936,-0.05627297,0.254173,0.4915418
22115335,-0.085313275,0.28567618,0.4333532
22124935,-0.10922247,0.24952386,0.4419657
22136175,-0.10922247,0.24952386,0.4419657
22145736,-0.10922247,0.24952386,0.4419657
22156176,-0.10922247,0.24952386,0.4419657
22167335,-0.06485373,0.28506264,0.49296176
22176175,-0.073029235,0.2876731,0.44211137
22187335,-0.08592823,0.23071963,0.40896598
22196176,-0.13965344,0.2136628,0.46530947
22207335,-0.14578253,0.16342816,0.4956143
22216176,-0.11406855,0.20393835,0.52314943
22227335,-0.07425283,0.2531226,0.5302694
22236178,-0.09128991,0.29729366,0.4697031
22246535,-0.08791008,0.2904292,0.39871353
22256186,-0.09458246,0.22523853,0.4074723
22266535,-0.14158589,0.17536794,0.45701644
22276150,-0.11273462,0.15460852,0.50770843
22286535,-0.09108412,0.20622651,0.54620475
22296175,-0.06048607,0.27490136,0.5294865
22306538,-0.08495717,0.3077462,0.44747537
22316176,-0.096279845,0.26701757,0.40850082
22326578,-0.13489886,0.21152027,0.44883817
22336178,-0.16876513,0.1575102,0.47263166
22346535,-0.10576677,0.18008988,0.51066613
22356174,-0.06593275,0.19297616,0.51851183
22387336,-0.06593275,0.19297616,0.51851183
22397735,-0.15016115,0.19536822,0.45865408
22407336,-0.15230429,0.1637194,0.5103456
22417735,-0.1037444,0.22208732,0.522526
22427347,-0.07843877,0.26705927,0.5009508
22437735,-0.063910656,0.28262883,0.46201977
22447336,-0.061279375,0.25656503,0.42968637
22457735,-0.10549357,0.23159333,0.45315984
22467335,-0.14084621,0.16506103,0.48634925
22477735,-0.13332592,0.18734945,0.5112158
22487336,-0.09128048,0.23148946,0.5384179
22497735,-0.08906568,0.3031388,0.48956752
22507357,-0.0803788,0.29093885,0.42401555
22517735,-0.099713296,0.2452388,0.40902314
22527343,-0.11543599,0.18469727,0.46892142
22537735,-0.1439199,0.15809268,0.50113887
22548178,-0.10522712,0.2023055,0.53206706
22557741,-0.0723957,0.2586765,0.53557616
22568935,-0.0951051,0.30426198,0.45508724
22577736,-0.10281625,0.29634714,0.42265156
22588936,-0.10281625,0.29634714,0.42265156
22599336,-0.10281625,0.29634714,0.42265156
22608936,-0.10281625,0.29634714,0.42265156
22618538,-0.08066089,0.20992912,0.5495109
22628935,-0.067830145,0.2672777,0.5116084
22638535,-0.07294478,0.3022651,0.44546047
22648937,-0.098047026,0.26516622,0.40676087
22658536,-0.13816525,0.22255525,0.45598614
22668935,-0.17361698,0.17046931,0.4852458
22678536,-0.12123274,0.20371993,0.5124049
22688936,-0.07238289,0.23326793,0.5360842
22700175,-0.06726332,0.28270164,0.46574602
22708936,-0.06958114,0.28041354,0.4421697
22720174,-0.10791231,0.24738134,0.42558128
22728936,-0.15137953,0.19758356,0.47867787
22740175,-0.15779673,0.17253906,0.49755657
22748935,-0.09834375,0.21319488,0.5316756
22760175,-0.08300982,0.26934746,0.5247009
22768935,-0.0813237,0.29700243,0.45488495
22780161,-0.08920011,0.252644,0.41589624
22788935,-0.100360915,0.20796329,0.45168158
22800174,-0.14986935,0.1629185,0.4702254
22808946,-0.110613145,0.1821596,0.52349806
22820176,-0.110613145,0.1821596,0.52349806
22830577,-0.110613145,0.1821596,0.52349806
22840176,-0.110613145,0.1821596,0.52349806
22849736,-0.113588296,0.25605536,0.40551347
22860186,-0.13320515,0.17700084,0.44766447
22869736,-0.13318501,0.1370731,0.44846275
22871335,-0.12845576,0.13809243,0.4993274
22880175,-0.08455869,0.19867569,0.53161854
22889736,-0.08458705,0.2549375,0.5304937
22891338,-0.06894944,0.2550467,0.5355619
22900176,-0.09306259,0.30633175,0.46774542
22911335,-0.091075525,0.28338805,0.40986374
22920175,-0.12186812,0.23634633,0.41886756
22931335,-0.14978491,0.17751049,0.4735745
22940176,-0.13571905,0.15232036,0.48465323
22951335,-0.069114685,0.21860316,0.5290088
22960175,-0.065875754,0.26201504,0.52077234
22971335,-0.058878925,0.27707493,0.45653927
22980176,-0.08688777,0.26582152,0.43925485
22990535,-0.12969455,0.22789073,0.45020103
23000175,-0.15286407,0.1814315,0.48814636
23010535,-0.1194619,0.19831164,0.51429015
23020176,-0.088390335,0.23831217,0.51634955
23030535,-0.0759267,0.29536957,0.46388948
23040936,-0.0759267,0.29536957,0.46388948
23051341,-0.0759267,0.29536957,0.46388948
23071394,-0.15221252,0.16379221,0.5139849
23082578,-0.10215527,0.21290363,0.51720494
23091336,-0.09379649,0.258094,0.5069822
23102535,-0.09379494,0.30211946,0.43870285
23111336,-0.08436655,0.2759828,0.40255636
23122535,-0.10277416,0.21286191,0.42432067
23131336,-0.13423084,0.16121283,0.47532994
23141735,-0.12737279,0.17526408,0.5422745
23151336,-0.091192365,0.23882183,0.54191214
23161735,-0.07352076,0.30499008,0.4909601
23171336,-0.0768554,0.31642023,0.42706013
23181737,-0.106422275,0.252644,0.41633052
23191335,-0.1555563,0.19337128,0.44972214
23201735,-0.15983193,0.15595016,0.48518866
23211335,-0.09516365,0.1911977,0.52110606
23221735,-0.06902841,0.22956534,0.53243047
23231335,-0.07193529,0.303066,0.4854938
23241735,-0.10299979,0.29620153,0.41537282
23251336,-0.095624626,0.24211866,0.4344846
23262536,-0.095624626,0.24211866,0.4344846
23282536,-0.095624626,0.24211866,0.4344846
23293735,-0.06801369,0.26713207,0.5043296
23302543,-0.057198014,0.2679641,0.45485753
23313741,-0.088840336,0.26745442,0.43016347
23322535,-0.1088444,0.22803634,0.45695865
23332935,-0.17044237,0.15936153,0.47445846
23342536,-0.12671418,0.19076084,0.50005144
23352935,-0.10022283,0.25119847,0.525498
23362577,-0.083756804,0.2941735,0.49507773
23372935,-0.07023453,0.30168262,0.41625845
23382536,-0.0839647,0.20730801,0.41849273
23392948,-0.12241297,0.17736487,0.46560088
23402536,-0.1384293,0.15290283,0.5138552
23412935,-0.1106223,0.20030856,0.5231352
23422535,-0.08979958,0.25490108,0.52880424
23432952,-0.07723685,0.29751208,0.48027384
23444175,-0.089310184,0.28886914,0.41153112
23453737,-0.12689254,0.22738107,0.4246384
23464184,-0.14139135,0.15373482,0.4647306
23472936,-0.110873826,0.15290283,0.5131604
23484176,-0.110873826,0.15290283,0.5131604
23494536,-0.110873826,0.15290283,0.5131604
23504175,-0.110873826,0.15290283,0.5131604
23514543,-0.110873826,0.15290283,0.5131604
23524175,-0.14133435,0.22277367,0.4669912
23533736,-0.15965752,0.17424475,0.49210462
23544175,-0.10418497,0.18542536,0.5050547
23553735,-0.08456418,0.20956509,0.5314008
23564174,-0.05935764,0.26898342,0.5058959
23573736,-0.06950035,0.3022651,0.44537362
23584142,-0.10298149,0.2599036,0.41609854
23593736,-0.10194272,0.2026278,0.45729294
23595335,-0.15705368,0.2026278,0.45868266
23604177,-0.1577013,0.16535227,0.5013411
23613735,-0.15773332,0.22887366,0.5000711
23615335,-0.090153866,0.22920129,0.5147547
23624176,-0.092205524,0.24528052,0.5017336
23635335,-0.06744503,0.27892628,0.4585398
23644185,-0.076638915,0.25122955,0.43564516
23655335,-0.099056244,0.21671012,0.43507946
23664174,-0.14588346,0.18150431,0.49161205
23675335,-0.12652515,0.18001707,0.50754786
23684178,-0.10515182,0.23504643,0.5350534
23695335,-0.07695605,0.28684115,0.49140978
23704175,-0.07517449,0.30730933,0.42537844
23715336,-0.07517449,0.30730933,0.42537844
23725736,-0.07517449,0.30730933,0.42537844
23735336,-0.07517449,0.30730933,0.42537844
23744936,-0.0724527,0.1896376,0.53331554
23746537,-0.113785915,0.1896376,0.53435785
23755336,-0.08616246,0.23689774,0.5363591
23764936,-0.086197235,0.3058638,0.5349802
23766535,-0.08757383,0.30477166,0.48038927
23775335,-0.07666637,0.30567646,0.4345566
23784936,-0.07663709,0.24759977,0.43571773
23786535,-0.10455965,0.24730854,0.421855
23795336,-0.14567639,0.18211788,0.43148237
23806535,-0.15927945,0.15275721,0.5070976
23815336,-0.084371485,0.19156173,0.5390425
23826536,-0.069123834,0.23675212,0.528646
23835336,-0.063734435,0.29729366,0.46900824
23846535,-0.10429897,0.27656528,0.43219262
23855335,-0.11638666,0.24930544,0.43122122
23866570,-0.16366357,0.19558665,0.46991968
23875336,-0.13526751,0.16720359,0.50255996
23885735,-0.07627887,0.21838473,0.5182644
23895335,-0.052187957,0.25831243,0.5168581
23905736,-0.051437583,0.27388203,0.4782745
23915336,-0.07682429,0.2547137,0.42829382
23925735,-0.12483904,0.20767204,0.437732
23936176,-0.12483904,0.20767204,0.437732
23946538,-0.12483904,0.20767204,0.437732
23956176,-0.12483904,0.20767204,0.437732
23966536,-0.12483904,0.20767204,0.437732
23977735,-0.06808927,0.28204638,0.43299147
23986535,-0.090690136,0.24738134,0.425147
23997735,-0.12931281,0.19914362,0.46533918
24006577,-0.1405709,0.16527946,0.49726743
24017735,-0.09358733,0.20742254,0.515277
24026540,-0.09474138,0.26415756,0.5378516
24037735,-0.08068129,0.29751208,0.4803607
24046537,-0.10132256,0.29435024,0.41354597
24056950,-0.09784701,0.23264374,0.41469282
24066536,-0.12938812,0.16640268,0.4623529
24076935,-0.13815764,0.16038086,0.5246283
24086536,-0.09499657,0.22401144,0.52773166
24096935,-0.08132708,0.25660676,0.5230918
24106535,-0.08803452,0.30803743,0.4621198
24116935,-0.096186236,0.26346058,0.41221282
24126536,-0.11125949,0.23656476,0.42952523
24136935,-0.15359643,0.17721926,0.45910376
24146577,-0.11451278,0.17453597,0.50553304
24156935,-0.06008421,0.20622651,0.54542303
24177737,-0.06008421,0.20622651,0.54542303
24188175,-0.1031687,0.26701757,0.40867454
24197736,-0.13890491,0.23286216,0.42665327
24208175,-0.17380418,0.1775833,0.47782192
24217736,-0.11973539,0.19446342,0.5034445
24228174,-0.08679938,0.2254987,0.51110095
24237736,-0.05619218,0.27602458,0.49474573
24248175,-0.0560769,0.27656528,0.43097663
24257736,-0.09711466,0.236856,0.44373536
24268175,-0.15360923,0.2026278,0.45859578
24277735,-0.15425868,0.16898207,0.5011817
24288175,-0.11546866,0.2023783,0.53596705
24297736,-0.10729891,0.25831243,0.5182478
24308174,-0.06903417,0.28810993,0.4638609
24317736,-0.08734847,0.26908728,0.4209853
24328186,-0.07616358,0.21892548,0.4544953
24337735,-0.075632304,0.16669393,0.4755642
24339344,-0.14624321,0.16669393,0.47734475
24348175,-0.14197832,0.17823859,0.5097947
24357736,-0.14199844,0.2181663,0.5089964
24359336,-0.100114584,0.21860316,0.5297905
24368176,-0.086916775,0.276243,0.50644565
24379336,-0.086916775,0.276243,0.50644565
24388936,-0.086916775,0.276243,0.50644565
24399346,-0.086916775,0.276243,0.50644565
24408936,-0.1326417,0.15202911,0.47000885
24419335,-0.1176819,0.17475441,0.51653814
24428936,-0.08411264,0.22444828,0.5493075
24439335,-0.075097084,0.28876522,0.49678916
24448944,-0.076482825,0.30582207,0.4418354
24459335,-0.11164854,0.27983105,0.41409683
24469736,-0.13797072,0.20092213,0.4637003
24479336,-0.15162921,0.14654802,0.46877572
24488936,-0.15072614,0.17631446,0.504589
24490536,-0.099059634,0.17631446,0.5032862
24499336,-0.06734932,0.22408424,0.53067625
24510577,-0.076768845,0.27972716,0.4988337
24519336,-0.05767701,0.30752775,0.43586233
24530535,-0.113494694,0.2524984,0.4092254
24539336,-0.13471165,0.20440629,0.45626214
24549781,-0.17129733,0.16912769,0.50889474
24559336,-0.11601197,0.18742226,0.5144209
24570535,-0.07964068,0.23660651,0.5216278
24579336,-0.06911862,0.273518,0.46051177
24590535,-0.06632209,0.2838977,0.43473148
24600936,-0.06632209,0.2838977,0.43473148
24610544,-0.06632209,0.2838977,0.43473148
24620176,-0.06632209,0.2838977,0.43473148
24630536,-0.06632209,0.2838977,0.43473148
24640176,-0.086819515,0.26542643,0.51030266
24650579,-0.078064635,0.3004866,0.4474468
24660174,-0.07864378,0.2655303,0.42448014
24661735,-0.090699285,0.2655303,0.42478415
24670536,-0.09515478,0.22070394,0.45311698
24680174,-0.09513008,0.17170176,0.4540967
24681736,-0.14094165,0.17224783,0.48256475
24690536,-0.112837374,0.17631446,0.5036336
24700175,-0.1128694,0.23983584,0.5023636
24701736,-0.09342025,0.24023628,0.5219026
24710544,-0.08552217,0.2886924,0.4934103
24721735,-0.066338554,0.31656584,0.43407834
24730536,-0.094780646,0.25413126,0.39961296
24741735,-0.12149188,0.21848862,0.43378803
24750535,-0.14409795,0.14705768,0.49407774
24761735,-0.09710889,0.1783114,0.51230496
24770535,-0.07387476,0.23163508,0.54526246
24781735,-0.07175358,0.3068414,0.4927
24790579,-0.07816007,0.3076734,0.44366223
24800935,-0.121880926,0.26175487,0.41835958
24810536,-0.14196396,0.19685546,0.4420234
24820935,-0.15629022,0.14513358,0.48895895
24841736,-0.15629022,0.14513358,0.48895895
24861736,-0.07480557,0.30397075,0.44000858
24872935,-0.104467876,0.24738134,0.4254944
24881736,-0.15854006,0.19010556,0.46807858
24892935,-0.15417057,0.17631446,0.5046759
24901736,-0.09545177,0.2163878,0.50967985
24912935,-0.067820996,0.24912876,0.5119713
24921736,-0.06595866,0.29144853,0.4491439
24932174,-0.069665596,0.26582152,0.43882057
24941736,-0.11079148,0.21877985,0.44808504
24952177,-0.16402699,0.18803582,0.45550725
24961735,-0.14402266,0.17979865,0.497064
24972175,-0.10029996,0.22208732,0.5224392
24981736,-0.086916775,0.276243,0.50644565
24992174,-0.066329405,0.29841685,0.43444118
25001736,-0.077828296,0.24302346,0.3884782
25012183,-0.107249774,0.20796329,0.4518553
25021750,-0.14410894,0.16883646,0.49364233
25032175,-0.12271546,0.1839381,0.5219461
25041735,-0.101810135,0.25675237,0.53089166
25052936,-0.101810135,0.25675237,0.53089166
25072938,-0.101810135,0.25675237,0.53089166
25083335,-0.11795017,0.20767204,0.4375583
25092936,-0.14623407,0.14854495,0.47770762
25103335,-0.10027983,0.1821596,0.52323747
25112935,-0.093049504,0.23326793,0.53660536
25123348,-0.06988364,0.28698677,0.49851483
25132935,-0.06456771,0.31115755,0.43596345
25143335,-0.101491466,0.26516622,0.40684775
25152936,-0.15044928,0.22055833,0.4472279
25163335,-0.15834737,0.17210221,0.47572023
25172936,-0.10269492,0.19068803,0.49580398
25183336,-0.07450802,0.21297646,0.52014947
25192935,-0.059271358,0.2799456,0.5093175
25203335,-0.07489368,0.2966384,0.43651432
25214537,-0.10660765,0.25612816,0.40897912
25223336,-0.14457695,0.18662137,0.4750825
25234535,-0.1612375,0.16527946,0.49778855
25243336,-0.10904231,0.20927384,0.5174512
25253735,-0.07815064,0.24186918,0.51237696
25263336,-0.080945626,0.2755149,0.46987793
25274535,-0.06659191,0.2727899,0.42403102
25284936,-0.06659191,0.2727899,0.42403102
25294579,-0.06659191,0.2727899,0.42403102
25304176,-0.06659191,0.2727899,0.42403102
25304936,-0.06659191,0.2727899,0.42403102
25314535,-0.11249224,0.22016323,0.51732033
25324175,-0.08170332,0.27446452,0.50817126
25334535,-0.064189635,0.28967002,0.45095643
25344178,-0.073657006,0.2581251,0.41721615
25354535,-0.10753241,0.22226402,0.44064686
25364176,-0.14774059,0.17595041,0.48630527
25374537,-0.1281088,0.1783114,0.5130867
25384174,-0.10143206,0.23526485,0.5458847
25394536,-0.08161887,0.28905645,0.5115204
25404176,-0.08342948,0.3293793,0.4397177
25405735,-0.07826282,0.3293793,0.4395874
25414535,-0.108292215,0.27249867,0.41051573
25424176,-0.10826659,0.22168155,0.41153172
25425735,-0.1314599,0.22240964,0.44853362
25434577,-0.13917628,0.17772892,0.4842321
25444175,-0.1391717,0.16865444,0.48441353
25445736,-0.10557774,0.16934612,0.51816267
25454536,-0.07908273,0.22252418,0.54375446
25465735,-0.08700672,0.27254036,0.5028787
25474536,-0.079837315,0.30952466,0.44548905
25485735,-0.10986854,0.25627378,0.41634482
25494536,-0.14197493,0.21863423,0.44158798
25505735,-0.15164019,0.1683268,0.4683403
25516176,-0.15164019,0.1683268,0.4683403
25525736,-0.15164019,0.1683268,0.4683403
25536181,-0.15164019,0.1683268,0.4683403
25545736,-0.05693368,0.28996128,0.46534032
25556935,-0.11024295,0.2705017,0.40149695
25565736,-0.14504679,0.2080361,0.45645013
25576945,-0.14941415,0.17054212,0.48827723
25585736,-0.11611839,0.2163878,0.510201
25596935,-0.08168502,0.23816656,0.508897
25605736,-0.053114835,0.27573332,0.48010126
25616935,-0.06976835,0.28752747,0.43474573
25625736,-0.09218567,0.25300807,0.43418005
25636935,-0.14998676,0.2136628,0.46557003
25645736,-0.16301383,0.18157713,0.49568573
25656935,-0.11593301,0.21290363,0.5175523
25665735,-0.095380135,0.25638834,0.51252097
25676184,-0.07387504,0.27929032,0.4769105
25685735,-0.07533791,0.267236,0.4188979
25696175,-0.08733016,0.23278935,0.42171103
25705735,-0.14103708,0.1794346,0.47878018
25716175,-0.16069418,0.1802355,0.5193346
25725736,-0.10160646,0.21697026,0.53896874
25736175,-0.08477335,0.26023656,0.52310616
25756936,-0.08477335,0.26023656,0.52310616
25776936,-0.1326417,0.15202911,0.47000885
25788175,-0.13815215,0.14949147,0.52484596
25796936,-0.089316934,0.20807783,0.54794466
25807335,-0.083096094,0.25838524,0.52127916
25816936,-0.083193645,0.31685707,0.4490702
25828175,-0.082325876,0.28168234,0.41514194
25836935,-0.12830542,0.25122955,0.436948
25847335,-0.14847293,0.17173816,0.45726272
25856936,-0.12343683,0.15794706,0.4933389
25867335,-0.08287778,0.1895648,0.5299368
25876935,-0.04873986,0.25105286,0.5169164
25887335,-0.068852454,0.29188538,0.4710671
25896936,-0.10132439,0.29797998,0.4134734
25907356,-0.10419073,0.24396996,0.43648514
25916935,-0.16029628,0.16647549,0.46677402
25927335,-0.13368203,0.16527946,0.4970937
25936936,-0.08818849,0.20215988,0.5243541
25947335,-0.07108372,0.25290415,0.5192644
25958535,-0.053663637,0.27166665,0.45833752
25967336,-0.06993177,0.24745415,0.42826524
