timestamp,states[0],states[1],states[2],states[3],states[4],states[5],states[6],states[7],states[8],states[9],states[10],states[11],states[12],states[13],states[14],states[15],states[16],states[17],states[18],states[19],states[20],states[21],states[22],states[23],vibe[0],vibe[1],vibe[2],covariances[0],covariances[1],covariances[2],covariances[3],covariances[4],covariances[5],covariances[6],covariances[7],covariances[8],covariances[9],covariances[10],covariances[11],covariances[12],covariances[13],covariances[14],covariances[15],covariances[16],covariances[17],covariances[18],covariances[19],covariances[20],covariances[21],covariances[22],covariances[23],control_mode_flags,pos_horiz_accuracy,pos_vert_accuracy,mag_test_ratio,vel_test_ratio,pos_test_ratio,hgt_test_ratio,tas_test_ratio,hagl_test_ratio,beta_test_ratio,time_slip,gps_check_fail_flags,filter_fault_flags,innovation_check_flags,solution_status_flags,n_states,pre_flt_fail,health_flags,timeout_flags
14175221,0.6380244,-0.0025324167,-0.007939769,-0.7699711,-0.027180597,-0.0001520853,0.0024484317,-0.020421151,-0.00010881262,0.114147864,1.8485405e-05,5.1096482e-05,3.3292614e-05,-0.0002163375,-0.0002060045,0.0003882782,0.2355967,9.2616436e-05,0.4864073,-0.030534659,-0.027142584,0.0085885115,0.0,0.0,4.3879103e-10,1.606346e-05,0.0007440317,0.00063372013,9.683065e-05,9.5698655e-05,0.00043020185,0.007486526,0.007906543,0.015272416,0.008942316,0.009185139,0.07722273,4.589304e-11,5.0178257e-11,2.20094e-09,2.2437596e-06,2.2974725e-06,5.0000036e-08,0.0011769779,4.7168312e-05,0.0012551156,0.0002847804,0.0011227094,0.001255211,0.0,0.0,611,0.13463823,0.2778898,0.17918353,0.0,0.0004114094,0.013558185,0.0,0.0,0.0,-0.003612,0,0,0,165,24,0,0,0
14376025,0.63515985,-0.0026856118,-0.007834407,-0.7723364,-0.031560592,0.0007773156,0.0017282703,-0.02346203,-3.4085202e-05,0.11248641,1.8798726e-05,5.1200102e-05,3.8464612e-05,-0.00021660644,-0.00020865515,0.0003939932,0.23616605,8.66418e-05,0.48654196,-0.029443363,-0.027821297,0.008894553,0.0,0.0,3.312667e-10,1.2695519e-05,0.0006289611,0.00060396106,9.659156e-05,9.543048e-05,0.00040962434,0.0072808033,0.007679225,0.014558123,0.008748878,0.00898086,0.07538167,4.3161186e-11,4.7059568e-11,2.0216697e-09,2.2427882e-06,2.296853e-06,5e-08,0.0011676267,4.577827e-05,0.0012550453,0.0002760729,0.0011161228,0.0012551066,0.0,0.0,611,0.13315305,0.27455723,0.2880707,0.0,0.0004479747,0.018027851,0.0,0.0,0.0,-0.003591,0,0,0,165,24,0,0,0
14576834,0.6369416,-0.0026247383,-0.0077734753,-0.7708684,-0.03266661,6.570927e-05,0.00096215017,-0.024424277,-7.740887e-05,0.115894005,1.868601e-05,5.117827e-05,3.500213e-05,-0.00022415083,-0.00021029986,0.00038958367,0.23508102,9.4749055e-05,0.486574,-0.030176913,-0.0270033,0.008947423,0.0,0.0,2.4684743e-10,9.830626e-06,0.0005177838,0.0005823795,9.644192e-05,9.526064e-05,0.00039462716,0.0072596963,0.007649836,0.014125038,0.0088765165,0.009112443,0.07505779,4.096892e-11,4.455958e-11,1.8803374e-09,2.2421277e-06,2.2965064e-06,5e-08,0.001160466,4.460464e-05,0.0012549876,0.00026906,0.0011111104,0.0012550215,0.0,0.0,611,0.13412292,0.27396676,0.41004598,0.0,0.00049646973,0.020404503,0.0,0.0,0.0,-0.003582,0,0,0,165,24,0,0,0
14786429,0.6358326,-0.002649796,-0.0076969964,-0.7717841,-0.03445823,0.00089855667,-0.0016981056,-0.02540036,0.00015346319,0.11164163,1.8762612e-05,5.119172e-05,3.676949e-05,-0.0002299491,-0.00021239335,0.00039319176,0.2350879,9.9263634e-05,0.48654735,-0.029757833,-0.027278833,0.00902826,0.0,0.0,2.0287032e-10,8.336749e-06,0.0005780588,0.0005638051,9.6214484e-05,9.501696e-05,0.00038180742,0.006959687,0.007315226,0.0134631265,0.008489335,0.008701405,0.07242755,3.8530016e-11,4.173674e-11,1.7547669e-09,2.241634e-06,2.2962797e-06,5e-08,0.0011560719,4.3479806e-05,0.001254931,0.00026310593,0.0011082344,0.0012549394,0.0,0.0,611,0.13111345,0.26912367,0.31865713,0.0,0.000516886,0.03036401,0.0,0.0,0.0,-0.003587,0,0,0,165,24,0,0,0
14988012,0.63591146,-0.0026616147,-0.0076703923,-0.77171946,-0.03577913,0.0010662319,-0.0040787538,-0.026334751,0.000294865,0.10888348,1.8744937e-05,5.1183568e-05,3.6395435e-05,-0.00023501796,-0.00021378763,0.00039377628,0.23470774,0.00010018717,0.48651174,-0.02981807,-0.02716111,0.009068959,0.0,0.0,1.6890211e-10,7.2002986e-06,0.00050850667,0.0005467834,9.60719e-05,9.486428e-05,0.0003701021,0.006833275,0.007172832,0.013040736,0.0083776,0.008582351,0.07100251,3.6616984e-11,3.9555883e-11,1.643753e-09,2.2412953e-06,2.2961876e-06,5.0000036e-08,0.0011526953,4.2405503e-05,0.0012548763,0.0002577869,0.0011060952,0.0012548651,0.0,0.0,611,0.13023037,0.26646298,0.25818458,0.0,0.0005298368,0.013021355,0.0,0.0,0.0,-0.003604,0,0,0,165,24,0,0,0
15191244,0.63496846,-0.002635518,-0.007672756,-0.77249557,-0.035766583,0.0010239694,-0.0054327403,-0.026509715,0.00047576864,0.107659705,1.8661616e-05,5.1167473e-05,3.7833473e-05,-0.00023533595,-0.00021511684,0.00039538392,0.23469944,9.3671355e-05,0.4864586,-0.02952871,-0.02725846,0.009099239,0.0,0.0,1.5341417e-10,6.6271705e-06,0.00075263216,0.00052725576,9.594555e-05,9.473407e-05,0.00035675344,0.006729236,0.007059073,0.01269269,0.008302006,0.008503108,0.06977046,3.4877056e-11,3.760043e-11,1.5316878e-09,2.2409831e-06,2.2961353e-06,5.0000036e-08,0.0011491704,4.1256604e-05,0.0012548182,0.00025222264,0.0011038581,0.0012547884,0.0,0.0,611,0.12963454,0.264141,0.34498078,0.0,0.000508775,0.004253604,0.0,0.0,0.0,-0.003572,0,0,0,165,24,0,0,0
15392016,0.6375301,-0.0024967007,-0.0077885245,-0.77038205,-0.030403255,0.001501684,-0.0046175946,-0.022992946,0.0005284098,0.11049832,1.8182629e-05,5.1070234e-05,3.329079e-05,-0.00023619122,-0.00021679023,0.00038937287,0.23375766,9.160415e-05,0.48635128,-0.03058003,-0.02641885,0.008938229,0.0,0.0,1.3864607e-10,6.1657174e-06,0.00065530295,0.00051144016,9.579356e-05,9.458407e-05,0.0003458183,0.006529072,0.0068394514,0.012276937,0.008022505,0.008208794,0.06763295,3.3187057e-11,3.5667285e-11,1.43656e-09,2.2406587e-06,2.2960783e-06,5e-08,0.0011450121,4.0289327e-05,0.0012547708,0.00024718887,0.0011010381,0.0012547199,0.0,0.0,611,0.12740211,0.26006335,0.4995187,0.0,0.00046740437,0.04678566,0.0,0.0,0.0,-0.0036,0,0,0,165,24,0,0,0
15593604,0.6388547,-0.0023515688,-0.007952714,-0.76928276,-0.024780918,0.00062872894,-0.005409726,-0.019343158,0.0005206673,0.11251968,1.7701797e-05,5.098334e-05,3.0945608e-05,-0.0002309509,-0.00021789763,0.00038575273,0.23339254,8.322345e-05,0.48630133,-0.031175585,-0.025919598,0.008785901,0.0,0.0,1.3290267e-10,5.8855862e-06,0.0006915697,0.0004979743,9.5693795e-05,9.4492716e-05,0.0003366816,0.006473445,0.0067771394,0.0120679075,0.008012674,0.00819763,0.06673743,3.180936e-11,3.411175e-11,1.3534799e-09,2.240362e-06,2.2959769e-06,5.0000036e-08,0.0011431893,3.9358896e-05,0.0012547186,0.00024307215,0.0010999875,0.0012546534,0.0,0.0,611,0.1273197,0.2583359,0.34664783,0.0,0.00038912348,0.007935046,0.0,0.0,0.0,-0.003612,0,0,0,165,24,0,0,0
15795228,0.6394758,-0.0023256901,-0.007973503,-0.76876634,-0.023918996,0.0009284128,-0.008228,-0.018686177,0.0005501174,0.10508755,1.754817e-05,5.095714e-05,2.9798273e-05,-0.00023033982,-0.00022001319,0.0003868237,0.23311359,8.320371e-05,0.4861897,-0.031435635,-0.025765005,0.008715803,0.0,0.0,1.2739912e-10,5.744092e-06,0.00071219896,0.00048230763,9.5596595e-05,9.440927e-05,0.0003260668,0.0064384933,0.0067398585,0.011913993,0.008043623,0.008230675,0.06605966,3.0544303e-11,3.270331e-11,1.2689542e-09,2.2399977e-06,2.295807e-06,5e-08,0.0011417291,3.836049e-05,0.0012546564,0.00023887078,0.0010992156,0.0012545799,0.0,0.0,611,0.12757075,0.25702074,0.16962913,0.0,0.0003767013,0.004152673,0.0,0.0,0.0,-0.003588,0,0,0,165,24,0,0,0
15996841,0.64067125,-0.0022484646,-0.008063716,-0.76776963,-0.020823395,0.0013296771,-0.004983068,-0.016634153,0.0005359274,0.11618445,1.7232835e-05,5.0906452e-05,2.7747677e-05,-0.00022684669,-0.00022290944,0.00038024748,0.23289452,8.5512744e-05,0.48610038,-0.031904005,-0.025525853,0.008557469,0.0,0.0,1.2558043e-10,5.771708e-06,0.00067976274,0.00047059613,9.5527095e-05,9.4355004e-05,0.00031814826,0.006495148,0.0067986264,0.0119029125,0.008280727,0.00847687,0.066418104,2.94729e-11,3.1505e-11,1.1993531e-09,2.2396068e-06,2.295573e-06,5.000009e-08,0.0011406017,3.751393e-05,0.001254602,0.00023535856,0.0010986386,0.0012545158,0.0,0.0,611,0.12945114,0.2577171,0.33702943,0.0,0.00033114996,0.0052269483,0.0,0.0,0.0,-0.003575,0,0,0,165,24,0,0,0
16197603,0.64292616,-0.0021503994,-0.008236473,-0.76588094,-0.016175328,0.00087647,-0.0058756624,-0.013498383,0.00041843657,0.114213996,1.6838138e-05,5.0847248e-05,2.4066447e-05,-0.00022649598,-0.00022352116,0.00037689437,0.23263782,9.717474e-05,0.48618722,-0.032700807,-0.025153954,0.008406441,0.0,0.0,1.2496458e-10,5.8071437e-06,0.000556614,0.00045936514,9.543907e-05,9.4285024e-05,0.0003106259,0.006494714,0.006796328,0.011893169,0.008441759,0.008642313,0.066655576,2.8429772e-11,3.0333774e-11,1.134712e-09,2.239146e-06,2.2952493e-06,5.000007e-08,0.0011398683,3.6702524e-05,0.0012545441,0.0002321445,0.0010983074,0.0012544503,0.0,0.0,611,0.13070606,0.2581774,0.121702,0.0,0.00026929207,0.007873441,0.0,0.0,0.0,-0.003613,0,0,0,165,24,0,0,0
16406435,0.6436493,-0.0021948712,-0.008148578,-0.76527405,-0.018021174,0.00037631812,-0.0092306,-0.0149296895,0.00039060132,0.106175125,1.6950944e-05,5.0863742e-05,2.2929578e-05,-0.00023127494,-0.00021976425,0.00037806513,0.2322455,8.5786356e-05,0.486316,-0.03295825,-0.024981314,0.008603632,0.0,0.0,1.1652027e-10,5.5093947e-06,0.0004681849,0.00044892984,9.526879e-05,9.415238e-05,0.00030379856,0.006259559,0.0065397033,0.011696123,0.008132793,0.00831533,0.06510176,2.724375e-11,2.8977388e-11,1.0742882e-09,2.2385523e-06,2.294764e-06,5.0000036e-08,0.0011396856,3.5922058e-05,0.0012544824,0.00022936186,0.00109823,0.0012543828,0.0,0.0,611,0.12825024,0.25515047,0.18399987,0.0,0.00030058424,0.0043073595,0.0,0.0,0.0,-0.003581,0,0,0,165,24,0,0,0
16608031,0.64399976,-0.0021874697,-0.008207177,-0.7649786,-0.01532843,0.00012964343,-0.008215938,-0.01336395,0.0002856402,0.10924508,1.6793876e-05,5.083641e-05,2.239061e-05,-0.00022834382,-0.00022053243,0.00037568063,0.232073,8.131856e-05,0.48630705,-0.03312541,-0.024780307,0.008568846,0.0,0.0,1.096039e-10,5.340932e-06,0.0006512259,0.0004361986,9.515171e-05,9.406707e-05,0.00029541366,0.0061653806,0.0064405133,0.011626251,0.008061423,0.00824063,0.06447444,2.628854e-11,2.79154e-11,1.012732e-09,2.2379643e-06,2.2942927e-06,5e-08,0.0011395217,3.508096e-05,0.0012544163,0.000226459,0.0010981236,0.001254313,0.0,0.0,611,0.1276795,0.25391817,0.40779757,0.0,0.0002987723,0.02128725,0.0,0.0,0.0,-0.003585,0,0,0,165,24,0,0,0
16808809,0.6452844,-0.0021602747,-0.008242997,-0.7638949,-0.013820901,-0.000604382,-0.016518734,-0.012306568,2.0346006e-06,0.08377824,1.6665992e-05,5.082086e-05,2.0456951e-05,-0.0002288086,-0.00022093159,0.00038214115,0.2318537,8.165238e-05,0.48628175,-0.03354863,-0.024657141,0.008520003,0.0,0.0,1.12851395e-10,5.438609e-06,0.00056059327,0.00042649294,9.5044925e-05,9.399127e-05,0.000289056,0.0060794344,0.006346696,0.0115779,0.007989818,0.008164471,0.063887745,2.5423259e-11,2.6942493e-11,9.612702e-10,2.2373931e-06,2.2938107e-06,5.0000036e-08,0.0011393452,3.4364737e-05,0.0012543596,0.0002239275,0.0010980585,0.001254252,0.0,0.0,611,0.12709953,0.25276026,0.3911585,0.0,0.00024786626,0.010488499,0.0,0.0,0.0,-0.003607,0,0,0,165,24,0,0,0
17009626,0.64843696,-0.0020535863,-0.008352216,-0.7612198,-0.010265516,-0.0020001617,-0.013447703,-0.009731172,-0.0005784662,0.09452469,1.6361451e-05,5.0785526e-05,1.5690195e-05,-0.00023349738,-0.00022250816,0.00037235086,0.231917,0.00010958264,0.48639283,-0.034464076,-0.02468981,0.008364099,0.0,0.0,1.2218801e-10,5.6216018e-06,0.000502284,0.0004173905,9.4975505e-05,9.3952425e-05,0.00028320763,0.0061066686,0.006375011,0.011656205,0.008152868,0.008333112,0.06433259,2.469793e-11,2.6135908e-11,9.1384583e-10,2.2368386e-06,2.29338e-06,5.0000036e-08,0.0011391339,3.367688e-05,0.0012542986,0.00022174917,0.0010977129,0.0012541919,0.0,0.0,611,0.12839775,0.25363868,0.3219564,0.0,0.00018051421,0.0030213282,0.0,0.0,0.0,-0.00359,0,0,0,165,24,0,0,0
17218419,0.653566,-0.0018134802,-0.008409566,-0.75682074,-0.005216188,-0.003635706,-0.010072835,-0.006304473,-0.001488655,0.10256577,1.5999321e-05,5.073951e-05,8.091177e-06,-0.00025276872,-0.00022065917,0.00036085208,0.23270331,0.00017657531,0.48675653,-0.035745796,-0.025408756,0.00822948,0.0,0.0,1.2363319e-10,5.607341e-06,0.00044809142,0.00040630705,9.484276e-05,9.386503e-05,0.0002761797,0.0059268815,0.0061833025,0.011560627,0.007886938,0.008055151,0.063128114,2.3854595e-11,2.5190027e-11,8.6366714e-10,2.2361423e-06,2.2928966e-06,5e-08,0.0011382225,3.2936445e-05,0.001254226,0.00021962932,0.0010963894,0.001254125,0.0,0.0,611,0.12626198,0.2512531,0.15728383,0.0,0.00012974934,0.026094329,0.0,0.0,0.0,-0.003597,0,0,0,165,24,0,0,0
17419270,0.651647,-0.001857159,-0.00836437,-0.75847405,-0.0067066327,-0.003791516,-0.014849756,-0.0065575778,-0.0014713089,0.08961846,1.6084612e-05,5.072868e-05,1.114851e-05,-0.00024638773,-0.00022026185,0.00036768752,0.23193389,0.00014293876,0.4866768,-0.035327345,-0.024635384,0.0083242785,0.0,0.0,1.2316038e-10,5.5157516e-06,0.0004897627,0.00039788685,9.4759765e-05,9.381913e-05,0.00027087456,0.0058682845,0.006117813,0.01156801,0.007832136,0.007997368,0.062728904,2.3180981e-11,2.4436274e-11,8.2243934e-10,2.2356003e-06,2.2925317e-06,5e-08,0.001137624,3.2302098e-05,0.0012541655,0.00021779703,0.0010954887,0.0012540683,0.0,0.0,611,0.12581536,0.25045738,0.10668752,0.0,0.00013516814,0.019587252,0.0,0.0,0.0,-0.003589,0,0,0,165,24,0,0,0
17620826,0.65147156,-0.0018477424,-0.008455525,-0.75862366,-0.004335334,-0.0035249682,-0.017647302,-0.0045431727,-0.0018322485,0.07994256,1.5949166e-05,5.070858e-05,1.1567644e-05,-0.00023998559,-0.00022318377,0.00037056496,0.23204842,0.00014371714,0.4865453,-0.035235655,-0.024690952,0.008204771,0.0,0.0,1.2328008e-10,5.4701127e-06,0.00057704886,0.0003895498,9.466508e-05,9.375915e-05,0.00026565007,0.0057259332,0.0059636985,0.011490811,0.0075820033,0.007736506,0.061519235,2.250148e-11,2.367106e-11,7.8336215e-10,2.235098e-06,2.2922227e-06,5e-08,0.0011370374,3.1692318e-05,0.0012541055,0.00021603274,0.0010946017,0.0012540121,0.0,0.0,611,0.123767965,0.2480307,0.18558472,0.0,9.226858e-05,0.015610367,0.0,0.0,0.0,-0.003601,0,0,0,165,24,0,0,0
17821599,0.6541867,-0.0016362537,-0.008566855,-0.75628287,0.0021026786,-0.005302287,-0.02120565,0.00035588534,-0.0027490885,0.07111622,1.55181e-05,5.066303e-05,7.777005e-06,-0.00025120022,-0.00022465772,0.0003687341,0.23284377,0.00021498516,0.48670632,-0.035779122,-0.025213288,0.0078897,0.0,0.0,1.1966636e-10,5.308308e-06,0.0005305658,0.000381738,9.4632065e-05,9.375533e-05,0.0002607819,0.0057918383,0.0060336404,0.011635996,0.007777879,0.007939934,0.062209662,2.1983897e-11,2.3101186e-11,7.471686e-10,2.2346926e-06,2.2920417e-06,5.0000036e-08,0.0011363166,3.1107178e-05,0.0012540426,0.00021438423,0.0010935442,0.0012539543,0.0,0.0,611,0.1253707,0.24941865,0.18661088,0.0,5.5006865e-05,0.0006919124,0.0,0.0,0.0,-0.003617,0,0,0,165,24,0,0,0
18022418,0.65361804,-0.0017031627,-0.008521356,-0.7567748,0.00026348882,-0.0048487503,-0.024412043,-0.00082587573,-0.0027676467,0.060123254,1.5659545e-05,5.0656185e-05,8.823957e-06,-0.0002482438,-0.0002234092,0.000372104,0.23235066,0.00018279631,0.48668054,-0.03569142,-0.02480559,0.008011182,0.0,0.0,1.2280213e-10,5.4480356e-06,0.0004835594,0.00037397604,9.459937e-05,9.375098e-05,0.0002560061,0.0058437414,0.0060889437,0.011783965,0.007956107,0.008124757,0.0629026,2.1486882e-11,2.2553213e-11,7.128316e-10,2.234288e-06,2.2919232e-06,5.0000036e-08,0.0011351594,3.054463e-05,0.0012539756,0.00021285978,0.0010919656,0.0012538946,0.0,0.0,611,0.12681034,0.25080392,0.19706117,0.0,5.548807e-05,0.0004132945,0.0,0.0,0.0,-0.003598,0,0,0,165,24,0,0,0
18224034,0.6562022,-0.0015374752,-0.008600628,-0.7545346,0.0053014373,-0.005869813,-0.023294352,0.0027568955,-0.0036211358,0.063558094,1.5367925e-05,5.0631534e-05,5.357827e-06,-0.00025673292,-0.00022513627,0.00036541952,0.2331581,0.00023530504,0.48678437,-0.036193654,-0.02547987,0.007758544,0.0,0.0,1.236474e-10,5.416862e-06,0.00061636115,0.00036653443,9.456684e-05,9.374463e-05,0.00025139895,0.005870247,0.0061173695,0.011921396,0.008096197,0.008269374,0.063551776,2.1003014e-11,2.2018557e-11,6.805849e-10,2.233949e-06,2.2918475e-06,5e-08,0.0011343645,3.0001775e-05,0.0012539127,0.00021134278,0.001090833,0.001253837,0.0,0.0,611,0.12792799,0.25209478,0.2595661,0.0,7.0768605e-05,0.008593702,0.0,0.0,0.0,-0.003582,0,0,0,165,24,0,0,0
18426438,0.6559058,-0.0015486263,-0.008541448,-0.754793,0.0036155796,-0.0065115723,-0.024935827,0.0017489654,-0.003639213,0.057053424,1.548855e-05,5.0617706e-05,6.03575e-06,-0.00025854225,-0.00022365608,0.00036665937,0.23268688,0.00021690316,0.48683444,-0.036153655,-0.025044952,0.007881276,0.0,0.0,1.2364836e-10,5.433085e-06,0.00076163025,0.00035923743,9.4531824e-05,9.3733644e-05,0.00024689542,0.005872475,0.0061187404,0.012045701,0.008197314,0.008372719,0.06417958,2.0532e-11,2.149621e-11,6.5006495e-10,2.2336187e-06,2.2918039e-06,5e-08,0.0011334661,2.9477786e-05,0.0012538497,0.00020989521,0.0010895795,0.0012537801,0.0,0.0,611,0.12872465,0.25333688,0.24198116,0.0,7.3084404e-05,0.004955948,0.0,0.0,0.0,-0.003578,0,0,0,165,24,0,0,0
18637640,0.65686196,-0.0014642497,-0.008549188,-0.7539611,0.0054196934,-0.0065007475,-0.026284106,0.0030144749,-0.0039192582,0.04987336,1.5409725e-05,5.0593815e-05,4.953556e-06,-0.0002647132,-0.00022319192,0.00036618626,0.23282093,0.00023605296,0.48692185,-0.036323115,-0.025109587,0.007821303,0.0,0.0,1.1908659e-10,5.492449e-06,0.00093279005,0.00035239285,9.4464245e-05,9.368883e-05,0.00024270154,0.0057146763,0.005947934,0.011993278,0.007911338,0.008073159,0.06321933,2.0002666e-11,2.0898115e-11,6.2108035e-10,2.2332845e-06,2.2917638e-06,5.000007e-08,0.001132587,2.8971433e-05,0.0012537893,0.00020849096,0.0010883657,0.0012537246,0.0,0.0,611,0.12642981,0.25143453,0.19081797,0.0,7.756532e-05,0.002703834,0.0,0.0,0.0,-0.003576,0,0,0,165,24,0,0,0
18839254,0.6537186,-0.0015684845,-0.008521599,-0.75668824,0.0034157748,-0.005742509,-0.019839078,0.0021688389,-0.0035698393,0.06197917,1.5562897e-05,5.0570918e-05,9.445335e-06,-0.00024954032,-0.00022581,0.00036481055,0.23212796,0.0001921234,0.48672214,-0.03556742,-0.024363348,0.007921581,0.0,0.0,1.1302497e-10,5.0868425e-06,0.00092833553,0.00034572612,9.442509e-05,9.36658e-05,0.0002385164,0.005662879,0.005890623,0.012020633,0.00783153,0.007989631,0.06300294,1.9570363e-11,2.0417584e-11,5.9417005e-10,2.2329946e-06,2.2917081e-06,5.0000036e-08,0.0011321648,2.8480605e-05,0.0012537327,0.00020706178,0.0010877365,0.0012536715,0.0,0.0,611,0.12578219,0.25100386,0.1557598,0.0,7.16536e-05,0.008159815,0.0,0.0,0.0,-0.003604,0,0,0,165,24,0,0,0
19040861,0.6564278,-0.0014871504,-0.00851413,-0.75433946,0.0034068618,-0.0059472024,-0.022445694,0.0024940318,-0.0040418957,0.055121522,1.5504027e-05,5.0567047e-05,6.0108705e-06,-0.0002578699,-0.00022479765,0.00036160758,0.2323132,0.00020557221,0.48684174,-0.03624527,-0.02463394,0.007872151,0.0,0.0,1.1995226e-10,5.171082e-06,0.00074949674,0.00033928145,9.4379764e-05,9.3635404e-05,0.00023452616,0.005606574,0.0058289017,0.012046268,0.0077421814,0.007896107,0.06275851,1.9160392e-11,1.9962447e-11,5.6885285e-10,2.2326437e-06,2.2916172e-06,5e-08,0.001131603,2.800688e-05,0.0012536757,0.0002057251,0.0010869326,0.0012536173,0.0,0.0,611,0.12505314,0.2505165,0.17520262,0.0,8.2141036e-05,0.0009370802,0.0,0.0,0.0,-0.003588,0,0,0,165,24,0,0,0
19242436,0.65754336,-0.0013976193,-0.008490724,-0.7533676,0.00515439,-0.0061558913,-0.02532138,0.0033046755,-0.0041824165,0.044929463,1.5448173e-05,5.054437e-05,4.787463e-06,-0.0002699337,-0.00022302783,0.0003621594,0.23239873,0.00023178138,0.4870226,-0.0364375,-0.024631973,0.00785524,0.0,0.0,1.2996695e-10,5.6034737e-06,0.00073789345,0.00033309034,9.433333e-05,9.360102e-05,0.00023071172,0.005566725,0.0057860655,0.012076156,0.0076769465,0.007827932,0.062589094,1.8780434e-11,1.9541795e-11,5.450366e-10,2.2322345e-06,2.2914692e-06,5.0000036e-08,0.0011310484,2.7548213e-05,0.0012536207,0.00020444383,0.001086143,0.0012535653,0.0,0.0,611,0.12451859,0.25017813,0.2905295,0.0,8.385558e-05,0.027776625,0.0,0.0,0.0,-0.00358,0,0,0,165,24,0,0,0
19443262,0.6548748,-0.0015145824,-0.008427073,-0.7556889,0.0027074674,-0.0050071916,-0.026422925,0.001576052,-0.003618265,0.037116326,1.5642587e-05,5.0521154e-05,8.514407e-06,-0.00025515893,-0.00022422711,0.00036781636,0.23176542,0.00018019641,0.48683548,-0.035825755,-0.02403165,0.0079946425,0.0,0.0,1.717185e-08,0.00014057163,0.0015258108,0.0003271898,9.4289186e-05,9.3566e-05,0.00022702028,0.005544314,0.005761154,0.012111373,0.007636067,0.007785695,0.06245123,1.8429636e-11,1.915575e-11,5.226053e-10,2.2317927e-06,2.2912532e-06,5.000007e-08,0.0011306664,2.710318e-05,0.0012535704,0.0002031589,0.0010856016,0.0012535171,0.0,0.0,611,0.124184385,0.24990244,0.23000659,0.0,7.1875336e-05,0.0027086395,0.0,0.0,0.0,-0.003559,0,0,0,165,24,0,0,0
19651999,0.655826,-0.00155663,-0.008505338,-0.75486267,0.003721971,-0.0040508634,-0.019928169,0.0017949234,-0.0039160624,0.056656722,1.5611871e-05,5.0521994e-05,6.952934e-06,-0.00025934164,-0.00022400929,0.0003562931,0.23177913,0.00018841369,0.48692092,-0.03614616,-0.024062892,0.007981085,0.0,0.0,1.8180133e-08,0.00021006864,0.0019098633,0.00032197035,9.425628e-05,9.353034e-05,0.00022327653,0.0055604535,0.005777463,0.012184616,0.0076860576,0.007837258,0.062695295,1.8100533e-11,1.8793852e-11,5.0120424e-10,2.2313288e-06,2.2909526e-06,5e-08,0.0011305147,2.667216e-05,0.0012535228,0.00020181388,0.0010854139,0.0012534688,0.0,0.0,611,0.1245926,0.2503903,0.09538674,0.0,7.95737e-05,0.0007826726,0.0,0.0,0.0,-0.003617,0,0,0,165,24,0,0,0
19852800,0.6544102,-0.0015855903,-0.00846957,-0.7560907,0.0014443476,-0.0039739674,-0.016081847,0.00082392525,-0.0033842775,0.05848158,1.5721462e-05,5.0493072e-05,9.421435e-06,-0.00025492048,-0.00022444833,0.00035735592,0.23153085,0.000167324,0.4868746,-0.03566738,-0.02376771,0.008083619,0.0,0.0,1.6898996e-08,0.00022854864,0.0023632154,0.00031628832,9.422137e-05,9.3500814e-05,0.00022012198,0.0056054415,0.005822962,0.012308142,0.00783493,0.007991069,0.06347274,1.7806995e-11,1.8474555e-11,4.8127796e-10,2.2307895e-06,2.2905938e-06,5.0000036e-08,0.0011302861,2.6253929e-05,0.0012534754,0.00020057599,0.0010850985,0.0012534211,0.0,0.0,611,0.12580143,0.25193796,0.16706197,0.0,6.805045e-05,0.014877544,0.0,0.0,0.0,-0.003616,0,0,0,165,24,0,0,0
20053649,0.656102,-0.001545404,-0.008502416,-0.7546228,-1.1874508e-05,-0.0038536494,-0.01108715,0.00036663472,-0.0035545584,0.07685431,1.5722786e-05,5.0502375e-05,7.518076e-06,-0.00026033036,-0.00022347874,0.00034636655,0.23145537,0.00017131833,0.48698118,-0.036087878,-0.023753276,0.008108005,0.0,0.0,1.6324556e-08,0.0002671838,0.0024559172,0.00031222572,9.418646e-05,9.346431e-05,0.00021769066,0.005636225,0.005851124,0.012413613,0.007958509,0.008116796,0.06419845,1.7526782e-11,1.8163209e-11,4.6427504e-10,2.2302368e-06,2.2901677e-06,5.000007e-08,0.0011301679,2.5898833e-05,0.0012534355,0.00019945619,0.001084967,0.0012533789,0.0,0.0,611,0.12678842,0.25337413,0.26034996,0.0,7.0993614e-05,0.041610673,0.0,0.0,0.0,-0.003567,0,0,0,165,24,0,0,0
20255211,0.65481234,-0.0016488903,-0.008386401,-0.7557432,-0.0036438936,-0.0028584779,-0.008395555,-0.002933108,-0.0029621124,0.08473927,1.5942489e-05,5.049681e-05,9.087887e-06,-0.00025613102,-0.00022242856,0.00034464416,0.2310642,0.00013281978,0.48693696,-0.035841674,-0.023495575,0.008298401,0.0,0.0,1.3054157e-08,0.00022386227,0.0021439085,0.00030575882,9.4142066e-05,9.342043e-05,0.00021327448,0.0056512775,0.005868424,0.01250193,0.00806135,0.008223197,0.0648999,1.724404e-11,1.7861847e-11,4.4404277e-10,2.2295858e-06,2.2896759e-06,5e-08,0.0011300193,2.5454836e-05,0.0012533857,0.00019807856,0.0010848101,0.0012533298,0.0,0.0,611,0.12761092,0.25475457,0.3598693,0.0,6.146846e-05,0.0063147154,0.0,0.0,0.0,-0.003605,0,0,0,165,24,0,0,0
20464016,0.6542257,-0.0016215728,-0.008381585,-0.7562513,-0.005132725,-0.002889782,-0.013343387,-0.0028952805,-0.0022674974,0.06891559,1.5942476e-05,5.046409e-05,1.0256414e-05,-0.00025648178,-0.00022201889,0.0003517797,0.23090474,0.00012686002,0.48693717,-0.03561316,-0.023272786,0.008332442,0.0,0.0,8.297755e-09,0.00015275224,0.0015772699,0.00030059912,9.406136e-05,9.333597e-05,0.00021020955,0.0054951566,0.0056968546,0.012379833,0.007758712,0.007906694,0.06387206,1.6915237e-11,1.749523e-11,4.2653217e-10,2.2288414e-06,2.2890308e-06,5.0000036e-08,0.0011298755,2.507199e-05,0.001253348,0.00019681136,0.0010847372,0.0012532878,0.0,0.0,611,0.12516151,0.25272924,0.47699508,0.0,5.8105164e-05,0.013248037,0.0,0.0,0.0,-0.0036,0,0,0,165,24,0,0,0
20664802,0.6535437,-0.0015762233,-0.00841883,-0.75684035,-0.0021851019,-0.0010211533,-0.0077840467,-0.0014720503,-0.0018840696,0.08259581,1.5851267e-05,5.043726e-05,1.1096852e-05,-0.0002546129,-0.0002243104,0.00034698896,0.23103616,0.00013528748,0.4869243,-0.0353935,-0.023252748,0.008270679,0.0,0.0,5.068659e-09,9.461879e-05,0.0011165245,0.00029565408,9.40156e-05,9.3284885e-05,0.00020689634,0.005455759,0.0056544305,0.012356116,0.007682712,0.007827237,0.06364051,1.6653075e-11,1.7209139e-11,4.1006207e-10,2.2281738e-06,2.2884547e-06,5.0000036e-08,0.0011297108,2.4700917e-05,0.0012533085,0.00019556098,0.0010846732,0.0012532464,0.0,0.0,611,0.12453894,0.2522707,0.3416631,0.0,4.547485e-05,0.0066638663,0.0,0.0,0.0,-0.003617,0,0,0,165,24,0,0,0
20868001,0.650691,-0.0016432869,-0.008292003,-0.7592956,-0.005696866,0.00072851544,-0.008550193,-0.0040830937,-0.0006325105,0.07565804,1.6073198e-05,5.0404946e-05,1.4697393e-05,-0.00025413572,-0.00022183784,0.00035479604,0.23125373,0.000108473454,0.4869109,-0.03452022,-0.023459194,0.008501523,0.0,0.0,3.1152618e-09,5.940789e-05,0.00096910336,0.00029041033,9.39536e-05,9.321472e-05,0.00020345332,0.005327923,0.0055167675,0.012212017,0.007403429,0.0075372905,0.062464807,1.6374208e-11,1.6902583e-11,3.9387565e-10,2.2274849e-06,2.2878226e-06,5e-08,0.0011293143,2.4341307e-05,0.0012532716,0.00019421073,0.0010844915,0.0012532058,0.0,0.0,611,0.122232236,0.2499296,0.350682,0.0,8.2921506e-05,0.018177612,0.0,0.0,0.0,-0.003615,0,0,0,165,24,0,0,0
21068816,0.6505342,-0.0016242402,-0.008326298,-0.75942963,-0.004005332,0.0013136414,-0.005990595,-0.0031159925,-0.0003074852,0.082598485,1.5998032e-05,5.0390372e-05,1.4982915e-05,-0.0002510319,-0.00022403144,0.00035189072,0.23136057,0.00011004255,0.48685876,-0.034446847,-0.023495765,0.008443073,0.0,0.0,1.9331592e-09,3.803677e-05,0.00075612,0.00028546958,9.394725e-05,9.3199735e-05,0.00020017625,0.005420324,0.005613907,0.012313069,0.0076125734,0.0077537266,0.06340364,1.6179818e-11,1.6695475e-11,3.7868314e-10,2.2269417e-06,2.287331e-06,5.0000036e-08,0.0011287334,2.3992588e-05,0.0012532366,0.00019285272,0.0010841761,0.0012531677,0.0,0.0,611,0.12396088,0.2518008,0.41373092,0.0,6.261784e-05,0.0109478375,0.0,0.0,0.0,-0.0036,0,0,0,165,24,0,0,0
21269611,0.6496119,-0.0016911898,-0.00819934,-0.76022,-0.00813449,0.001589298,-0.00419996,-0.006141117,0.00026659868,0.08643849,1.6198912e-05,5.039942e-05,1.6184835e-05,-0.0002570288,-0.00022057611,0.00035195576,0.23142129,9.5349e-05,0.4869492,-0.0341073,-0.023642147,0.008661327,0.0,0.0,1.2158391e-09,2.499621e-05,0.0006201241,0.00028043485,9.39149e-05,9.315688e-05,0.00019681091,0.005390404,0.005580512,0.012280572,0.0075639365,0.00770278,0.06322559,1.5953216e-11,1.645e-11,3.6392303e-10,2.22638e-06,2.2868187e-06,5.0000036e-08,0.0011279339,2.3654184e-05,0.0012532041,0.00019146482,0.0010836935,0.00125313,0.0,0.0,611,0.12355856,0.251447,0.3156475,0.0,0.00010181783,0.0021618577,0.0,0.0,0.0,-0.003605,0,0,0,165,24,0,0,0
21478425,0.6479457,-0.0016404479,-0.008288055,-0.7616397,-0.0046343356,0.0020863903,0.0012865255,-0.003508979,0.0009145468,0.10169088,1.6057922e-05,5.0352082e-05,1.819915e-05,-0.00024884753,-0.00022284359,0.00034928267,0.2320856,9.546535e-05,0.48687255,-0.03355708,-0.024064573,0.008573119,0.0,0.0,7.64557e-10,1.6848708e-05,0.0005111348,0.0002742315,9.387359e-05,9.310146e-05,0.00019258395,0.0053053973,0.0054899976,0.012174002,0.0073896954,0.0075225187,0.062454116,1.5708962e-11,1.6187683e-11,3.478597e-10,2.2258314e-06,2.2863271e-06,5e-08,0.0011265242,2.3286235e-05,0.0012531698,0.00018983187,0.0010827334,0.0012530901,0.0,0.0,611,0.122115575,0.24990821,0.2376941,0.0,7.117074e-05,0.06468828,0.0,0.0,0.0,-0.003591,0,0,0,165,24,0,0,0
21680844,0.6495614,-0.0016545408,-0.008203262,-0.7602632,-0.0083152875,0.00077152206,-5.407682e-05,-0.006433046,0.0005427386,0.10010847,1.620238e-05,5.0405044e-05,1.642993e-05,-0.0002602594,-0.00021904847,0.0003468466,0.23126224,8.9726214e-05,0.48703012,-0.034062304,-0.023451086,0.008746609,0.0,0.0,5.092672e-10,1.2203006e-05,0.00066054764,0.00026930624,9.385543e-05,9.307105e-05,0.00018923382,0.005299782,0.0054831062,0.012155578,0.007383495,0.007515838,0.062379062,1.5509883e-11,1.5973473e-11,3.3432884e-10,2.2254103e-06,2.2859645e-06,5.0000036e-08,0.0011251909,2.2968561e-05,0.0012531392,0.00018840827,0.0010818059,0.0012530537,0.0,0.0,611,0.122062825,0.249758,0.26888216,0.0,0.00012925063,0.0077244327,0.0,0.0,0.0,-0.003614,0,0,0,165,24,0,0,0
21881625,0.6493858,-0.0015493823,-0.008291638,-0.7604124,-0.0033195196,0.0011811715,-0.0037616268,-0.0031479467,0.0006983734,0.09069832,1.599564e-05,5.03688e-05,1.6712796e-05,-0.000253299,-0.00022094515,0.0003509396,0.23144984,9.567928e-05,0.48695907,-0.034021992,-0.023470266,0.008580408,0.0,0.0,3.606658e-10,9.62798e-06,0.00057693606,0.00026472769,9.384133e-05,9.304746e-05,0.00018613346,0.005305533,0.005488308,0.012146537,0.007401449,0.00753404,0.062401403,1.5323381e-11,1.5772392e-11,3.2173045e-10,2.2250572e-06,2.2856723e-06,5e-08,0.0011241231,2.2658789e-05,0.0012531102,0.00018708844,0.0010810862,0.0012530206,0.0,0.0,611,0.12221084,0.24980272,0.36194447,0.0,6.3922234e-05,0.01117129,0.0,0.0,0.0,-0.003591,0,0,0,165,24,0,0,0
22082431,0.64692545,-0.0015488742,-0.008238824,-0.76250714,-0.0036216315,0.0030429603,-0.0035852806,-0.0035584786,0.0016126306,0.09086212,1.6065609e-05,5.0334722e-05,1.9543902e-05,-0.00025137048,-0.00022035788,0.0003559106,0.23232847,8.8988556e-05,0.48696846,-0.033172984,-0.024199603,0.008682115,0.0,0.0,2.6423605e-10,7.927991e-06,0.00050438446,0.00026016822,9.384408e-05,9.303941e-05,0.0001830169,0.0053731794,0.0055595925,0.012235407,0.0075886073,0.0077271843,0.06325484,1.5158446e-11,1.5597464e-11,3.0959374e-10,2.2247855e-06,2.2854738e-06,5.0000036e-08,0.0011227501,2.2358727e-05,0.0012530793,0.00018574575,0.0010801044,0.0012529858,0.0,0.0,611,0.12375698,0.25150514,0.3617261,0.0,7.1673894e-05,0.0026673747,0.0,0.0,0.0,-0.003585,0,0,0,165,24,0,0,0
22283225,0.64574647,-0.0015185929,-0.008187853,-0.7635066,-0.004402539,0.003997036,-0.004961156,-0.0043195817,0.002195235,0.08736901,1.6132506e-05,5.0327617e-05,2.0906593e-05,-0.00025270376,-0.0002193066,0.00035958472,0.23277351,8.380425e-05,0.48701656,-0.032742698,-0.024585586,0.008786207,0.0,0.0,2.0346522e-10,6.6882963e-06,0.0005336252,0.00025541446,9.384265e-05,9.302599e-05,0.00017973172,0.0054115695,0.005599766,0.012303102,0.007733315,0.007875914,0.06400945,1.4990342e-11,1.5418456e-11,2.9764546e-10,2.2245642e-06,2.2853324e-06,5.0000036e-08,0.0011206929,2.2068012e-05,0.0012530512,0.00018430392,0.0010785377,0.0012529524,0.0,0.0,611,0.1249369,0.2530009,0.14292306,0.0,8.702114e-05,0.00633933,0.0,0.0,0.0,-0.003591,0,0,0,165,24,0,0,0
22486403,0.6452556,-0.0014361376,-0.008313992,-0.76392025,-0.00024170065,0.0049077733,-0.0048827594,-0.0014002557,0.0027449513,0.08669827,1.5981053e-05,5.029757e-05,2.1474189e-05,-0.00024568566,-0.00021802036,0.00036037192,0.23309956,8.105564e-05,0.48701084,-0.032615032,-0.024755536,0.008670008,0.0,0.0,1.673041e-10,6.029636e-06,0.00061186275,0.00024956546,9.3841925e-05,9.301042e-05,0.00017563629,0.0054407604,0.0056323987,0.012360835,0.007863938,0.00801104,0.064759195,1.4824425e-11,1.524552e-11,2.8481242e-10,2.2243728e-06,2.285239e-06,5e-08,0.0011179226,2.175105e-05,0.0012530186,0.00018265774,0.0010763694,0.0012529149,0.0,0.0,611,0.12599595,0.25447828,0.43114558,0.0,5.653417e-05,0.002267414,0.0,0.0,0.0,-0.003613,0,0,0,165,24,0,0,0
22689634,0.64535916,-0.0014591087,-0.00826296,-0.7638333,-0.0025392142,0.005458454,-0.0040383567,-0.003041767,0.0028376572,0.090183035,1.608152e-05,5.033034e-05,2.1380381e-05,-0.00025057766,-0.00021855316,0.00035853658,0.23288278,7.908969e-05,0.4870596,-0.0326302,-0.024603939,0.00879756,0.0,0.0,1.5550188e-10,5.999827e-06,0.00081299274,0.00024586509,9.382184e-05,9.298057e-05,0.00017304698,0.0053636874,0.0055475896,0.012287802,0.007736433,0.007876212,0.06439214,1.464486e-11,1.5045831e-11,2.7492905e-10,2.2242316e-06,2.2851837e-06,5.0000036e-08,0.0011156425,2.1511349e-05,0.0012529944,0.00018136793,0.0010745709,0.0012528843,0.0,0.0,611,0.12495057,0.25375608,0.17226118,0.0,6.135794e-05,0.023238542,0.0,0.0,0.0,-0.003582,0,0,0,165,24,0,0,0
22890417,0.6457784,-0.0013421971,-0.008421842,-0.76347727,0.002039037,0.0055333767,-0.0018822051,0.00069452316,0.003068978,0.09959204,1.5872416e-05,5.0316623e-05,2.096708e-05,-0.00024177818,-0.0002153151,0.00035364417,0.23271263,7.4654265e-05,0.48720077,-0.032867152,-0.024233568,0.008655228,0.0,0.0,1.4258228e-10,5.8233063e-06,0.0006586775,0.00024133408,9.3825016e-05,9.297359e-05,0.00016987938,0.0054079075,0.005593725,0.012346382,0.007871314,0.008014909,0.06512784,1.45015285e-11,1.489316e-11,2.6444674e-10,2.2241131e-06,2.2851573e-06,5.000007e-08,0.001113085,2.1243824e-05,0.0012529644,0.0001799543,0.0010725453,0.0012528496,0.0,0.0,611,0.12604056,0.25520158,0.26399043,0.0,6.0619663e-05,0.00781594,0.0,0.0,0.0,-0.003599,0,0,0,165,24,0,0,0
23091203,0.6430354,-0.0014140853,-0.008266777,-0.7657905,-0.0014426295,0.0071821865,0.004774714,-0.0020621086,0.0043562823,0.12057778,1.6082055e-05,5.0305887e-05,2.3910661e-05,-0.00024432773,-0.00021824636,0.00035155972,0.23406798,6.962841e-05,0.48706597,-0.03181157,-0.02558426,0.008861324,0.0,0.0,1.348849e-10,5.713847e-06,0.0005889275,0.0002358796,9.3818206e-05,9.295568e-05,0.00016604633,0.005421632,0.0056102504,0.012388829,0.007953546,0.008100317,0.06567719,1.4349819e-11,1.4735633e-11,2.5329e-10,2.2239872e-06,2.2851364e-06,5e-08,0.0011100197,2.095161e-05,0.0012529291,0.00017838806,0.001070091,0.0012528095,0.0,0.0,611,0.12670384,0.25627562,0.3635446,0.0,8.2330036e-05,0.0030692546,0.0,0.0,0.0,-0.003614,0,0,0,165,24,0,0,0
23292041,0.64358336,-0.0014219311,-0.008305183,-0.7653297,-0.0008021296,0.0073881675,0.008589277,-0.0013129198,0.0043204506,0.13417803,1.6036813e-05,5.033009e-05,2.3338649e-05,-0.00024236739,-0.00021773233,0.000345585,0.23366049,6.600492e-05,0.4871749,-0.032055147,-0.0251282,0.008862583,0.0,0.0,1.3308497e-10,5.7325474e-06,0.00054497016,0.00023239604,9.378649e-05,9.291966e-05,0.00016358511,0.005334386,0.0055148667,0.012300587,0.0077830204,0.007921383,0.06511475,1.4187452e-11,1.4555012e-11,2.4466976e-10,2.223867e-06,2.285102e-06,5.000007e-08,0.0011073361,2.0730626e-05,0.0012529055,0.00017713997,0.0010679194,0.0012527792,0.0,0.0,611,0.1253172,0.25517592,0.21316966,0.0,8.543986e-05,0.018820941,0.0,0.0,0.0,-0.003575,0,0,0,165,24,0,0,0
23500799,0.6436792,-0.0013646046,-0.008384408,-0.7652483,0.0021525216,0.007664346,0.0062831636,0.00077150937,0.0044728317,0.13192198,1.592756e-05,5.0329036e-05,2.3241571e-05,-0.00023645243,-0.00021592472,0.00034665584,0.23360804,6.0031787e-05,0.48722422,-0.032158576,-0.024982382,0.008781751,0.0,0.0,1.3133608e-10,5.764826e-06,0.00047378184,0.00022815591,9.374791e-05,9.287799e-05,0.0001605738,0.0052293064,0.005402842,0.012161943,0.0075297863,0.0076589603,0.06401215,1.4020975e-11,1.4373014e-11,2.3534172e-10,2.223704e-06,2.285026e-06,5.0000036e-08,0.001104299,2.048396e-05,0.0012528774,0.00017575391,0.0010654565,0.0012527449,0.0,0.0,611,0.12324263,0.25300622,0.12851778,0.0,8.9619505e-05,0.0017240908,0.0,0.0,0.0,-0.003617,0,0,0,165,24,0,0,0
23704849,0.64102894,-0.0014502172,-0.008161699,-0.7674719,-0.002377138,0.008742886,0.0032702906,-0.002933966,0.0054786284,0.1276029,1.6196082e-05,5.0331822e-05,2.5977359e-05,-0.000244931,-0.00022042409,0.00035433058,0.23507515,6.3428655e-05,0.48705554,-0.03106638,-0.026509164,0.009033563,0.0,0.0,1.3008816e-10,5.7926213e-06,0.0007002789,0.00022390985,9.3709736e-05,9.28381e-05,0.00015756967,0.0051370515,0.005305461,0.012015455,0.0072820545,0.007403425,0.06278986,1.38701e-11,1.4209199e-11,2.2651189e-10,2.2234951e-06,2.2848922e-06,5e-08,0.0011013446,2.0243659e-05,0.0012528469,0.00017441348,0.0010630632,0.0012527094,0.0,0.0,611,0.12118366,0.25057903,0.362464,0.0,0.000111218214,0.006368789,0.0,0.0,0.0,-0.003567,0,0,0,165,24,0,0,0
23906435,0.64204735,-0.0014112411,-0.008266161,-0.7666191,-0.0004886755,0.008380488,0.0048699183,-0.0010609525,0.0054631704,0.13350815,1.607493e-05,5.035085e-05,2.4943722e-05,-0.00024009867,-0.00021898498,0.0003502106,0.23438512,5.757111e-05,0.48710594,-0.03152409,-0.025790619,0.0089553725,0.0,0.0,1.3434034e-10,6.002108e-06,0.00071208813,0.00021965719,9.369317e-05,9.281798e-05,0.00015453782,0.00516271,0.005332199,0.012012517,0.007296223,0.007419117,0.062685356,1.3752146e-11,1.408403e-11,2.1796805e-10,2.2232152e-06,2.2847003e-06,5.000007e-08,0.0010975321,2.0010324e-05,0.0012528242,0.00017299503,0.0010599046,0.0012526815,0.0,0.0,611,0.1213068,0.25037044,0.5148364,0.0,0.00010818271,0.010087834,0.0,0.0,0.0,-0.003581,0,0,0,165,24,0,0,0
24108821,0.64271224,-0.0014209747,-0.008270693,-0.7660617,-0.00041688385,0.008236396,0.010391568,-0.0010069405,0.0052507855,0.1524471,1.6066255e-05,5.038559e-05,2.427565e-05,-0.0002398944,-0.0002205577,0.00034219582,0.23387639,5.6413777e-05,0.4871388,-0.031792138,-0.025300706,0.008968669,0.0,0.0,1.3686294e-10,6.064145e-06,0.00073116395,0.00021497118,9.36499e-05,9.277551e-05,0.00015122286,0.005104214,0.005272106,0.011909947,0.0071253306,0.0072445716,0.061677642,1.3614551e-11,1.39390695e-11,2.0926644e-10,2.222866e-06,2.2844063e-06,5e-08,0.0010945797,1.9751846e-05,0.0012527944,0.0001716275,0.0010575303,0.0012526462,0.0,0.0,611,0.11987453,0.24834985,0.23881043,0.0,0.000100588724,0.008320169,0.0,0.0,0.0,-0.003607,0,0,0,165,24,0,0,0
24309631,0.64160854,-0.001412645,-0.0082929665,-0.76698625,0.0010893443,0.009669867,0.009003395,0.00018648745,0.0060391105,0.15418608,1.6029531e-05,5.0365317e-05,2.5393198e-05,-0.00023544802,-0.00022034229,0.0003443206,0.23455454,5.2716812e-05,0.48710394,-0.031411942,-0.025876213,0.008945655,0.0,0.0,1.3545026e-10,5.9493345e-06,0.0005913934,0.00021140525,9.362376e-05,9.27517e-05,0.00014870378,0.0051483177,0.0053186794,0.011937554,0.0071907984,0.007313183,0.061746355,1.350894e-11,1.3826749e-11,2.0196887e-10,2.2224808e-06,2.284054e-06,5.0000036e-08,0.0010921567,1.9528094e-05,0.0012527661,0.00017046995,0.0010555965,0.0012526138,0.0,0.0,611,0.12043248,0.24848814,0.36542186,0.0,0.00011005492,0.034585536,0.0,0.0,0.0,-0.003585,0,0,0,165,24,0,0,0
24511211,0.64195776,-0.0014657645,-0.008247804,-0.76669425,-0.0011696949,0.0098787565,0.011195719,-0.0012547671,0.0060046553,0.16314742,1.6106675e-05,5.0409704e-05,2.5044978e-05,-0.00023929027,-0.00022317682,0.00034116925,0.23418602,5.4449036e-05,0.4871045,-0.031528477,-0.025579957,0.009022898,0.0,0.0,1.2948274e-10,5.990943e-06,0.0006454598,0.00020778323,9.356789e-05,9.2701535e-05,0.00014612885,0.005102303,0.005269545,0.011863277,0.0070630726,0.007181937,0.060915023,1.3385258e-11,1.3693098e-11,1.9484878e-10,2.2219704e-06,2.2835625e-06,5.0000036e-08,0.0010894113,1.930997e-05,0.0012527395,0.00016928907,0.0010533847,0.0012525822,0.0,0.0,611,0.11935246,0.24680969,0.42359215,0.0,0.00012025191,0.009939737,0.0,0.0,0.0,-0.003605,0,0,0,165,24,0,0,0
24712834,0.64041096,-0.001502718,-0.00823871,-0.7679868,-0.0021813782,0.010996774,0.006825753,-0.0016543258,0.006730757,0.15658486,1.6155727e-05,5.04045e-05,2.6533442e-05,-0.00023617684,-0.00022414031,0.00034740858,0.23502234,4.848153e-05,0.4871741,-0.030992528,-0.026279034,0.009125809,0.0,0.0,1.273299e-10,5.758185e-06,0.0006144901,0.0002043283,9.350473e-05,9.264583e-05,0.00014365635,0.0050531058,0.00521676,0.011797967,0.0069424035,0.007057803,0.060131636,1.3263698e-11,1.3561836e-11,1.8810516e-10,2.2213753e-06,2.2829674e-06,5e-08,0.001086792,1.9096766e-05,0.0012527141,0.00016815292,0.0010512861,0.0012525524,0.0,0.0,611,0.11832247,0.24521753,0.23664013,0.0,0.00013657985,0.03484557,0.0,0.0,0.0,-0.003582,0,0,0,165,24,0,0,0
24921601,0.64175105,-0.0014282418,-0.008391428,-0.76686585,0.0017636573,0.010262282,0.002075323,0.0009753331,0.006710145,0.143529,1.5986669e-05,5.042557e-05,2.521349e-05,-0.00023048864,-0.00022168882,0.0003503869,0.23418485,4.1516796e-05,0.4872299,-0.031581555,-0.025404027,0.008978848,0.0,0.0,1.3785685e-10,5.829342e-06,0.0005371728,0.00020042786,9.346508e-05,9.2610855e-05,0.00014086779,0.0051234397,0.0052926135,0.011891239,0.007102663,0.0072245654,0.060676586,1.3166051e-11,1.3461153e-11,1.8103233e-10,2.220744e-06,2.2823413e-06,5e-08,0.0010839516,1.8862107e-05,0.0012526825,0.0001669275,0.0010490076,0.0012525163,0.0,0.0,611,0.1196964,0.24632618,0.24435133,0.0,0.00013215198,0.013457816,0.0,0.0,0.0,-0.003615,0,0,0,165,24,0,0,0
25122464,0.64085686,-0.001454839,-0.008390968,-0.7676132,0.0014119337,0.010787302,0.0009184956,0.0016972397,0.007411224,0.14548208,1.5967104e-05,5.041798e-05,2.6057272e-05,-0.00022657312,-0.0002223613,0.00035124205,0.23464827,3.667589e-05,0.48722842,-0.03130409,-0.025766492,0.008985129,0.0,0.0,2.8234254e-10,1.0676981e-05,0.0005716553,0.00019800525,9.341418e-05,9.2570495e-05,0.00013912802,0.005155681,0.0053236024,0.011943917,0.007183601,0.0073073003,0.060884558,1.3072241e-11,1.33579415e-11,1.756779e-10,2.2200763e-06,2.281644e-06,5.000007e-08,0.0010817992,1.8684184e-05,0.0012526563,0.0001659923,0.0010473004,0.0012524852,0.0,0.0,611,0.12037816,0.24674797,0.17159219,0.0,0.00014678265,0.0003513295,0.0,0.0,0.0,-0.003552,0,0,0,165,24,0,0,0
25324849,0.63965535,-0.0014194711,-0.008384723,-0.7686149,0.0011948609,0.011445287,0.0025768785,0.00094513665,0.007959298,0.15451603,1.6028107e-05,5.042579e-05,2.716702e-05,-0.00022326664,-0.00022540151,0.00034994658,0.23528218,3.1496747e-05,0.48727247,-0.03089861,-0.026295947,0.0090866955,0.0,0.0,2.3540805e-10,9.873155e-06,0.00071601925,0.00019476045,9.335589e-05,9.2521615e-05,0.00013678978,0.0051700724,0.005339215,0.011990299,0.007245842,0.0073713795,0.061095804,1.2974985e-11,1.325402e-11,1.6974501e-10,2.2193067e-06,2.2808558e-06,5e-08,0.0010788324,1.8485876e-05,0.0012526292,0.0001648813,0.0010448963,0.001252453,0.0,0.0,611,0.120901704,0.24717565,0.21566726,0.0,0.00016162678,0.017600838,0.0,0.0,0.0,-0.003567,0,0,0,165,24,0,0,0
25525633,0.6407354,-0.001388887,-0.008465166,-0.7677139,0.00417323,0.010190079,0.0027062935,0.002744763,0.0077615725,0.1567228,1.5919672e-05,5.0455266e-05,2.612717e-05,-0.00022100328,-0.00022424772,0.00034744828,0.23456271,2.7345473e-05,0.4873104,-0.031361032,-0.025579039,0.008972451,0.0,0.0,2.0243221e-10,8.4394305e-06,0.0006018795,0.00019165603,9.331112e-05,9.248551e-05,0.00013455233,0.005247144,0.00542124,0.012130634,0.00747461,0.0076073003,0.06215859,1.2893108e-11,1.3167902e-11,1.6412162e-10,2.218539e-06,2.2800687e-06,5.000007e-08,0.0010758942,1.8291676e-05,0.001252601,0.00016379861,0.0010425133,0.0012524207,0.0,0.0,611,0.12280843,0.24931625,0.24933384,0.0,0.00015436648,0.009298146,0.0,0.0,0.0,-0.003584,0,0,0,165,24,0,0,0
25734426,0.6365276,-0.0015434537,-0.008040974,-0.77121055,0.0015234618,0.012722679,-0.0038852473,0.0012323728,0.009590716,0.14539199,1.6080005e-05,5.0390223e-05,3.0006573e-05,-0.00022258332,-0.00022798449,0.0003581767,0.23746406,3.3257656e-05,0.48712417,-0.029710172,-0.028334433,0.00912012,0.0,0.0,2.753842e-10,1.0781254e-05,0.0005651025,0.00018793793,9.3215174e-05,9.240874e-05,0.00013186432,0.0051629264,0.0053324983,0.0120793395,0.0073357327,0.007463519,0.061628986,1.2776321e-11,1.304327e-11,1.5802058e-10,2.2175573e-06,2.2790434e-06,5.0000036e-08,0.0010725624,1.8079027e-05,0.0012525726,0.00016260074,0.0010398184,0.0012523881,0.0,0.0,611,0.12165218,0.24825186,0.13941361,0.0,0.00018801329,0.013259938,0.0,0.0,0.0,-0.00359,0,0,0,165,24,0,0,0
25935231,0.6358857,-0.0018233748,-0.0077835373,-0.77174187,0.0029926503,0.013534955,-0.0030952573,0.0011850551,0.009503042,0.15277895,1.609777e-05,5.0411458e-05,3.0609022e-05,-0.00021672569,-0.00023233058,0.00035592896,0.23791298,2.6216929e-05,0.48717514,-0.029499376,-0.028675873,0.009164557,0.0,0.0,2.7603334e-10,1.0682928e-05,0.0005760119,0.00018451213,9.311656e-05,9.232996e-05,0.00012941821,0.005064646,0.005229646,0.011997306,0.007141074,0.0072618686,0.060808983,1.2667259e-11,1.2924824e-11,1.525077e-10,2.2165043e-06,2.2779698e-06,5e-08,0.0010680447,1.7897097e-05,0.0012525588,0.00016136665,0.0010360456,0.0012523682,0.0,0.0,611,0.12001226,0.24659477,0.15640086,0.0,0.0001929151,0.008903708,0.0,0.0,0.0,-0.00361,0,0,0,165,24,0,0,0
