timestamp,baro_alt_meter,baro_temp_celcius,baro_pressure_pa,rho
31683364,182.59221,16.14,99150.99,1.1780778
31693410,182.1668,16.14,99156.0,1.1781373
31704382,182.76132,16.14,99149.0,1.1780541
31725361,182.50766,16.14,99151.99,1.1780897
31735409,182.50766,16.14,99151.99,1.1780897
31746361,182.50766,16.14,99151.99,1.1780897
31767361,183.01498,16.14,99146.0,1.1780185
31778804,182.67676,16.14,99150.0,1.178066
31789417,182.67676,16.14,99150.0,1.178066
31810461,182.84587,16.14,99148.0,1.1780423
31820480,182.84587,16.14,99148.0,1.1780423
31831370,182.67676,16.14,99150.0,1.178066
31852372,182.59221,16.14,99150.99,1.1780778
31862469,182.93042,16.14,99147.0,1.1780304
31873412,182.59221,16.14,99150.99,1.1780778
31894369,182.3359,16.14,99154.0,1.1781136
31904480,182.50766,16.14,99151.99,1.1780897
31915361,183.01498,16.14,99146.0,1.1780185
31936373,182.84587,16.14,99148.0,1.1780423
31947029,182.84587,16.14,99148.0,1.1780423
31957361,182.76132,16.14,99149.0,1.1780541
31978374,182.84587,16.14,99148.0,1.1780423
31988493,183.01498,16.14,99146.0,1.1780185
31999373,182.84587,16.14,99148.0,1.1780423
32020361,182.84587,16.14,99148.0,1.1780423
32030429,182.42046,16.14,99153.0,1.1781017
32041413,182.59221,16.14,99150.99,1.1780778
32062372,182.76132,16.14,99149.0,1.1780541
32072492,182.50766,16.14,99151.99,1.1780897
32083361,182.76132,16.14,99149.0,1.1780541
32106361,182.1668,16.14,99156.0,1.1781373
32116483,182.42046,16.14,99153.0,1.1781017
32127361,182.59221,16.14,99150.99,1.1780778
32148361,182.67676,16.14,99150.0,1.178066
32158413,182.67676,16.14,99150.0,1.178066
32169637,182.84587,16.14,99148.0,1.1780423
32192311,182.67676,16.14,99150.0,1.178066
32202379,182.76132,16.14,99149.0,1.1780541
32213361,182.50766,16.14,99151.99,1.1780897
32235499,182.3359,16.14,99154.0,1.1781136
32246361,182.3359,16.14,99154.0,1.1781136
32257361,182.25134,16.14,99155.0,1.1781254
32279364,182.25134,16.13,99155.0,1.1781254
32289362,182.76132,16.13,99149.0,1.1780541
32300375,182.67676,16.13,99150.0,1.178066
32321361,182.59221,16.13,99150.99,1.1780778
32331362,182.59221,16.13,99150.99,1.1780778
32342370,182.59221,16.13,99150.99,1.1780778
32363361,182.3359,16.13,99154.0,1.1781136
32373361,182.84587,16.13,99148.0,1.1780423
32384564,182.50766,16.13,99151.99,1.1780897
32405361,182.76132,16.13,99149.0,1.1780541
32415765,182.42046,16.13,99153.0,1.1781017
32426372,182.67676,16.13,99150.0,1.178066
32447361,183.09953,16.13,99144.99,1.1780065
32457373,182.50766,16.13,99151.99,1.1780897
32468374,182.50766,16.13,99151.99,1.1780897
32490361,182.93042,16.13,99147.0,1.1780304
32500371,182.67676,16.13,99150.0,1.178066
32511371,183.01498,16.13,99146.0,1.1780185
32532379,182.50766,16.14,99151.99,1.1780897
32542375,182.08224,16.14,99157.0,1.1781492
32553371,182.84587,16.14,99148.0,1.1780423
32574410,182.50766,16.13,99151.99,1.1780897
32584571,182.67676,16.13,99150.0,1.178066
32595361,183.18408,16.13,99144.0,1.1779947
32616364,182.25134,16.13,99155.0,1.1781254
32626360,182.59221,16.13,99150.99,1.1780778
32637361,182.59221,16.13,99150.99,1.1780778
32658361,182.67676,16.13,99150.0,1.178066
32668641,182.67676,16.13,99150.0,1.178066
32679366,182.3359,16.13,99154.0,1.1781136
32700734,182.50766,16.13,99151.99,1.1780897
32711410,182.42046,16.13,99153.0,1.1781017
32722412,182.25134,16.13,99155.0,1.1781254
32743361,183.01498,16.13,99146.0,1.1780185
32753370,182.67676,16.13,99150.0,1.178066
32764606,182.84587,16.13,99148.0,1.1780423
32786143,182.3359,16.13,99154.0,1.1781136
32795360,182.84587,16.13,99148.0,1.1780423
32806361,182.67676,16.13,99150.0,1.178066
32828614,182.59221,16.13,99150.99,1.1780778
32839361,182.84587,16.13,99148.0,1.1780423
32851802,182.3359,16.13,99154.0,1.1781136
32872494,182.50766,16.13,99151.99,1.1780897
32883796,182.50766,16.13,99151.99,1.1780897
32893414,182.50766,16.13,99151.99,1.1780897
32914410,182.59221,16.13,99150.99,1.1780778
32925362,182.67676,16.13,99150.0,1.178066
32935410,182.42046,16.13,99153.0,1.1781017
32956510,182.42046,16.13,99153.0,1.1781017
32967361,182.50766,16.13,99151.99,1.1780897
32977409,182.42046,16.13,99153.0,1.1781017
32998412,182.59221,16.13,99150.99,1.1780778
33009361,182.76132,16.13,99149.0,1.1780541
33019409,182.76132,16.13,99149.0,1.1780541
33040496,182.84587,16.13,99148.0,1.1780423
33051376,182.50766,16.13,99151.99,1.1780897
33061409,182.25134,16.13,99155.0,1.1781254
33082473,182.08224,16.13,99157.0,1.1781492
33093415,182.08224,16.13,99157.0,1.1781492
33103409,182.3359,16.13,99154.0,1.1781136
33125745,182.50766,16.13,99151.99,1.1780897
33136373,182.67676,16.13,99150.0,1.178066
33146409,182.59221,16.13,99150.99,1.1780778
33167409,182.50766,16.13,99151.99,1.1780897
33178361,182.42046,16.13,99153.0,1.1781017
33188934,182.50766,16.13,99151.99,1.1780897
33209422,182.93042,16.13,99147.0,1.1780304
33220895,182.3359,16.13,99154.0,1.1781136
33230600,182.25134,16.13,99155.0,1.1781254
33251420,182.3359,16.14,99154.0,1.1781136
33262361,182.50766,16.14,99151.99,1.1780897
33272678,182.59221,16.14,99150.99,1.1780778
33293412,182.67676,16.13,99150.0,1.178066
33304847,182.50766,16.13,99151.99,1.1780897
33314421,182.67676,16.13,99150.0,1.178066
33335409,181.99768,16.14,99157.99,1.178161
33346372,182.50766,16.14,99151.99,1.1780897
33356481,182.42046,16.14,99153.0,1.1781017
33377409,182.25134,16.14,99155.0,1.1781254
33388371,182.50766,16.14,99151.99,1.1780897
33399837,182.50766,16.14,99151.99,1.1780897
33420481,182.3359,16.14,99154.0,1.1781136
33432094,182.42046,16.14,99153.0,1.1781017
33441409,182.42046,16.14,99153.0,1.1781017
33463057,182.50766,16.13,99151.99,1.1780897
33473365,182.59221,16.13,99150.99,1.1780778
33483420,182.59221,16.13,99150.99,1.1780778
33504490,182.59221,16.14,99150.99,1.1780778
33515376,182.50766,16.14,99151.99,1.1780897
33525409,182.67676,16.14,99150.0,1.178066
33546409,182.67676,16.14,99150.0,1.178066
33557361,182.67676,16.14,99150.0,1.178066
33567409,182.67676,16.14,99150.0,1.178066
33588503,182.76132,16.14,99149.0,1.1780541
33599371,182.84587,16.14,99148.0,1.1780423
33609512,182.67676,16.14,99150.0,1.178066
33630412,182.76132,16.14,99149.0,1.1780541
33641361,182.50766,16.14,99151.99,1.1780897
33651408,182.42046,16.14,99153.0,1.1781017
33673445,182.25134,16.14,99155.0,1.1781254
33684840,182.42046,16.14,99153.0,1.1781017
33694408,182.84587,16.14,99148.0,1.1780423
33715408,182.50766,16.14,99151.99,1.1780897
33726372,182.3359,16.14,99154.0,1.1781136
33737159,182.76132,16.14,99149.0,1.1780541
33757440,182.50766,16.14,99151.99,1.1780897
33768864,182.42046,16.14,99153.0,1.1781017
33778710,182.76132,16.14,99149.0,1.1780541
33799419,182.3359,16.14,99154.0,1.1781136
33810361,181.99768,16.14,99157.99,1.178161
33820681,182.59221,16.14,99150.99,1.1780778
33841421,182.67676,16.14,99150.0,1.178066
33852843,182.50766,16.14,99151.99,1.1780897
33862420,182.84587,16.14,99148.0,1.1780423
33883416,182.59221,16.14,99150.99,1.1780778
33894373,182.67676,16.14,99150.0,1.178066
33904480,182.50766,16.14,99151.99,1.1780897
33925487,182.67676,16.14,99150.0,1.178066
33936361,182.42046,16.14,99153.0,1.1781017
33946408,182.50766,16.14,99151.99,1.1780897
33967408,182.67676,16.14,99150.0,1.178066
33978364,182.50766,16.14,99151.99,1.1780897
33988481,182.67676,16.14,99150.0,1.178066
34011343,182.50766,16.14,99151.99,1.1780897
34022373,182.67676,16.14,99150.0,1.178066
34034149,182.84587,16.14,99148.0,1.1780423
34055370,182.3359,16.14,99154.0,1.1781136
34066361,182.25134,16.14,99155.0,1.1781254
34077436,182.76132,16.14,99149.0,1.1780541
34099361,182.59221,16.14,99150.99,1.1780778
34110379,182.42046,16.14,99153.0,1.1781017
34120374,182.76132,16.14,99149.0,1.1780541
34141361,182.59221,16.14,99150.99,1.1780778
34152361,182.42046,16.14,99153.0,1.1781017
34162703,182.84587,16.14,99148.0,1.1780423
34183360,182.59221,16.14,99150.99,1.1780778
34194486,182.93042,16.14,99147.0,1.1780304
34204364,182.42046,16.14,99153.0,1.1781017
34225370,182.42046,16.14,99153.0,1.1781017
34236361,182.59221,16.14,99150.99,1.1780778
34246397,183.01498,16.14,99146.0,1.1780185
34267361,182.84587,16.14,99148.0,1.1780423
34278405,182.76132,16.14,99149.0,1.1780541
34288361,182.76132,16.14,99149.0,1.1780541
34309372,182.84587,16.15,99148.0,1.1780423
34320365,182.67676,16.15,99150.0,1.178066
34331372,182.59221,16.15,99150.99,1.1780778
34352365,182.42046,16.15,99153.0,1.1781017
34363371,182.50766,16.15,99151.99,1.1780897
34373427,182.3359,16.15,99154.0,1.1781136
34394372,182.76132,16.15,99149.0,1.1780541
34405408,182.59221,16.15,99150.99,1.1780778
34415415,182.84587,16.15,99148.0,1.1780423
34436589,182.50766,16.15,99151.99,1.1780897
34447372,182.93042,16.15,99147.0,1.1780304
34457403,182.93042,16.15,99147.0,1.1780304
34478360,182.59221,16.16,99150.99,1.1780778
34489363,182.42046,16.16,99153.0,1.1781017
34499374,182.76132,16.16,99149.0,1.1780541
34520710,182.67676,16.16,99150.0,1.178066
34531410,182.42046,16.16,99153.0,1.1781017
34541360,182.76132,16.16,99149.0,1.1780541
34563361,182.50766,16.16,99151.99,1.1780897
34574361,182.67676,16.16,99150.0,1.178066
34584624,182.67676,16.16,99150.0,1.178066
34605364,182.50766,16.16,99151.99,1.1780897
34616823,182.67676,16.16,99150.0,1.178066
34626361,182.67676,16.16,99150.0,1.178066
34647361,182.50766,16.16,99151.99,1.1780897
34658372,182.59221,16.16,99150.99,1.1780778
34669801,182.76132,16.16,99149.0,1.1780541
34690360,182.25134,16.17,99155.0,1.1781254
34701708,182.42046,16.17,99153.0,1.1781017
34711364,182.25134,16.17,99155.0,1.1781254
34732361,182.1668,16.17,99156.0,1.1781373
34743361,182.42046,16.17,99153.0,1.1781017
34753444,182.67676,16.17,99150.0,1.178066
34774372,182.67676,16.17,99150.0,1.178066
34785535,182.67676,16.17,99150.0,1.178066
34796480,182.84587,16.17,99148.0,1.1780423
34817461,182.67676,16.17,99150.0,1.178066
34828372,182.84587,16.17,99148.0,1.1780423
34839356,182.3359,16.17,99154.0,1.1781136
34861376,182.93042,16.18,99147.0,1.1780304
34872376,182.76132,16.18,99149.0,1.1780541
34883496,182.67676,16.18,99150.0,1.178066
34905378,182.50766,16.18,99151.99,1.1780897
34915410,182.76132,16.18,99149.0,1.1780541
34926361,182.93042,16.18,99147.0,1.1780304
34947366,182.76132,16.18,99149.0,1.1780541
34957463,182.50766,16.18,99151.99,1.1780897
34969129,182.59221,16.18,99150.99,1.1780778
34989361,182.67676,16.19,99150.0,1.178066
34999412,182.67676,16.19,99150.0,1.178066
35010360,182.50766,16.19,99151.99,1.1780897
35031371,182.25134,16.19,99155.0,1.1781254
35041418,182.42046,16.19,99153.0,1.1781017
35052361,182.50766,16.19,99151.99,1.1780897
35073361,182.08224,16.199999,99157.0,1.1781492
35083409,182.25134,16.199999,99155.0,1.1781254
35094411,182.42046,16.199999,99153.0,1.1781017
35116374,182.50766,16.199999,99151.99,1.1780897
35126420,182.3359,16.199999,99154.0,1.1781136
35137361,182.42046,16.199999,99153.0,1.1781017
35158373,182.25134,16.199999,99155.0,1.1781254
35168533,182.25134,16.199999,99155.0,1.1781254
35179374,182.59221,16.199999,99150.99,1.1780778
35200606,182.25134,16.21,99155.0,1.1781254
35211372,182.42046,16.21,99153.0,1.1781017
35222373,182.59221,16.21,99150.99,1.1780778
35244642,182.1668,16.21,99156.0,1.1781373
35255372,182.50766,16.21,99151.99,1.1780897
35266383,182.42046,16.21,99153.0,1.1781017
35288899,182.50766,16.21,99151.99,1.1780897
35298725,182.1668,16.21,99156.0,1.1781373
35309374,182.76132,16.21,99149.0,1.1780541
35330361,182.08224,16.22,99157.0,1.1781492
35340640,182.50766,16.22,99151.99,1.1780897
35351361,182.08224,16.22,99157.0,1.1781492
35372847,182.08224,16.23,99157.0,1.1781492
35383411,182.3359,16.23,99154.0,1.1781136
35394415,182.50766,16.23,99151.99,1.1780897
35415373,182.59221,16.23,99150.99,1.1780778
35426170,182.1668,16.23,99156.0,1.1781373
35436361,182.50766,16.23,99151.99,1.1780897
35457706,181.91313,16.24,99159.0,1.178173
35467361,181.99768,16.24,99157.99,1.178161
35478361,182.42046,16.24,99153.0,1.1781017
35499363,182.25134,16.24,99155.0,1.1781254
35510363,182.25134,16.24,99155.0,1.1781254
35522980,182.42046,16.24,99153.0,1.1781017
35544541,181.99768,16.24,99157.99,1.178161
35555417,182.42046,16.24,99153.0,1.1781017
35565483,182.25134,16.24,99155.0,1.1781254
35586409,181.99768,16.24,99157.99,1.178161
35597453,181.99768,16.24,99157.99,1.178161
35608363,182.42046,16.24,99153.0,1.1781017
35630368,181.82858,16.24,99160.0,1.1781849
35641374,182.3359,16.24,99154.0,1.1781136
35652368,182.3359,16.24,99154.0,1.1781136
35674585,181.82858,16.24,99160.0,1.1781849
35685412,182.25134,16.24,99155.0,1.1781254
35695361,182.1668,16.24,99156.0,1.1781373
35716361,182.3359,16.24,99154.0,1.1781136
35727361,182.3359,16.24,99154.0,1.1781136
35737361,181.91313,16.24,99159.0,1.178173
35758392,181.91313,16.25,99159.0,1.178173
35769373,182.08224,16.25,99157.0,1.1781492
35779365,181.99768,16.25,99157.99,1.178161
35801361,181.65947,16.25,99162.0,1.1782086
35812372,182.1668,16.25,99156.0,1.1781373
35822387,182.08224,16.25,99157.0,1.1781492
35844620,182.25134,16.25,99155.0,1.1781254
35855373,182.1668,16.25,99156.0,1.1781373
35866361,182.25134,16.25,99155.0,1.1781254
35888360,181.57492,16.25,99163.0,1.1782205
35900697,181.74402,16.25,99161.0,1.1781967
35911360,182.1668,16.25,99156.0,1.1781373
35932370,181.91313,16.25,99159.0,1.178173
35942409,182.08224,16.25,99157.0,1.1781492
35953361,182.3359,16.25,99154.0,1.1781136
35974382,182.1668,16.26,99156.0,1.1781373
35984499,181.99768,16.26,99157.99,1.178161
35996647,181.65947,16.26,99162.0,1.1782086
36018373,182.3359,16.25,99154.0,1.1781136
36029373,181.82858,16.25,99160.0,1.1781849
36040373,182.1668,16.25,99156.0,1.1781373
36062361,181.91313,16.26,99159.0,1.178173
36073361,181.82858,16.26,99160.0,1.1781849
36084366,181.91313,16.26,99159.0,1.178173
36105364,182.1668,16.26,99156.0,1.1781373
36115360,181.99768,16.26,99157.99,1.178161
36126361,181.99768,16.26,99157.99,1.178161
36147376,181.74402,16.27,99161.0,1.1781967
36157361,181.49036,16.27,99163.99,1.1782323
36168370,181.99768,16.27,99157.99,1.178161
36190372,182.3359,16.26,99154.0,1.1781136
36200372,181.74402,16.26,99161.0,1.1781967
36210382,181.99768,16.26,99157.99,1.178161
36232374,181.99768,16.27,99157.99,1.178161
36242372,181.82858,16.27,99160.0,1.1781849
36253681,181.74402,16.27,99161.0,1.1781967
36274373,181.65947,16.27,99162.0,1.1782086
36284361,181.4058,16.27,99165.0,1.1782442
36295361,181.82858,16.27,99160.0,1.1781849
36316459,181.65947,16.27,99162.0,1.1782086
36326364,181.74402,16.27,99161.0,1.1781967
36337455,181.57492,16.27,99163.0,1.1782205
36359373,181.57492,16.27,99163.0,1.1782205
36369482,181.65947,16.27,99162.0,1.1782086
36380361,181.57492,16.27,99163.0,1.1782205
36401373,181.06494,16.26,99169.0,1.1782918
36411370,181.91313,16.26,99159.0,1.178173
36422482,181.57492,16.26,99163.0,1.1782205
36443373,181.4058,16.26,99165.0,1.1782442
36453361,181.4058,16.26,99165.0,1.1782442
36464365,181.74402,16.26,99161.0,1.1781967
36485361,181.65947,16.26,99162.0,1.1782086
36495371,181.23405,16.26,99167.0,1.178268
36506380,180.9804,16.26,99169.99,1.1783036
36528361,181.74402,16.26,99161.0,1.1781967
36539360,181.4058,16.26,99165.0,1.1782442
36550491,181.23405,16.26,99167.0,1.178268
36572479,181.23405,16.26,99167.0,1.178268
36584075,181.06494,16.26,99169.0,1.1782918
36593408,181.3186,16.26,99166.0,1.1782562
36615415,181.3186,16.25,99166.0,1.1782562
36626361,181.4058,16.25,99165.0,1.1782442
36637364,180.81128,16.25,99172.0,1.1783274
36659364,180.9804,16.25,99169.99,1.1783036
36670361,181.23405,16.25,99167.0,1.178268
36681360,181.49036,16.25,99163.99,1.1782323
36702372,181.23405,16.24,99167.0,1.178268
36713371,181.1495,16.24,99168.0,1.1782799
36723417,181.23405,16.24,99167.0,1.178268
36744361,181.65947,16.23,99162.0,1.1782086
36755361,181.49036,16.23,99163.99,1.1782323
36766361,180.89584,16.23,99171.0,1.1783155
36787360,180.89584,16.23,99171.0,1.1783155
36798364,181.06494,16.23,99169.0,1.1782918
36808593,181.57492,16.23,99163.0,1.1782205
36829361,181.23405,16.22,99167.0,1.178268
36840364,181.23405,16.22,99167.0,1.178268
36850371,180.72673,16.22,99173.0,1.1783392
36871372,181.06494,16.21,99169.0,1.1782918
36882361,181.1495,16.21,99168.0,1.1782799
36892361,180.89584,16.21,99171.0,1.1783155
36913373,180.38852,16.21,99176.99,1.1783867
36924484,180.55762,16.21,99175.0,1.1783631
36934409,181.06494,16.21,99169.0,1.1782918
36955361,180.89584,16.199999,99171.0,1.1783155
36966361,180.81128,16.199999,99172.0,1.1783274
36976590,181.06494,16.199999,99169.0,1.1782918
36997361,180.89584,16.19,99171.0,1.1783155
37009419,180.47307,16.19,99175.99,1.1783749
37020855,180.64218,16.19,99174.0,1.1783512
37042413,181.23405,16.17,99167.0,1.178268
37053424,181.06494,16.17,99169.0,1.1782918
37065407,180.81128,16.17,99172.0,1.1783274
37087376,180.64218,16.17,99174.0,1.1783512
37098393,180.55762,16.17,99175.0,1.1783631
37109374,180.81128,16.17,99172.0,1.1783274
37132635,180.64218,16.15,99174.0,1.1783512
37143361,180.30396,16.15,99178.0,1.1783987
37154361,180.72673,16.15,99173.0,1.1783392
37175410,180.9804,16.14,99169.99,1.1783036
37185372,180.72673,16.14,99173.0,1.1783392
37196634,180.2194,16.14,99179.0,1.1784105
37219018,180.89584,16.13,99171.0,1.1783155
37229445,180.72673,16.13,99173.0,1.1783392
37240361,180.0503,16.13,99181.0,1.1784344
37262412,180.0503,16.119999,99181.0,1.1784344
37273708,180.64218,16.119999,99174.0,1.1783512
37283408,180.38852,16.119999,99176.99,1.1783867
37304495,180.38852,16.109999,99176.99,1.1783867
37315376,180.38852,16.109999,99176.99,1.1783867
37325685,180.0503,16.109999,99181.0,1.1784344
37346408,180.2194,16.09,99179.0,1.1784105
37357472,180.38852,16.09,99176.99,1.1783867
37367419,180.55762,16.09,99175.0,1.1783631
37388480,179.70944,16.07,99185.0,1.1784818
37399361,180.2194,16.07,99179.0,1.1784105
37409748,179.96574,16.07,99182.0,1.1784462
37430429,179.79399,16.05,99184.0,1.17847
37441372,179.79399,16.05,99184.0,1.17847
37451419,180.72673,16.05,99173.0,1.1783392
37472492,180.38852,16.029999,99176.99,1.1783867
37483372,180.38852,16.029999,99176.99,1.1783867
37493411,180.72673,16.029999,99173.0,1.1783392
37515208,180.55762,16.02,99175.0,1.1783631
37525361,180.47307,16.02,99175.99,1.1783749
37535483,179.62488,16.02,99186.0,1.1784937
37556484,180.0503,16.0,99181.0,1.1784344
37567361,179.70944,16.0,99185.0,1.1784818
37577459,179.96574,16.0,99182.0,1.1784462
37598426,180.30396,15.969999,99178.0,1.1783987
37609361,179.96574,15.969999,99182.0,1.1784462
37619412,179.96574,15.969999,99182.0,1.1784462
37640491,180.30396,15.94,99178.0,1.1783987
37651420,180.0503,15.94,99181.0,1.1784344
37661419,180.38852,15.94,99176.99,1.1783867
37682408,180.55762,15.91,99175.0,1.1783631
37693372,180.47307,15.91,99175.99,1.1783749
37703543,180.13486,15.91,99180.0,1.1784225
37724583,179.79399,15.889999,99184.0,1.17847
37735370,179.62488,15.889999,99186.0,1.1784937
37745413,179.54033,15.889999,99187.0,1.1785057
37766423,180.89584,15.86,99171.0,1.1783155
37777374,179.28667,15.86,99190.0,1.1785413
37788043,180.30396,15.86,99178.0,1.1783987
37808480,180.13486,15.83,99180.0,1.1784225
37819758,178.86389,15.83,99194.99,1.1786005
37829408,179.88118,15.83,99182.99,1.178458
37850408,179.70944,15.809999,99185.0,1.1784818
37861361,179.45578,15.809999,99188.0,1.1785176
37871423,179.79399,15.809999,99184.0,1.17847
37892607,179.11755,15.78,99192.0,1.178565
37903361,179.70944,15.78,99185.0,1.1784818
37913408,179.88118,15.78,99182.99,1.178458
37934420,179.54033,15.75,99187.0,1.1785057
37945373,179.88118,15.75,99182.99,1.178458
37955419,179.11755,15.75,99192.0,1.178565
37976470,179.88118,15.719999,99182.99,1.178458
37987373,179.11755,15.719999,99192.0,1.178565
37997408,179.20212,15.719999,99191.0,1.1785532
38018459,179.70944,15.7,99185.0,1.1784818
38029457,179.37386,15.7,99188.99,1.1785293
38039408,178.69478,15.7,99197.0,1.1786245
38061427,179.45578,15.66,99188.0,1.1785176
38072709,180.0503,15.66,99181.0,1.1784344
38082408,180.38852,15.66,99176.99,1.1783867
38103408,180.64218,15.63,99174.0,1.1783512
38114361,179.20212,15.63,99191.0,1.1785532
38124934,179.54033,15.63,99187.0,1.1785057
38145419,179.28667,15.599999,99190.0,1.1785413
38156850,179.70944,15.599999,99185.0,1.1784818
38166462,179.62488,15.599999,99186.0,1.1784937
38187420,179.88118,15.57,99182.99,1.178458
38198372,179.88118,15.57,99182.99,1.178458
38208688,179.79399,15.57,99184.0,1.17847
38229420,180.13486,15.54,99180.0,1.1784225
38240725,179.79399,15.54,99184.0,1.17847
38250408,178.86389,15.54,99194.99,1.1786005
38271408,179.96574,15.509999,99182.0,1.1784462
38282361,179.79399,15.509999,99184.0,1.17847
38292485,179.37386,15.509999,99188.99,1.1785293
38313590,179.54033,15.49,99187.0,1.1785057
38324481,179.88118,15.49,99182.99,1.178458
38334461,179.96574,15.49,99182.0,1.1784462
38355408,180.0503,15.469999,99181.0,1.1784344
38366364,179.45578,15.469999,99188.0,1.1785176
38376479,180.0503,15.469999,99181.0,1.1784344
38398239,179.62488,15.45,99186.0,1.1784937
38408364,179.37386,15.45,99188.99,1.1785293
38418408,179.54033,15.45,99187.0,1.1785057
38439408,179.54033,15.44,99187.0,1.1785057
38450370,179.88118,15.44,99182.99,1.178458
38460494,179.79399,15.44,99184.0,1.17847
38481412,179.28667,15.42,99190.0,1.1785413
38492361,179.62488,15.42,99186.0,1.1784937
38502776,179.70944,15.42,99185.0,1.1784818
38523408,179.54033,15.4,99187.0,1.1785057
38534498,180.64218,15.4,99174.0,1.1783512
38544487,180.13486,15.4,99180.0,1.1784225
38565422,180.38852,15.38,99176.99,1.1783867
38576374,179.70944,15.38,99185.0,1.1784818
38586439,179.20212,15.38,99191.0,1.1785532
38607497,179.45578,15.36,99188.0,1.1785176
38618372,180.13486,15.36,99180.0,1.1784225
38628538,180.13486,15.36,99180.0,1.1784225
38649414,180.13486,15.339999,99180.0,1.1784225
38660361,180.30396,15.339999,99178.0,1.1783987
38670408,179.54033,15.339999,99187.0,1.1785057
38691544,179.45578,15.33,99188.0,1.1785176
38702361,179.79399,15.33,99184.0,1.17847
38712480,179.45578,15.33,99188.0,1.1785176
38733420,179.54033,15.32,99187.0,1.1785057
38744373,179.88118,15.32,99182.99,1.178458
38754408,180.2194,15.32,99179.0,1.1784105
38775860,179.88118,15.309999,99182.99,1.178458
38786361,181.65947,15.309999,99162.0,1.1782086
38796491,179.96574,15.309999,99182.0,1.1784462
38817420,179.62488,15.299999,99186.0,1.1784937
38828372,179.96574,15.299999,99182.0,1.1784462
38838422,179.37386,15.299999,99188.99,1.1785293
38859521,179.96574,15.299999,99182.0,1.1784462
38870361,180.13486,15.299999,99180.0,1.1784225
38880483,180.0503,15.299999,99181.0,1.1784344
38901408,180.38852,15.29,99176.99,1.1783867
38912366,179.28667,15.29,99190.0,1.1785413
38922419,179.79399,15.29,99184.0,1.17847
38943408,179.70944,15.29,99185.0,1.1784818
38954361,179.62488,15.29,99186.0,1.1784937
38964492,179.37386,15.29,99188.99,1.1785293
38985508,179.70944,15.28,99185.0,1.1784818
38996365,179.88118,15.28,99182.99,1.178458
39006408,180.0503,15.28,99181.0,1.1784344
39027417,179.28667,15.2699995,99190.0,1.1785413
39038364,180.13486,15.2699995,99180.0,1.1784225
39048778,179.79399,15.2699995,99184.0,1.17847
39069420,179.033,15.2699995,99193.0,1.178577
39080989,178.52568,15.2699995,99199.0,1.1786482
39090408,179.54033,15.2699995,99187.0,1.1785057
39111512,179.45578,15.2699995,99188.0,1.1785176
39122416,179.88118,15.2699995,99182.99,1.178458
39132697,179.96574,15.2699995,99182.0,1.1784462
39153638,180.13486,15.259999,99180.0,1.1784225
39164653,180.47307,15.259999,99175.99,1.1783749
39174419,179.20212,15.259999,99191.0,1.1785532
39195419,180.0503,15.259999,99181.0,1.1784344
39206361,179.79399,15.259999,99184.0,1.17847
39217486,178.69478,15.259999,99197.0,1.1786245
39238408,179.45578,15.25,99188.0,1.1785176
39249558,179.20212,15.25,99191.0,1.1785532
39259408,179.88118,15.25,99182.99,1.178458
39280480,178.52568,15.25,99199.0,1.1786482
39291361,179.54033,15.25,99187.0,1.1785057
39301408,179.20212,15.25,99191.0,1.1785532
39323234,179.54033,15.24,99187.0,1.1785057
39333371,180.0503,15.24,99181.0,1.1784344
39343477,179.20212,15.24,99191.0,1.1785532
39364480,179.45578,15.23,99188.0,1.1785176
39375361,180.0503,15.23,99181.0,1.1784344
39385427,180.38852,15.23,99176.99,1.1783867
39406412,180.55762,15.23,99175.0,1.1783631
39417372,179.20212,15.23,99191.0,1.1785532
39427546,180.55762,15.23,99175.0,1.1783631
39448539,181.3186,15.21,99166.0,1.1782562
39459364,180.9804,15.21,99169.99,1.1783036
39469454,180.72673,15.21,99173.0,1.1783392
39490408,179.62488,15.2,99186.0,1.1784937
39501363,180.2194,15.2,99179.0,1.1784105
39511408,181.3186,15.2,99166.0,1.1782562
39532480,181.06494,15.19,99169.0,1.1782918
39543360,180.81128,15.19,99172.0,1.1783274
39553463,180.72673,15.19,99173.0,1.1783392
39574420,181.06494,15.179999,99169.0,1.1782918
39585372,180.72673,15.179999,99173.0,1.1783392
39595818,180.89584,15.179999,99171.0,1.1783155
39616494,181.1495,15.17,99168.0,1.1782799
39627528,181.74402,15.17,99161.0,1.1781967
39637410,182.08224,15.17,99157.0,1.1781492
39658408,180.72673,15.17,99173.0,1.1783392
39669361,180.38852,15.17,99176.99,1.1783867
39679408,181.23405,15.17,99167.0,1.178268
39700628,180.47307,15.16,99175.99,1.1783749
39711373,181.1495,15.16,99168.0,1.1782799
39721408,181.3186,15.16,99166.0,1.1782562
39742417,180.9804,15.16,99169.99,1.1783036
39753361,180.89584,15.16,99171.0,1.1783155
39763510,181.91313,15.16,99159.0,1.178173
39784516,182.42046,15.16,99153.0,1.1781017
39795361,183.01498,15.16,99146.0,1.1780185
39805467,182.59221,15.16,99150.99,1.1780778
39826408,182.3359,15.15,99154.0,1.1781136
39837373,182.3359,15.15,99154.0,1.1781136
39847408,182.59221,15.15,99150.99,1.1780778
39869423,182.25134,15.15,99155.0,1.1781254
39880617,182.67676,15.15,99150.0,1.178066
39890412,182.59221,15.15,99150.99,1.1780778
39911497,182.59221,15.15,99150.99,1.1780778
39922373,183.18408,15.15,99144.0,1.1779947
39933134,183.09953,15.15,99144.99,1.1780065
39953420,183.43774,15.15,99141.0,1.1779591
39964856,183.26865,15.15,99143.0,1.1779828
39974408,183.26865,15.15,99143.0,1.1779828
39995419,183.09953,15.15,99144.99,1.1780065
40006373,183.09953,15.15,99144.99,1.1780065
40016797,183.01498,15.15,99146.0,1.1780185
40037408,183.01498,15.15,99146.0,1.1780185
40048361,183.26865,15.15,99143.0,1.1779828
40058411,183.6914,15.15,99138.0,1.1779234
40079584,183.86316,15.16,99136.0,1.1778997
40090373,183.6914,15.16,99138.0,1.1779234
40100485,183.86316,15.16,99136.0,1.1778997
40121421,183.94772,15.16,99135.0,1.1778878
40132372,183.86316,15.16,99136.0,1.1778997
40142558,183.18408,15.16,99144.0,1.1779947
40163408,183.6095,15.17,99138.99,1.1779352
40175117,183.94772,15.17,99135.0,1.1778878
40184495,183.6095,15.17,99138.99,1.1779352
40205408,183.43774,15.17,99141.0,1.1779591
40216361,183.52231,15.17,99140.0,1.1779472
40226419,183.6914,15.17,99138.0,1.1779234
40248000,184.03227,15.17,99134.0,1.1778759
40258361,183.6095,15.17,99138.99,1.1779352
40268480,183.94772,15.17,99135.0,1.1778878
40289412,183.3532,15.17,99142.0,1.177971
40300361,183.86316,15.17,99136.0,1.1778997
40310408,183.6095,15.17,99138.99,1.1779352
40331540,183.77861,15.17,99137.0,1.1779115
40342371,183.43774,15.17,99141.0,1.1779591
40352491,183.6095,15.17,99138.99,1.1779352
40373421,183.3532,15.179999,99142.0,1.177971
40384373,183.52231,15.179999,99140.0,1.1779472
40394408,183.52231,15.179999,99140.0,1.1779472
40415420,183.43774,15.179999,99141.0,1.1779591
40426361,184.03227,15.179999,99134.0,1.1778759
40436521,183.6095,15.179999,99138.99,1.1779352
40457514,183.6914,15.179999,99138.0,1.1779234
40468371,183.86316,15.179999,99136.0,1.1778997
40478408,183.86316,15.179999,99136.0,1.1778997
40499408,184.03227,15.179999,99134.0,1.1778759
40510361,183.43774,15.179999,99141.0,1.1779591
40520526,183.77861,15.179999,99137.0,1.1779115
40541412,183.52231,15.179999,99140.0,1.1779472
40552629,183.6914,15.179999,99138.0,1.1779234
40562417,183.6095,15.179999,99138.99,1.1779352
40583412,183.94772,15.179999,99135.0,1.1778878
40594370,183.6095,15.179999,99138.99,1.1779352
40604492,184.37048,15.179999,99130.0,1.1778284
40625635,183.94772,15.179999,99135.0,1.1778878
40636707,183.86316,15.179999,99136.0,1.1778997
40646408,184.45505,15.179999,99129.0,1.1778165
40667419,183.86316,15.179999,99136.0,1.1778997
40678361,184.28593,15.179999,99131.0,1.1778402
40688918,183.86316,15.179999,99136.0,1.1778997
40709412,184.45505,15.179999,99129.0,1.1778165
40720906,184.5396,15.179999,99128.0,1.1778046
40730420,184.5396,15.179999,99128.0,1.1778046
40751535,184.37048,15.19,99130.0,1.1778284
40762412,184.5396,15.19,99128.0,1.1778046
40772669,184.5396,15.19,99128.0,1.1778046
40793408,184.20139,15.179999,99132.0,1.1778522
40804650,184.28593,15.179999,99131.0,1.1778402
40814419,184.03227,15.179999,99134.0,1.1778759
40835420,184.11682,15.19,99132.99,1.177864
40846383,184.03227,15.19,99134.0,1.1778759
40856492,183.94772,15.19,99135.0,1.1778878
40877611,184.20139,15.179999,99132.0,1.1778522
40888483,184.11682,15.179999,99132.99,1.177864
40898432,184.62415,15.179999,99126.99,1.1777927
40919420,184.03227,15.179999,99134.0,1.1778759
40930366,184.03227,15.179999,99134.0,1.1778759
40940480,184.37048,15.179999,99130.0,1.1778284
40962244,183.77861,15.17,99137.0,1.1779115
40972361,184.37048,15.17,99130.0,1.1778284
40982408,183.94772,15.17,99135.0,1.1778878
41003408,184.20139,15.17,99132.0,1.1778522
41014361,183.77861,15.17,99137.0,1.1779115
41024499,184.20139,15.17,99132.0,1.1778522
41045408,183.86316,15.17,99136.0,1.1778997
41056361,183.52231,15.17,99140.0,1.1779472
41066509,183.86316,15.17,99136.0,1.1778997
41087496,183.6914,15.16,99138.0,1.1779234
41098488,184.37048,15.16,99130.0,1.1778284
41108482,184.20139,15.16,99132.0,1.1778522
41129421,183.86316,15.16,99136.0,1.1778997
41140372,183.86316,15.16,99136.0,1.1778997
41150420,183.94772,15.16,99135.0,1.1778878
41171419,183.86316,15.15,99136.0,1.1778997
41182364,184.37048,15.15,99130.0,1.1778284
41192528,184.28593,15.15,99131.0,1.1778402
41213408,184.28593,15.15,99131.0,1.1778402
41224361,184.45505,15.15,99129.0,1.1778165
41235035,183.94772,15.15,99135.0,1.1778878
41255511,184.11682,15.139999,99132.99,1.177864
41266377,184.28593,15.139999,99131.0,1.1778402
41276531,185.04956,15.139999,99122.0,1.1777333
41297421,184.28593,15.13,99131.0,1.1778402
41308584,184.28593,15.13,99131.0,1.1778402
41318417,184.5396,15.13,99128.0,1.1778046
41339420,184.5396,15.12,99128.0,1.1778046
41350371,184.5396,15.12,99128.0,1.1778046
41360483,184.5396,15.12,99128.0,1.1778046
41381408,184.79326,15.12,99125.0,1.177769
41392722,184.5396,15.12,99128.0,1.1778046
41402419,184.45505,15.12,99129.0,1.1778165
41423526,184.20139,15.11,99132.0,1.1778522
41434361,184.20139,15.11,99132.0,1.1778522
41445203,184.70871,15.11,99125.99,1.1777807
41465420,185.38779,15.099999,99118.0,1.1776859
41476870,185.726,15.099999,99113.99,1.1776382
41486426,185.38779,15.099999,99118.0,1.1776859
41507408,185.21867,15.099999,99119.99,1.1777095
41518361,185.21867,15.099999,99119.99,1.1777095
41528770,185.21867,15.099999,99119.99,1.1777095
41549422,186.23596,15.089999,99107.99,1.1775669
41560611,185.726,15.089999,99113.99,1.1776382
41570408,185.04956,15.089999,99122.0,1.1777333
41591408,185.64145,15.08,99115.0,1.1776502
41602361,185.64145,15.08,99115.0,1.1776502
41612457,185.64145,15.08,99115.0,1.1776502
41633484,185.38779,15.08,99118.0,1.1776859
41644372,185.13412,15.08,99121.0,1.1777215
41654470,185.47234,15.08,99117.0,1.1776739
41675479,185.726,15.07,99113.99,1.1776382
41686405,185.81055,15.07,99113.0,1.1776264
41696458,185.47234,15.07,99117.0,1.1776739
41718475,185.726,15.07,99113.99,1.1776382
41729431,185.55688,15.07,99116.0,1.177662
41739408,186.06421,15.07,99110.0,1.1775907
41761537,185.47234,15.07,99117.0,1.1776739
41772459,185.97966,15.07,99111.0,1.1776026
41783412,185.64145,15.07,99115.0,1.1776502
41805361,185.89511,15.08,99112.0,1.1776146
41816361,185.726,15.08,99113.99,1.1776382
41827361,185.38779,15.08,99118.0,1.1776859
41848361,185.81055,15.07,99113.0,1.1776264
41859360,185.726,15.07,99113.99,1.1776382
41869361,185.38779,15.07,99118.0,1.1776859
41890409,185.30322,15.08,99119.0,1.1776977
41901371,185.81055,15.08,99113.0,1.1776264
41911368,185.47234,15.08,99117.0,1.1776739
41932361,185.21867,15.07,99119.99,1.1777095
41943370,185.89511,15.07,99112.0,1.1776146
41953360,186.82785,15.07,99100.99,1.1774837
41974525,186.65874,15.07,99103.0,1.1775076
41985361,187.25061,15.07,99096.0,1.1774244
41995374,188.26791,15.07,99084.0,1.1772819
42016361,187.33781,15.07,99094.99,1.1774124
42027402,186.57419,15.07,99104.0,1.1775194
42037372,187.92969,15.07,99088.0,1.1773293
42059362,188.01425,15.07,99087.0,1.1773175
42070361,187.84514,15.07,99088.99,1.1773411
42081361,186.15141,15.07,99109.0,1.1775789
42103841,184.20139,15.059999,99132.0,1.1778522
42114412,186.57419,15.059999,99104.0,1.1775194
42125410,187.33781,15.059999,99094.99,1.1774124
42146361,186.06421,15.059999,99110.0,1.1775907
42156490,185.726,15.059999,99113.99,1.1776382
42167382,185.47234,15.059999,99117.0,1.1776739
42188371,186.99695,15.049999,99099.0,1.1774601
42198408,186.65874,15.049999,99103.0,1.1775076
42209373,185.726,15.049999,99113.99,1.1776382
42230371,185.81055,15.049999,99113.0,1.1776264
42240492,186.40508,15.049999,99106.0,1.1775433
42251361,185.64145,15.049999,99115.0,1.1776502
42272368,185.13412,15.049999,99121.0,1.1777215
42282429,186.23596,15.049999,99107.99,1.1775669
42293378,185.04956,15.049999,99122.0,1.1777333
42314364,185.89511,15.03,99112.0,1.1776146
42324486,185.64145,15.03,99115.0,1.1776502
42335371,187.76059,15.03,99090.0,1.1773531
42356365,185.38779,15.04,99118.0,1.1776859
42366470,185.21867,15.04,99119.99,1.1777095
42377465,186.48962,15.04,99105.0,1.1775314
42398361,189.96692,14.99,99063.99,1.1770442
42408695,189.3724,14.99,99071.0,1.1771274
42419361,188.86243,14.99,99076.99,1.1771985
42441131,188.94963,14.98,99075.99,1.1771867
42450469,186.65874,14.98,99103.0,1.1775076
42461372,184.5396,14.98,99128.0,1.1778046
42482375,185.30322,15.009999,99119.0,1.1776977
42492704,186.40508,15.009999,99106.0,1.1775433
42503361,182.50766,15.009999,99151.99,1.1780897
42524734,184.5396,15.0,99128.0,1.1778046
42534416,181.06494,15.0,99169.0,1.1782918
42545364,183.18408,15.0,99144.0,1.1779947
42566369,181.49036,15.0199995,99163.99,1.1782323
42577548,181.49036,15.0199995,99163.99,1.1782323
42588645,181.23405,15.0199995,99167.0,1.178268
42609364,181.23405,15.009999,99167.0,1.178268
42619410,181.23405,15.009999,99167.0,1.178268
42630364,181.1495,15.009999,99168.0,1.1782799
42651367,181.91313,15.0,99159.0,1.178173
42661434,181.74402,15.0,99161.0,1.1781967
42672487,181.65947,15.0,99162.0,1.1782086
42693361,181.99768,14.99,99157.99,1.178161
42703410,181.91313,14.99,99159.0,1.178173
42714475,183.09953,14.99,99144.99,1.1780065
42735361,183.01498,14.98,99146.0,1.1780185
42745410,183.3532,14.98,99142.0,1.177971
42756361,183.77861,14.98,99137.0,1.1779115
42777372,184.5396,14.969999,99128.0,1.1778046
42787419,185.04956,14.969999,99122.0,1.1777333
42798361,185.38779,14.969999,99118.0,1.1776859
42819364,185.97966,14.96,99111.0,1.1776026
42829410,186.23596,14.96,99107.99,1.1775669
42840361,185.21867,14.96,99119.99,1.1777095
42861374,185.21867,14.95,99119.99,1.1777095
42871413,184.03227,14.95,99134.0,1.1778759
42882372,183.6914,14.95,99138.0,1.1779234
42903361,180.64218,14.969999,99174.0,1.1783512
42913410,182.3359,14.969999,99154.0,1.1781136
42924361,181.82858,14.969999,99160.0,1.1781849
42945361,181.91313,14.969999,99159.0,1.178173
42955899,181.91313,14.969999,99159.0,1.178173
42966373,182.1668,14.969999,99156.0,1.1781373
42987690,181.91313,14.96,99159.0,1.178173
42997421,182.1668,14.96,99156.0,1.1781373
43008372,182.25134,14.96,99155.0,1.1781254
43029363,182.1668,14.96,99156.0,1.1781373
43039420,181.74402,14.96,99161.0,1.1781967
43050371,182.42046,14.96,99153.0,1.1781017
43071361,182.25134,14.96,99155.0,1.1781254
43081414,182.59221,14.96,99150.99,1.1780778
43092383,182.3359,14.96,99154.0,1.1781136
43113361,182.3359,14.95,99154.0,1.1781136
43123410,181.99768,14.95,99157.99,1.178161
43134361,182.25134,14.95,99155.0,1.1781254
43155372,182.1668,14.969999,99156.0,1.1781373
43165448,182.42046,14.969999,99153.0,1.1781017
43176372,182.08224,14.969999,99157.0,1.1781492
43197460,182.3359,14.96,99154.0,1.1781136
43207476,182.1668,14.96,99156.0,1.1781373
43218364,182.1668,14.96,99156.0,1.1781373
43240650,182.3359,14.96,99154.0,1.1781136
43250421,182.50766,14.96,99151.99,1.1780897
43261376,182.50766,14.96,99151.99,1.1780897
43282373,182.3359,14.96,99154.0,1.1781136
43293466,182.42046,14.96,99153.0,1.1781017
43304612,182.42046,14.96,99153.0,1.1781017
43325377,182.3359,14.96,99154.0,1.1781136
43335414,182.3359,14.96,99154.0,1.1781136
43346361,182.42046,14.96,99153.0,1.1781017
43367371,182.50766,14.969999,99151.99,1.1780897
43378412,182.50766,14.969999,99151.99,1.1780897
43389372,182.1668,14.969999,99156.0,1.1781373
43410361,182.42046,14.96,99153.0,1.1781017
43420459,182.84587,14.96,99148.0,1.1780423
43431361,183.01498,14.96,99146.0,1.1780185
43452376,182.59221,14.96,99150.99,1.1780778
43462494,182.67676,14.96,99150.0,1.178066
43473433,182.76132,14.96,99149.0,1.1780541
43494364,182.59221,14.969999,99150.99,1.1780778
43504523,182.3359,14.969999,99154.0,1.1781136
43515373,182.50766,14.969999,99151.99,1.1780897
43536361,182.3359,14.969999,99154.0,1.1781136
43546427,182.59221,14.969999,99150.99,1.1780778
43557947,182.67676,14.969999,99150.0,1.178066
43578360,181.91313,14.969999,99159.0,1.178173
43588508,182.50766,14.969999,99151.99,1.1780897
43599412,183.09953,14.969999,99144.99,1.1780065
43620375,182.3359,14.98,99154.0,1.1781136
43631107,182.42046,14.98,99153.0,1.1781017
43641372,182.67676,14.98,99150.0,1.178066
43662758,182.42046,14.98,99153.0,1.1781017
43672484,182.59221,14.98,99150.99,1.1780778
43683361,182.59221,14.98,99150.99,1.1780778
43704361,182.50766,14.99,99151.99,1.1780897
43714413,182.59221,14.99,99150.99,1.1780778
43725361,182.50766,14.99,99151.99,1.1780897
43746388,182.67676,14.99,99150.0,1.178066
43756487,182.67676,14.99,99150.0,1.178066
43767361,182.42046,14.99,99153.0,1.1781017
43788361,182.08224,15.0,99157.0,1.1781492
43799103,182.59221,15.0,99150.99,1.1780778
43809361,182.42046,15.0,99153.0,1.1781017
43830373,182.59221,15.0,99150.99,1.1780778
43840481,182.42046,15.0,99153.0,1.1781017
43851368,182.3359,15.0,99154.0,1.1781136
43872508,182.25134,15.009999,99155.0,1.1781254
43882421,182.59221,15.009999,99150.99,1.1780778
43893374,182.50766,15.009999,99151.99,1.1780897
43914361,182.3359,15.009999,99154.0,1.1781136
43924485,182.59221,15.009999,99150.99,1.1780778
43935366,182.93042,15.009999,99147.0,1.1780304
43956372,182.59221,15.009999,99150.99,1.1780778
43966422,182.3359,15.009999,99154.0,1.1781136
43977373,182.76132,15.009999,99149.0,1.1780541
43998361,182.67676,15.0199995,99150.0,1.178066
44008484,182.59221,15.0199995,99150.99,1.1780778
44019373,182.42046,15.0199995,99153.0,1.1781017
44040995,182.42046,15.0199995,99153.0,1.1781017
44050422,182.50766,15.0199995,99151.99,1.1780897
44061375,182.59221,15.0199995,99150.99,1.1780778
44082360,181.82858,15.03,99160.0,1.1781849
44092499,182.3359,15.03,99154.0,1.1781136
44103371,182.50766,15.03,99151.99,1.1780897
44124385,182.3359,15.03,99154.0,1.1781136
44134410,182.3359,15.03,99154.0,1.1781136
44145361,182.76132,15.03,99149.0,1.1780541
44166411,182.67676,15.04,99150.0,1.178066
44176656,182.25134,15.04,99155.0,1.1781254
44187361,182.67676,15.04,99150.0,1.178066
44208371,182.25134,15.04,99155.0,1.1781254
44218410,182.59221,15.04,99150.99,1.1780778
44229361,182.67676,15.04,99150.0,1.178066
44250361,182.25134,15.049999,99155.0,1.1781254
44260702,182.42046,15.049999,99153.0,1.1781017
44271373,182.50766,15.049999,99151.99,1.1780897
44292747,182.42046,15.049999,99153.0,1.1781017
44302420,182.42046,15.049999,99153.0,1.1781017
44313365,182.3359,15.049999,99154.0,1.1781136
44334361,182.3359,15.059999,99154.0,1.1781136
44345322,182.59221,15.059999,99150.99,1.1780778
44355361,182.84587,15.059999,99148.0,1.1780423
44377169,182.67676,15.059999,99150.0,1.178066
44386464,182.67676,15.059999,99150.0,1.178066
44397372,182.1668,15.059999,99156.0,1.1781373
44418459,182.59221,15.059999,99150.99,1.1780778
44428491,182.59221,15.059999,99150.99,1.1780778
44439361,182.59221,15.059999,99150.99,1.1780778
44460373,182.1668,15.07,99156.0,1.1781373
44470422,182.42046,15.07,99153.0,1.1781017
44481373,182.42046,15.07,99153.0,1.1781017
44502364,181.91313,15.07,99159.0,1.178173
44512551,182.25134,15.07,99155.0,1.1781254
44523411,182.42046,15.07,99153.0,1.1781017
44544361,182.76132,15.08,99149.0,1.1780541
44554747,181.99768,15.08,99157.99,1.178161
44565361,182.3359,15.08,99154.0,1.1781136
44586754,182.25134,15.08,99155.0,1.1781254
44596488,182.59221,15.08,99150.99,1.1780778
44607361,182.3359,15.08,99154.0,1.1781136
44628372,182.25134,15.089999,99155.0,1.1781254
44638425,182.3359,15.089999,99154.0,1.1781136
44649425,182.25134,15.089999,99155.0,1.1781254
44670372,182.3359,15.089999,99154.0,1.1781136
44680501,182.3359,15.089999,99154.0,1.1781136
44691516,182.3359,15.089999,99154.0,1.1781136
44712364,182.50766,15.099999,99151.99,1.1780897
44722410,182.25134,15.099999,99155.0,1.1781254
44733408,182.42046,15.099999,99153.0,1.1781017
44754361,182.50766,15.089999,99151.99,1.1780897
44764488,182.59221,15.089999,99150.99,1.1780778
44775361,182.76132,15.089999,99149.0,1.1780541
44796364,182.42046,15.099999,99153.0,1.1781017
44806410,182.93042,15.099999,99147.0,1.1780304
44817361,182.93042,15.099999,99147.0,1.1780304
44838361,182.3359,15.099999,99154.0,1.1781136
44848493,182.50766,15.099999,99151.99,1.1780897
44859376,182.50766,15.099999,99151.99,1.1780897
44880383,182.59221,15.11,99150.99,1.1780778
44890409,182.3359,15.11,99154.0,1.1781136
44901361,183.01498,15.11,99146.0,1.1780185
44922361,182.3359,15.12,99154.0,1.1781136
44932534,182.50766,15.12,99151.99,1.1780897
44943361,182.1668,15.12,99156.0,1.1781373
44964365,182.25134,15.11,99155.0,1.1781254
44974414,182.42046,15.11,99153.0,1.1781017
44985361,182.93042,15.11,99147.0,1.1780304
45006361,182.84587,15.12,99148.0,1.1780423
45016692,182.67676,15.12,99150.0,1.178066
45027371,182.50766,15.12,99151.99,1.1780897
45048654,182.3359,15.12,99154.0,1.1781136
45058410,182.59221,15.12,99150.99,1.1780778
45069365,182.25134,15.12,99155.0,1.1781254
45090361,182.67676,15.13,99150.0,1.178066
45101293,182.59221,15.13,99150.99,1.1780778
45111361,182.84587,15.13,99148.0,1.1780423
45132870,182.76132,15.13,99149.0,1.1780541
45142410,183.18408,15.13,99144.0,1.1779947
45153362,182.3359,15.13,99154.0,1.1781136
45174412,182.59221,15.139999,99150.99,1.1780778
45184648,182.50766,15.139999,99151.99,1.1780897
45195372,182.76132,15.139999,99149.0,1.1780541
45216375,182.50766,15.139999,99151.99,1.1780897
45226410,182.50766,15.139999,99151.99,1.1780897
45237688,182.76132,15.139999,99149.0,1.1780541
45258373,182.93042,15.139999,99147.0,1.1780304
45268464,182.50766,15.139999,99151.99,1.1780897
45279361,182.50766,15.139999,99151.99,1.1780897
45300463,182.59221,15.15,99150.99,1.1780778
45310421,182.3359,15.15,99154.0,1.1781136
45321426,182.67676,15.15,99150.0,1.178066
45342365,182.3359,15.16,99154.0,1.1781136
45352459,182.59221,15.16,99150.99,1.1780778
45363361,182.59221,15.16,99150.99,1.1780778
45384371,182.42046,15.16,99153.0,1.1781017
45394412,182.59221,15.16,99150.99,1.1780778
45405679,182.59221,15.16,99150.99,1.1780778
45426385,182.59221,15.16,99150.99,1.1780778
45436476,182.50766,15.16,99151.99,1.1780897
45447388,182.84587,15.16,99148.0,1.1780423
45468373,181.91313,15.17,99159.0,1.178173
45478955,182.50766,15.17,99151.99,1.1780897
45489361,182.67676,15.17,99150.0,1.178066
45510488,182.50766,15.17,99151.99,1.1780897
45520532,182.76132,15.17,99149.0,1.1780541
45531361,182.76132,15.17,99149.0,1.1780541
45552361,182.76132,15.17,99149.0,1.1780541
45562417,182.76132,15.17,99149.0,1.1780541
45573361,182.67676,15.17,99150.0,1.178066
45594364,182.50766,15.179999,99151.99,1.1780897
45604544,182.67676,15.179999,99150.0,1.178066
45615411,182.42046,15.179999,99153.0,1.1781017
45636371,182.59221,15.19,99150.99,1.1780778
45646422,182.50766,15.19,99151.99,1.1780897
45657415,182.59221,15.19,99150.99,1.1780778
45678361,182.67676,15.19,99150.0,1.178066
45688500,182.42046,15.19,99153.0,1.1781017
45699373,182.93042,15.19,99147.0,1.1780304
45720361,182.76132,15.2,99149.0,1.1780541
45730422,182.3359,15.2,99154.0,1.1781136
45741421,182.67676,15.2,99150.0,1.178066
45762361,182.76132,15.2,99149.0,1.1780541
45772481,182.3359,15.2,99154.0,1.1781136
45783368,182.84587,15.2,99148.0,1.1780423
45804361,182.59221,15.21,99150.99,1.1780778
45814410,182.50766,15.21,99151.99,1.1780897
45825393,182.42046,15.21,99153.0,1.1781017
45846401,182.50766,15.219999,99151.99,1.1780897
45857390,182.3359,15.219999,99154.0,1.1781136
45868752,182.84587,15.219999,99148.0,1.1780423
45889115,182.42046,15.219999,99153.0,1.1781017
45899426,182.1668,15.219999,99156.0,1.1781373
45910370,182.67676,15.219999,99150.0,1.178066
45932636,182.67676,15.23,99150.0,1.178066
45942410,182.25134,15.23,99155.0,1.1781254
45953361,182.76132,15.23,99149.0,1.1780541
45974375,182.42046,15.23,99153.0,1.1781017
45984482,183.01498,15.23,99146.0,1.1780185
45995361,182.59221,15.23,99150.99,1.1780778
46016481,182.25134,15.23,99155.0,1.1781254
46026424,182.50766,15.23,99151.99,1.1780897
46037453,182.67676,15.23,99150.0,1.178066
46058361,182.59221,15.24,99150.99,1.1780778
46068494,182.76132,15.24,99149.0,1.1780541
46079371,182.93042,15.24,99147.0,1.1780304
46100372,182.93042,15.25,99147.0,1.1780304
46110424,182.42046,15.25,99153.0,1.1781017
46121711,182.3359,15.25,99154.0,1.1781136
46142372,182.76132,15.259999,99149.0,1.1780541
46152496,183.01498,15.259999,99146.0,1.1780185
46163375,182.84587,15.259999,99148.0,1.1780423
46184481,182.42046,15.259999,99153.0,1.1781017
46194999,182.59221,15.259999,99150.99,1.1780778
46205410,182.93042,15.259999,99147.0,1.1780304
46226608,182.3359,15.259999,99154.0,1.1781136
46236483,182.67676,15.259999,99150.0,1.178066
46247361,182.93042,15.259999,99147.0,1.1780304
46268364,182.50766,15.2699995,99151.99,1.1780897
46278436,182.50766,15.2699995,99151.99,1.1780897
46289364,182.67676,15.2699995,99150.0,1.178066
46310366,182.50766,15.28,99151.99,1.1780897
46320538,183.01498,15.28,99146.0,1.1780185
46331512,182.59221,15.28,99150.99,1.1780778
46352374,182.76132,15.28,99149.0,1.1780541
46362893,182.59221,15.28,99150.99,1.1780778
46373361,182.25134,15.28,99155.0,1.1781254
46394375,181.91313,15.29,99159.0,1.178173
46404777,182.59221,15.29,99150.99,1.1780778
46415410,182.3359,15.29,99154.0,1.1781136
46436361,182.67676,15.29,99150.0,1.178066
46446410,182.42046,15.29,99153.0,1.1781017
46457361,182.76132,15.29,99149.0,1.1780541
46478361,182.59221,15.299999,99150.99,1.1780778
46488488,182.25134,15.299999,99155.0,1.1781254
46499361,182.50766,15.299999,99151.99,1.1780897
46520371,182.93042,15.299999,99147.0,1.1780304
46530460,182.50766,15.299999,99151.99,1.1780897
46541459,182.59221,15.299999,99150.99,1.1780778
46562361,182.59221,15.299999,99150.99,1.1780778
46573299,182.50766,15.299999,99151.99,1.1780897
46583372,182.59221,15.299999,99150.99,1.1780778
46605154,182.59221,15.309999,99150.99,1.1780778
46614410,182.76132,15.309999,99149.0,1.1780541
46625373,182.3359,15.309999,99154.0,1.1781136
46646361,182.42046,15.309999,99153.0,1.1781017
46656782,182.59221,15.309999,99150.99,1.1780778
46667410,182.42046,15.309999,99153.0,1.1781017
46688653,182.59221,15.32,99150.99,1.1780778
46698409,182.76132,15.32,99149.0,1.1780541
46709361,182.59221,15.32,99150.99,1.1780778
46730371,182.59221,15.32,99150.99,1.1780778
46741270,182.42046,15.32,99153.0,1.1781017
46751362,182.67676,15.32,99150.0,1.178066
46772375,182.3359,15.33,99154.0,1.1781136
46782410,182.84587,15.33,99148.0,1.1780423
46793500,182.50766,15.33,99151.99,1.1780897
46814372,182.08224,15.33,99157.0,1.1781492
46824499,182.50766,15.33,99151.99,1.1780897
46835361,182.76132,15.33,99149.0,1.1780541
46856361,182.84587,15.33,99148.0,1.1780423
46866421,182.67676,15.33,99150.0,1.178066
46877670,182.67676,15.33,99150.0,1.178066
46898361,182.1668,15.339999,99156.0,1.1781373
46908501,182.76132,15.339999,99149.0,1.1780541
46919361,182.3359,15.339999,99154.0,1.1781136
46940361,182.1668,15.339999,99156.0,1.1781373
46950420,182.1668,15.339999,99156.0,1.1781373
46961371,182.3359,15.339999,99154.0,1.1781136
46982979,182.3359,15.349999,99154.0,1.1781136
46992473,182.3359,15.349999,99154.0,1.1781136
47003377,181.99768,15.349999,99157.99,1.178161
47024361,182.42046,15.339999,99153.0,1.1781017
47034421,182.42046,15.339999,99153.0,1.1781017
47045372,182.84587,15.339999,99148.0,1.1780423
47066378,182.08224,15.339999,99157.0,1.1781492
47076460,182.50766,15.339999,99151.99,1.1780897
47087361,182.50766,15.339999,99151.99,1.1780897
47108471,182.3359,15.349999,99154.0,1.1781136
47118914,182.3359,15.349999,99154.0,1.1781136
47129361,182.50766,15.349999,99151.99,1.1780897
47150687,182.50766,15.36,99151.99,1.1780897
47160426,182.42046,15.36,99153.0,1.1781017
47171361,182.59221,15.36,99150.99,1.1780778
47192462,182.59221,15.349999,99150.99,1.1780778
47202409,182.67676,15.349999,99150.0,1.178066
47213361,182.42046,15.349999,99153.0,1.1781017
47234375,182.08224,15.36,99157.0,1.1781492
47244460,182.50766,15.36,99151.99,1.1780897
47255366,182.42046,15.36,99153.0,1.1781017
47276361,182.67676,15.36,99150.0,1.178066
47286413,182.50766,15.36,99151.99,1.1780897
47297361,182.67676,15.36,99150.0,1.178066
47318372,182.59221,15.36,99150.99,1.1780778
47328482,182.42046,15.36,99153.0,1.1781017
47339370,182.3359,15.36,99154.0,1.1781136
47360486,182.1668,15.36,99156.0,1.1781373
47370420,182.3359,15.36,99154.0,1.1781136
47381420,182.50766,15.36,99151.99,1.1780897
47402360,182.50766,15.37,99151.99,1.1780897
47412484,181.91313,15.37,99159.0,1.178173
47423361,182.3359,15.37,99154.0,1.1781136
47444373,182.25134,15.37,99155.0,1.1781254
47454422,182.08224,15.37,99157.0,1.1781492
47465373,182.3359,15.37,99154.0,1.1781136
47486410,182.50766,15.37,99151.99,1.1780897
47496521,182.42046,15.37,99153.0,1.1781017
47507361,182.1668,15.37,99156.0,1.1781373
47528372,182.1668,15.37,99156.0,1.1781373
47538424,182.42046,15.37,99153.0,1.1781017
47549361,182.42046,15.37,99153.0,1.1781017
47570361,182.1668,15.38,99156.0,1.1781373
47580699,182.59221,15.38,99150.99,1.1780778
47591361,182.67676,15.38,99150.0,1.178066
47612724,181.91313,15.38,99159.0,1.178173
47622410,182.59221,15.38,99150.99,1.1780778
47633361,182.1668,15.38,99156.0,1.1781373
47654361,182.25134,15.38,99155.0,1.1781254
47665334,182.67676,15.38,99150.0,1.178066
47676655,182.25134,15.38,99155.0,1.1781254
47698372,182.25134,15.38,99155.0,1.1781254
47709373,182.42046,15.38,99153.0,1.1781017
47720878,182.59221,15.38,99150.99,1.1780778
47742376,182.25134,15.38,99155.0,1.1781254
47753365,182.76132,15.38,99149.0,1.1780541
47764631,182.08224,15.38,99157.0,1.1781492
47785702,182.42046,15.389999,99153.0,1.1781017
47795360,182.59221,15.389999,99150.99,1.1780778
47806361,182.67676,15.389999,99150.0,1.178066
47827371,182.08224,15.389999,99157.0,1.1781492
47837453,182.50766,15.389999,99151.99,1.1780897
47848361,182.25134,15.389999,99155.0,1.1781254
47869558,182.25134,15.4,99155.0,1.1781254
47879360,182.50766,15.4,99151.99,1.1780897
47890374,182.50766,15.4,99151.99,1.1780897
47910361,182.3359,15.4,99154.0,1.1781136
47922094,182.3359,15.4,99154.0,1.1781136
47932372,182.50766,15.4,99151.99,1.1780897
47953922,182.25134,15.41,99155.0,1.1781254
47963414,182.25134,15.41,99155.0,1.1781254
47974361,182.59221,15.41,99150.99,1.1780778
47995374,182.42046,15.41,99153.0,1.1781017
48005370,182.42046,15.41,99153.0,1.1781017
48016361,182.3359,15.41,99154.0,1.1781136
48037361,182.59221,15.41,99150.99,1.1780778
48047371,182.67676,15.41,99150.0,1.178066
48058615,182.42046,15.41,99153.0,1.1781017
48079361,182.3359,15.42,99154.0,1.1781136
48089373,182.3359,15.42,99154.0,1.1781136
48100373,182.3359,15.42,99154.0,1.1781136
48122480,182.59221,15.429999,99150.99,1.1780778
48133374,182.42046,15.429999,99153.0,1.1781017
48144494,182.42046,15.429999,99153.0,1.1781017
48166416,182.1668,15.429999,99156.0,1.1781373
48177373,182.25134,15.429999,99155.0,1.1781254
48187410,182.59221,15.429999,99150.99,1.1780778
48209360,182.59221,15.429999,99150.99,1.1780778
48220361,182.67676,15.429999,99150.0,1.178066
48231360,182.50766,15.429999,99151.99,1.1780897
48253377,182.59221,15.44,99150.99,1.1780778
48264361,182.76132,15.44,99149.0,1.1780541
48275364,182.67676,15.44,99150.0,1.178066
48296361,182.67676,15.44,99150.0,1.178066
48307375,183.01498,15.44,99146.0,1.1780185
48317361,182.76132,15.44,99149.0,1.1780541
48338361,183.01498,15.44,99146.0,1.1780185
48349361,182.50766,15.44,99151.99,1.1780897
48359375,182.59221,15.44,99150.99,1.1780778
48380374,183.09953,15.45,99144.99,1.1780065
48391374,182.93042,15.45,99147.0,1.1780304
48401410,183.09953,15.45,99144.99,1.1780065
48422361,182.50766,15.46,99151.99,1.1780897
48433361,182.67676,15.46,99150.0,1.178066
48443371,182.42046,15.46,99153.0,1.1781017
48464365,182.93042,15.469999,99147.0,1.1780304
48475361,182.93042,15.469999,99147.0,1.1780304
48485459,182.76132,15.469999,99149.0,1.1780541
48506361,182.42046,15.469999,99153.0,1.1781017
48517361,182.59221,15.469999,99150.99,1.1780778
48527360,182.50766,15.469999,99151.99,1.1780897
48548479,183.01498,15.469999,99146.0,1.1780185
48559372,182.76132,15.469999,99149.0,1.1780541
48569361,182.93042,15.469999,99147.0,1.1780304
48590366,182.42046,15.49,99153.0,1.1781017
48601361,182.59221,15.49,99150.99,1.1780778
48613114,182.59221,15.49,99150.99,1.1780778
48634361,182.3359,15.49,99154.0,1.1781136
48645381,182.59221,15.49,99150.99,1.1780778
48656722,182.76132,15.49,99149.0,1.1780541
48678417,182.25134,15.5,99155.0,1.1781254
48688702,182.42046,15.5,99153.0,1.1781017
48699374,182.76132,15.5,99149.0,1.1780541
48720622,182.93042,15.5,99147.0,1.1780304
48730410,182.76132,15.5,99149.0,1.1780541
48741361,182.93042,15.5,99147.0,1.1780304
48762361,182.59221,15.5,99150.99,1.1780778
48773133,183.18408,15.5,99144.0,1.1779947
48783361,182.93042,15.5,99147.0,1.1780304
48805174,182.50766,15.509999,99151.99,1.1780897
48814430,182.3359,15.509999,99154.0,1.1781136
48825439,183.09953,15.509999,99144.99,1.1780065
48846364,183.26865,15.509999,99143.0,1.1779828
48856471,183.26865,15.509999,99143.0,1.1779828
48867361,184.11682,15.509999,99132.99,1.177864
48888372,183.6914,15.509999,99138.0,1.1779234
48898426,183.6095,15.509999,99138.99,1.1779352
48909692,183.94772,15.509999,99135.0,1.1778878
48930361,183.6095,15.509999,99138.99,1.1779352
48940459,183.6095,15.509999,99138.99,1.1779352
48951364,183.94772,15.509999,99135.0,1.1778878
48972459,183.6914,15.5199995,99138.0,1.1779234
48982473,183.6914,15.5199995,99138.0,1.1779234
48993442,184.20139,15.5199995,99132.0,1.1778522
49014362,183.77861,15.53,99137.0,1.1779115
49024459,183.52231,15.53,99140.0,1.1779472
49035361,183.26865,15.53,99143.0,1.1779828
49056361,183.43774,15.54,99141.0,1.1779591
49066426,183.3532,15.54,99142.0,1.177971
49077361,183.3532,15.54,99142.0,1.177971
49098376,183.3532,15.54,99142.0,1.177971
49108534,183.52231,15.54,99140.0,1.1779472
49119481,183.18408,15.54,99144.0,1.1779947
49140362,182.3359,15.549999,99154.0,1.1781136
49150966,182.93042,15.549999,99147.0,1.1780304
49161372,183.09953,15.549999,99144.99,1.1780065
49182734,182.76132,15.549999,99149.0,1.1780541
49192481,182.67676,15.549999,99150.0,1.178066
49203361,182.67676,15.549999,99150.0,1.178066
49224373,182.76132,15.559999,99149.0,1.1780541
49234421,182.1668,15.559999,99156.0,1.1781373
49245372,182.42046,15.559999,99153.0,1.1781017
49266361,181.99768,15.559999,99157.99,1.178161
49276481,182.1668,15.559999,99156.0,1.1781373
49287669,182.3359,15.559999,99154.0,1.1781136
49308361,181.99768,15.559999,99157.99,1.178161
49318426,181.99768,15.559999,99157.99,1.178161
49329374,182.1668,15.559999,99156.0,1.1781373
49350361,181.57492,15.57,99163.0,1.1782205
49360529,181.74402,15.57,99161.0,1.1781967
49371361,181.74402,15.57,99161.0,1.1781967
49392361,181.74402,15.559999,99161.0,1.1781967
49402417,181.4058,15.559999,99165.0,1.1782442
49413410,181.91313,15.559999,99159.0,1.178173
49434372,181.23405,15.57,99167.0,1.178268
49444498,181.49036,15.57,99163.99,1.1782323
49455376,181.4058,15.57,99165.0,1.1782442
49476372,181.49036,15.559999,99163.99,1.1782323
49486422,181.82858,15.559999,99160.0,1.1781849
49497361,181.65947,15.559999,99162.0,1.1782086
49518371,181.65947,15.559999,99162.0,1.1782086
49528685,181.4058,15.559999,99165.0,1.1782442
49539361,181.57492,15.559999,99163.0,1.1782205
49560367,181.57492,15.559999,99163.0,1.1782205
49570416,181.4058,15.559999,99165.0,1.1782442
49581361,181.3186,15.559999,99166.0,1.1782562
49602361,181.49036,15.559999,99163.99,1.1782323
49612514,181.49036,15.559999,99163.99,1.1782323
49623372,181.4058,15.559999,99165.0,1.1782442
49644621,181.3186,15.559999,99166.0,1.1782562
49654419,181.65947,15.559999,99162.0,1.1782086
49665364,181.4058,15.559999,99165.0,1.1782442
49686361,181.57492,15.559999,99163.0,1.1782205
49697626,181.49036,15.559999,99163.99,1.1782323
49708743,181.3186,15.559999,99166.0,1.1782562
49729372,181.3186,15.559999,99166.0,1.1782562
49739499,180.9804,15.559999,99169.99,1.1783036
49750373,181.65947,15.559999,99162.0,1.1782086
49772668,180.89584,15.559999,99171.0,1.1783155
49782413,181.1495,15.559999,99168.0,1.1782799
49793361,181.3186,15.559999,99166.0,1.1782562
49814361,181.3186,15.559999,99166.0,1.1782562
49825587,181.23405,15.559999,99167.0,1.178268
49836628,180.89584,15.559999,99171.0,1.1783155
49857711,181.1495,15.549999,99168.0,1.1782799
49867410,181.4058,15.549999,99165.0,1.1782442
49878361,181.3186,15.549999,99166.0,1.1782562
49899480,181.4058,15.559999,99165.0,1.1782442
49909496,181.1495,15.559999,99168.0,1.1782799
49920382,181.49036,15.559999,99163.99,1.1782323
49941457,181.49036,15.559999,99163.99,1.1782323
49951409,181.1495,15.559999,99168.0,1.1782799
49962361,181.06494,15.559999,99169.0,1.1782918
49983361,181.1495,15.559999,99168.0,1.1782799
49994195,181.4058,15.559999,99165.0,1.1782442
50004361,181.3186,15.559999,99166.0,1.1782562
50025908,181.06494,15.559999,99169.0,1.1782918
50035409,181.1495,15.559999,99168.0,1.1782799
50046364,181.1495,15.559999,99168.0,1.1782799
50067373,181.1495,15.559999,99168.0,1.1782799
50077459,181.74402,15.559999,99161.0,1.1781967
50088361,181.23405,15.559999,99167.0,1.178268
50109361,181.06494,15.559999,99169.0,1.1782918
50119410,181.3186,15.559999,99166.0,1.1782562
50130614,181.49036,15.559999,99163.99,1.1782323
50151372,181.3186,15.559999,99166.0,1.1782562
50161425,181.06494,15.559999,99169.0,1.1782918
50172376,181.4058,15.559999,99165.0,1.1782442
50193361,181.57492,15.549999,99163.0,1.1782205
50203591,181.82858,15.549999,99160.0,1.1781849
50214377,181.49036,15.549999,99163.99,1.1782323
50235369,181.23405,15.549999,99167.0,1.178268
50245421,181.06494,15.549999,99169.0,1.1782918
50256373,181.57492,15.549999,99163.0,1.1782205
50277372,181.1495,15.54,99168.0,1.1782799
50287414,181.49036,15.54,99163.99,1.1782323
50298361,181.06494,15.54,99169.0,1.1782918
50319361,181.1495,15.54,99168.0,1.1782799
50329409,181.06494,15.54,99169.0,1.1782918
50340361,180.89584,15.54,99171.0,1.1783155
50361410,181.1495,15.53,99168.0,1.1782799
50372002,181.57492,15.53,99163.0,1.1782205
50382361,180.89584,15.53,99171.0,1.1783155
50403377,180.55762,15.53,99175.0,1.1783631
50413421,181.06494,15.53,99169.0,1.1782918
50424371,181.1495,15.53,99168.0,1.1782799
50445410,181.4058,15.509999,99165.0,1.1782442
50455410,181.23405,15.509999,99167.0,1.178268
50466361,180.89584,15.509999,99171.0,1.1783155
50488720,181.3186,15.5,99166.0,1.1782562
50498410,181.3186,15.5,99166.0,1.1782562
50509362,181.4058,15.5,99165.0,1.1782442
50530361,181.06494,15.49,99169.0,1.1782918
50541407,181.1495,15.49,99168.0,1.1782799
50552611,180.9804,15.49,99169.99,1.1783036
50573367,181.3186,15.48,99166.0,1.1782562
50583416,181.4058,15.48,99165.0,1.1782442
50594389,181.82858,15.48,99160.0,1.1781849
50615398,180.72673,15.469999,99173.0,1.1783392
50625435,181.3186,15.469999,99166.0,1.1782562
50636473,181.49036,15.469999,99163.99,1.1782323
50657361,181.1495,15.45,99168.0,1.1782799
50667410,181.65947,15.45,99162.0,1.1782086
50678721,181.57492,15.45,99163.0,1.1782205
50699371,181.4058,15.44,99165.0,1.1782442
50709422,181.23405,15.44,99167.0,1.178268
50720373,181.1495,15.44,99168.0,1.1782799
50741361,181.23405,15.429999,99167.0,1.178268
50751545,181.57492,15.429999,99163.0,1.1782205
50762374,181.1495,15.429999,99168.0,1.1782799
50783379,181.3186,15.42,99166.0,1.1782562
50793459,181.3186,15.42,99166.0,1.1782562
50804361,180.9804,15.42,99169.99,1.1783036
50825364,180.89584,15.41,99171.0,1.1783155
50835530,181.1495,15.41,99168.0,1.1782799
50846372,181.4058,15.41,99165.0,1.1782442
50867371,181.1495,15.389999,99168.0,1.1782799
50877415,181.1495,15.389999,99168.0,1.1782799
50888361,181.49036,15.389999,99163.99,1.1782323
50909422,181.4058,15.38,99165.0,1.1782442
50919827,181.49036,15.38,99163.99,1.1782323
50930361,181.49036,15.38,99163.99,1.1782323
50951481,181.49036,15.36,99163.99,1.1782323
50961410,181.65947,15.36,99162.0,1.1782086
50972368,181.49036,15.36,99163.99,1.1782323
50993361,181.3186,15.349999,99166.0,1.1782562
51003413,181.3186,15.349999,99166.0,1.1782562
51014361,181.74402,15.349999,99161.0,1.1781967
51035361,181.4058,15.33,99165.0,1.1782442
51045413,181.49036,15.33,99163.99,1.1782323
51057335,181.49036,15.33,99163.99,1.1782323
51079361,181.3186,15.32,99166.0,1.1782562
51090361,181.82858,15.32,99160.0,1.1781849
51101361,181.3186,15.32,99166.0,1.1782562
51124746,181.1495,15.299999,99168.0,1.1782799
51135409,181.4058,15.299999,99165.0,1.1782442
51146361,181.65947,15.299999,99162.0,1.1782086
51168374,181.57492,15.29,99163.0,1.1782205
51179361,181.4058,15.29,99165.0,1.1782442
51190410,181.4058,15.29,99165.0,1.1782442
51211519,181.3186,15.28,99166.0,1.1782562
51222370,181.91313,15.28,99159.0,1.178173
51234193,181.23405,15.28,99167.0,1.178268
51255361,181.74402,15.2699995,99161.0,1.1781967
51266369,181.4058,15.2699995,99165.0,1.1782442
51277447,181.82858,15.2699995,99160.0,1.1781849
51299360,181.65947,15.259999,99162.0,1.1782086
51310361,181.65947,15.259999,99162.0,1.1782086
51320486,181.74402,15.259999,99161.0,1.1781967
51341361,181.74402,15.25,99161.0,1.1781967
51352377,181.74402,15.25,99161.0,1.1781967
51362726,181.57492,15.25,99163.0,1.1782205
51383374,181.91313,15.23,99159.0,1.178173
51394956,182.1668,15.23,99156.0,1.1781373
51404361,181.82858,15.23,99160.0,1.1781849
51425373,181.65947,15.23,99162.0,1.1782086
51436373,181.82858,15.23,99160.0,1.1781849
51446364,181.65947,15.23,99162.0,1.1782086
51467412,181.91313,15.219999,99159.0,1.178173
51478380,182.08224,15.219999,99157.0,1.1781492
51488361,181.91313,15.219999,99159.0,1.178173
51509372,181.99768,15.21,99157.99,1.178161
51520361,181.91313,15.21,99159.0,1.178173
51531095,181.65947,15.21,99162.0,1.1782086
51551371,181.3186,15.2,99166.0,1.1782562
51562371,181.91313,15.2,99159.0,1.178173
51572361,182.3359,15.2,99154.0,1.1781136
51593374,181.91313,15.2,99159.0,1.178173
51604374,181.65947,15.2,99162.0,1.1782086
51614361,181.74402,15.2,99161.0,1.1781967
51636481,181.57492,15.19,99163.0,1.1782205
51647361,181.74402,15.19,99161.0,1.1781967
51658361,181.99768,15.19,99157.99,1.178161
51680361,181.91313,15.17,99159.0,1.178173
51691418,182.08224,15.17,99157.0,1.1781492
51702364,182.08224,15.17,99157.0,1.1781492
51723364,181.57492,15.16,99163.0,1.1782205
51733431,182.25134,15.16,99155.0,1.1781254
51744373,182.08224,15.16,99157.0,1.1781492
51765361,181.57492,15.16,99163.0,1.1782205
51775410,181.57492,15.16,99163.0,1.1782205
51786361,181.4058,15.16,99165.0,1.1782442
51807361,182.1668,15.15,99156.0,1.1781373
51817422,182.08224,15.15,99157.0,1.1781492
51828747,182.25134,15.15,99155.0,1.1781254
51849361,182.08224,15.15,99157.0,1.1781492
51859410,181.99768,15.15,99157.99,1.178161
51870361,181.82858,15.15,99160.0,1.1781849
51891361,181.74402,15.139999,99161.0,1.1781967
51901531,181.99768,15.139999,99157.99,1.178161
51912372,181.91313,15.139999,99159.0,1.178173
51933361,182.08224,15.13,99157.0,1.1781492
51943409,182.25134,15.13,99155.0,1.1781254
51954361,182.50766,15.13,99151.99,1.1780897
51975373,182.25134,15.13,99155.0,1.1781254
51985477,181.91313,15.13,99159.0,1.178173
51996373,182.42046,15.13,99153.0,1.1781017
52017523,182.3359,15.12,99154.0,1.1781136
52027410,182.76132,15.12,99149.0,1.1780541
52038378,181.91313,15.12,99159.0,1.178173
52059373,181.99768,15.12,99157.99,1.178161
52070189,181.91313,15.12,99159.0,1.178173
52080361,182.59221,15.12,99150.99,1.1780778
52101676,182.3359,15.12,99154.0,1.1781136
52111538,182.3359,15.12,99154.0,1.1781136
52122379,182.42046,15.12,99153.0,1.1781017
52143360,182.50766,15.11,99151.99,1.1780897
52153409,182.25134,15.11,99155.0,1.1781254
52164361,182.25134,15.11,99155.0,1.1781254
52185374,181.82858,15.11,99160.0,1.1781849
52195500,181.82858,15.11,99160.0,1.1781849
52206706,182.1668,15.11,99156.0,1.1781373
52227361,182.42046,15.089999,99153.0,1.1781017
52237430,181.74402,15.089999,99161.0,1.1781967
52248361,182.59221,15.089999,99150.99,1.1780778
52269361,181.65947,15.099999,99162.0,1.1782086
52279546,182.08224,15.099999,99157.0,1.1781492
52290376,182.08224,15.099999,99157.0,1.1781492
52311361,182.42046,15.089999,99153.0,1.1781017
52321415,182.1668,15.089999,99156.0,1.1781373
52332361,181.99768,15.089999,99157.99,1.178161
52353366,182.50766,15.08,99151.99,1.1780897
52363410,182.08224,15.08,99157.0,1.1781492
52374361,182.42046,15.08,99153.0,1.1781017
52395374,181.82858,15.08,99160.0,1.1781849
52405462,181.99768,15.08,99157.99,1.178161
52416462,181.99768,15.08,99157.99,1.178161
52437373,182.1668,15.07,99156.0,1.1781373
52447879,182.1668,15.07,99156.0,1.1781373
52458361,182.1668,15.07,99156.0,1.1781373
52479485,182.25134,15.07,99155.0,1.1781254
52489410,181.99768,15.07,99157.99,1.178161
52500372,182.42046,15.07,99153.0,1.1781017
52521374,182.42046,15.059999,99153.0,1.1781017
52531507,181.91313,15.059999,99159.0,1.178173
52542361,182.25134,15.059999,99155.0,1.1781254
52563372,181.91313,15.049999,99159.0,1.178173
52573421,182.25134,15.049999,99155.0,1.1781254
52584362,182.42046,15.049999,99153.0,1.1781017
52605361,182.1668,15.049999,99156.0,1.1781373
52615410,182.25134,15.049999,99155.0,1.1781254
52626361,182.1668,15.049999,99156.0,1.1781373
52647361,181.74402,15.049999,99161.0,1.1781967
52657421,181.82858,15.049999,99160.0,1.1781849
52668373,181.82858,15.049999,99160.0,1.1781849
52689361,181.99768,15.03,99157.99,1.178161
52699410,182.1668,15.03,99156.0,1.1781373
52710410,182.08224,15.03,99157.0,1.1781492
52731361,182.42046,15.03,99153.0,1.1781017
52741437,182.1668,15.03,99156.0,1.1781373
52752909,182.1668,15.03,99156.0,1.1781373
52773373,181.99768,15.0199995,99157.99,1.178161
52783410,182.76132,15.0199995,99149.0,1.1780541
52794361,182.42046,15.0199995,99153.0,1.1781017
52815372,182.1668,15.009999,99156.0,1.1781373
52825466,182.3359,15.009999,99154.0,1.1781136
52836779,181.91313,15.009999,99159.0,1.178173
52857361,182.3359,15.0,99154.0,1.1781136
52867410,182.3359,15.0,99154.0,1.1781136
52878361,182.1668,15.0,99156.0,1.1781373
52900649,182.08224,15.0,99157.0,1.1781492
52910410,182.50766,15.0,99151.99,1.1780897
52921361,182.08224,15.0,99157.0,1.1781492
52942381,181.82858,15.0,99160.0,1.1781849
52952493,182.42046,15.0,99153.0,1.1781017
52963361,181.74402,15.0,99161.0,1.1781967
52984490,182.3359,14.99,99154.0,1.1781136
52994414,182.1668,14.99,99156.0,1.1781373
53005455,182.50766,14.99,99151.99,1.1780897
53026361,182.08224,14.98,99157.0,1.1781492
53036488,182.1668,14.98,99156.0,1.1781373
53047361,182.1668,14.98,99156.0,1.1781373
53068361,181.99768,14.98,99157.99,1.178161
53078413,182.42046,14.98,99153.0,1.1781017
53089917,182.50766,14.98,99151.99,1.1780897
53722371,182.50766,14.929999,99151.99,1.1780897
53743361,182.50766,14.94,99151.99,1.1780897
53753501,182.25134,14.94,99155.0,1.1781254
53764361,182.67676,14.94,99150.0,1.178066
53785532,182.42046,14.94,99153.0,1.1781017
53795410,182.42046,14.94,99153.0,1.1781017
53806361,181.99768,14.94,99157.99,1.178161
53827361,182.59221,14.94,99150.99,1.1780778
53953361,182.1668,14.94,99156.0,1.1781373
53963409,182.50766,14.94,99151.99,1.1780897
53974501,182.59221,14.94,99150.99,1.1780778
53995361,182.42046,14.95,99153.0,1.1781017
54005422,181.82858,14.95,99160.0,1.1781849
54016373,182.25134,14.95,99155.0,1.1781254
54037361,182.25134,14.95,99155.0,1.1781254
54047410,182.25134,14.95,99155.0,1.1781254
54058373,182.25134,14.95,99155.0,1.1781254
54079378,182.3359,14.94,99154.0,1.1781136
54089425,182.42046,14.94,99153.0,1.1781017
54100503,182.67676,14.94,99150.0,1.178066
54121374,182.25134,14.95,99155.0,1.1781254
54131548,182.1668,14.95,99156.0,1.1781373
54142361,182.3359,14.95,99154.0,1.1781136
54163361,182.42046,14.95,99153.0,1.1781017
54173410,182.67676,14.95,99150.0,1.178066
54184361,181.99768,14.95,99157.99,1.178161
54205361,182.3359,14.96,99154.0,1.1781136
54215827,182.42046,14.96,99153.0,1.1781017
54226372,182.25134,14.96,99155.0,1.1781254
54247579,182.08224,14.96,99157.0,1.1781492
54257409,182.42046,14.96,99153.0,1.1781017
54268361,182.3359,14.96,99154.0,1.1781136
54289361,182.59221,14.95,99150.99,1.1780778
54299412,182.42046,14.95,99153.0,1.1781017
54310361,182.59221,14.95,99150.99,1.1780778
54331376,182.42046,14.96,99153.0,1.1781017
54341410,182.3359,14.96,99154.0,1.1781136
54352380,182.3359,14.96,99154.0,1.1781136
54373361,182.42046,14.96,99153.0,1.1781017
54383410,182.3359,14.96,99154.0,1.1781136
54394361,182.3359,14.96,99154.0,1.1781136
54415361,182.42046,14.96,99153.0,1.1781017
54425449,182.3359,14.96,99154.0,1.1781136
54436372,182.3359,14.96,99154.0,1.1781136
54457372,182.42046,14.95,99153.0,1.1781017
54467512,182.59221,14.95,99150.99,1.1780778
54478415,182.42046,14.95,99153.0,1.1781017
54499371,182.25134,14.95,99155.0,1.1781254
54509410,182.93042,14.95,99147.0,1.1780304
54520361,182.50766,14.95,99151.99,1.1780897
54541361,182.59221,14.96,99150.99,1.1780778
54551515,182.25134,14.96,99155.0,1.1781254
54562373,182.59221,14.96,99150.99,1.1780778
54583371,182.25134,14.95,99155.0,1.1781254
54593601,182.25134,14.95,99155.0,1.1781254
54604727,182.42046,14.95,99153.0,1.1781017
54625361,182.50766,14.95,99151.99,1.1780897
54635496,182.59221,14.95,99150.99,1.1780778
54646372,182.42046,14.95,99153.0,1.1781017
54668646,182.1668,14.94,99156.0,1.1781373
54678422,182.1668,14.94,99156.0,1.1781373
54689366,182.76132,14.94,99149.0,1.1780541
54710361,182.25134,14.95,99155.0,1.1781254
54721590,182.50766,14.95,99151.99,1.1780897
54732633,182.1668,14.95,99156.0,1.1781373
54753725,182.42046,14.94,99153.0,1.1781017
54763413,182.59221,14.94,99150.99,1.1780778
54774361,182.25134,14.94,99155.0,1.1781254
54795412,182.3359,14.94,99154.0,1.1781136
54805501,182.42046,14.94,99153.0,1.1781017
54816361,182.3359,14.94,99154.0,1.1781136
54837486,182.3359,14.94,99154.0,1.1781136
54847410,182.42046,14.94,99153.0,1.1781017
54858360,182.25134,14.94,99155.0,1.1781254
54879371,182.67676,14.929999,99150.0,1.178066
54890244,182.76132,14.929999,99149.0,1.1780541
54900372,182.93042,14.929999,99147.0,1.1780304
54921915,182.50766,14.94,99151.99,1.1780897
54931410,182.3359,14.94,99154.0,1.1781136
54942361,182.50766,14.94,99151.99,1.1780897
54963361,182.67676,14.94,99150.0,1.178066
54973458,182.50766,14.94,99151.99,1.1780897
54984361,182.50766,14.94,99151.99,1.1780897
55005371,182.50766,14.94,99151.99,1.1780897
55015410,182.50766,14.94,99151.99,1.1780897
55026718,182.59221,14.94,99150.99,1.1780778
55047361,182.42046,14.94,99153.0,1.1781017
55057431,182.50766,14.94,99151.99,1.1780897
55068372,182.50766,14.94,99151.99,1.1780897
55089371,182.42046,14.95,99153.0,1.1781017
55099517,182.67676,14.95,99150.0,1.178066
55110370,182.3359,14.95,99154.0,1.1781136
55131371,182.3359,14.94,99154.0,1.1781136
55141410,182.59221,14.94,99150.99,1.1780778
55152372,182.76132,14.94,99149.0,1.1780541
55173372,182.1668,14.95,99156.0,1.1781373
55183523,182.50766,14.95,99151.99,1.1780897
55194361,182.3359,14.95,99154.0,1.1781136
55215376,182.42046,14.94,99153.0,1.1781017
55225462,182.42046,14.94,99153.0,1.1781017
55236494,182.42046,14.94,99153.0,1.1781017
55257361,182.67676,14.94,99150.0,1.178066
55267878,182.50766,14.94,99151.99,1.1780897
55278361,182.67676,14.94,99150.0,1.178066
55299365,182.59221,14.94,99150.99,1.1780778
55309420,182.84587,14.94,99148.0,1.1780423
55320371,182.67676,14.94,99150.0,1.178066
55341361,182.3359,14.94,99154.0,1.1781136
55351524,182.42046,14.94,99153.0,1.1781017
55362374,182.76132,14.94,99149.0,1.1780541
55383361,182.3359,14.94,99154.0,1.1781136
55393410,182.42046,14.94,99153.0,1.1781017
55404364,182.50766,14.94,99151.99,1.1780897
55425364,182.50766,14.94,99151.99,1.1780897
55435410,182.50766,14.94,99151.99,1.1780897
55446371,182.50766,14.94,99151.99,1.1780897
55467372,182.59221,14.94,99150.99,1.1780778
55477479,182.84587,14.94,99148.0,1.1780423
55488367,182.59221,14.94,99150.99,1.1780778
55509365,182.50766,14.94,99151.99,1.1780897
55519410,182.3359,14.94,99154.0,1.1781136
55530364,182.67676,14.94,99150.0,1.178066
55551361,182.42046,14.95,99153.0,1.1781017
55561432,182.1668,14.95,99156.0,1.1781373
55572890,182.84587,14.95,99148.0,1.1780423
55593374,182.67676,14.94,99150.0,1.178066
55603410,182.76132,14.94,99149.0,1.1780541
55614361,182.84587,14.94,99148.0,1.1780423
55635413,182.42046,14.95,99153.0,1.1781017
55645444,182.67676,14.95,99150.0,1.178066
55656654,182.3359,14.95,99154.0,1.1781136
55677364,182.67676,14.95,99150.0,1.178066
55687410,182.1668,14.95,99156.0,1.1781373
55698361,182.59221,14.95,99150.99,1.1780778
55720733,182.42046,14.96,99153.0,1.1781017
55730410,182.25134,14.96,99155.0,1.1781254
55741361,182.50766,14.96,99151.99,1.1780897
55762391,182.1668,14.96,99156.0,1.1781373
55772481,182.42046,14.96,99153.0,1.1781017
55783361,182.3359,14.96,99154.0,1.1781136
55804373,182.59221,14.96,99150.99,1.1780778
55815057,183.01498,14.96,99146.0,1.1780185
55825361,182.59221,14.96,99150.99,1.1780778
55846473,182.59221,14.969999,99150.99,1.1780778
55856530,182.42046,14.969999,99153.0,1.1781017
55867372,182.76132,14.969999,99149.0,1.1780541
55888376,182.76132,14.969999,99149.0,1.1780541
55898443,182.84587,14.969999,99148.0,1.1780423
55909361,182.93042,14.969999,99147.0,1.1780304
55930364,182.50766,14.98,99151.99,1.1780897
55940530,182.50766,14.98,99151.99,1.1780897
55951740,182.67676,14.98,99150.0,1.178066
55972361,182.59221,14.99,99150.99,1.1780778
55982409,182.42046,14.99,99153.0,1.1781017
55993361,182.76132,14.99,99149.0,1.1780541
56014361,182.59221,15.0,99150.99,1.1780778
56024494,182.76132,15.0,99149.0,1.1780541
56035373,182.76132,15.0,99149.0,1.1780541
56056361,182.67676,15.0,99150.0,1.178066
56066409,182.59221,15.0,99150.99,1.1780778
56077410,182.84587,15.0,99148.0,1.1780423
56098373,182.3359,15.009999,99154.0,1.1781136
56108758,182.3359,15.009999,99154.0,1.1781136
56119412,182.93042,15.009999,99147.0,1.1780304
56140628,182.93042,15.009999,99147.0,1.1780304
56150410,183.01498,15.009999,99146.0,1.1780185
56161361,183.26865,15.009999,99143.0,1.1779828
56182361,182.67676,15.03,99150.0,1.178066
56193587,182.93042,15.03,99147.0,1.1780304
56204704,182.67676,15.03,99150.0,1.178066
56225361,182.76132,15.03,99149.0,1.1780541
56235410,182.67676,15.03,99150.0,1.178066
56246364,182.84587,15.03,99148.0,1.1780423
56268612,182.59221,15.04,99150.99,1.1780778
56278413,182.67676,15.04,99150.0,1.178066
56289362,182.59221,15.04,99150.99,1.1780778
56310361,182.42046,15.04,99153.0,1.1781017
56320476,182.76132,15.04,99149.0,1.1780541
56331373,182.84587,15.04,99148.0,1.1780423
56352361,182.59221,15.049999,99150.99,1.1780778
56362429,182.76132,15.049999,99149.0,1.1780541
56373531,182.84587,15.049999,99148.0,1.1780423
56394393,182.67676,15.059999,99150.0,1.178066
56404426,182.50766,15.059999,99151.99,1.1780897
56415361,182.76132,15.059999,99149.0,1.1780541
56436361,182.59221,15.07,99150.99,1.1780778
56446410,182.76132,15.07,99149.0,1.1780541
56457919,182.76132,15.07,99149.0,1.1780541
56478372,183.01498,15.07,99146.0,1.1780185
56488510,182.76132,15.07,99149.0,1.1780541
56499374,182.76132,15.07,99149.0,1.1780541
56520361,182.3359,15.08,99154.0,1.1781136
56531196,182.59221,15.08,99150.99,1.1780778
56541361,182.42046,15.08,99153.0,1.1781017
56562512,182.42046,15.089999,99153.0,1.1781017
56572491,182.67676,15.089999,99150.0,1.178066
56583361,182.76132,15.089999,99149.0,1.1780541
56604363,182.50766,15.089999,99151.99,1.1780897
56614430,182.76132,15.089999,99149.0,1.1780541
56625372,183.18408,15.089999,99144.0,1.1779947
56646385,183.01498,15.089999,99146.0,1.1780185
56656501,183.01498,15.089999,99146.0,1.1780185
56667361,182.76132,15.089999,99149.0,1.1780541
56688500,182.50766,15.099999,99151.99,1.1780897
56698998,182.67676,15.099999,99150.0,1.178066
56709361,182.84587,15.099999,99148.0,1.1780423
56730373,182.59221,15.11,99150.99,1.1780778
56740498,182.50766,15.11,99151.99,1.1780897
56751361,182.84587,15.11,99148.0,1.1780423
56772542,182.67676,15.12,99150.0,1.178066
56782410,182.84587,15.12,99148.0,1.1780423
56793361,183.18408,15.12,99144.0,1.1779947
56814361,182.67676,15.13,99150.0,1.178066
56824488,182.59221,15.13,99150.99,1.1780778
56835500,183.01498,15.13,99146.0,1.1780185
56856373,182.42046,15.13,99153.0,1.1781017
56866410,182.76132,15.13,99149.0,1.1780541
56877364,182.76132,15.13,99149.0,1.1780541
56898361,182.59221,15.139999,99150.99,1.1780778
56908509,183.09953,15.139999,99144.99,1.1780065
56919374,182.67676,15.139999,99150.0,1.178066
56940372,182.84587,15.139999,99148.0,1.1780423
56950423,182.59221,15.139999,99150.99,1.1780778
56961373,182.59221,15.139999,99150.99,1.1780778
56982361,182.76132,15.15,99149.0,1.1780541
56992488,182.67676,15.15,99150.0,1.178066
57003361,183.01498,15.15,99146.0,1.1780185
57024372,182.3359,15.15,99154.0,1.1781136
57034420,182.67676,15.15,99150.0,1.178066
57045371,182.50766,15.15,99151.99,1.1780897
57066361,182.67676,15.16,99150.0,1.178066
57076624,182.25134,15.16,99155.0,1.1781254
57087373,182.93042,15.16,99147.0,1.1780304
57108370,182.50766,15.16,99151.99,1.1780897
57118410,182.59221,15.16,99150.99,1.1780778
57129366,182.67676,15.16,99150.0,1.178066
57150362,182.84587,15.17,99148.0,1.1780423
57160671,182.84587,15.17,99148.0,1.1780423
57171372,182.67676,15.17,99150.0,1.178066
57192647,182.59221,15.17,99150.99,1.1780778
57202410,182.50766,15.17,99151.99,1.1780897
57213390,182.67676,15.17,99150.0,1.178066
57234371,182.50766,15.179999,99151.99,1.1780897
57245608,182.84587,15.179999,99148.0,1.1780423
57256635,182.3359,15.179999,99154.0,1.1781136
57277414,182.08224,15.19,99157.0,1.1781492
57287412,181.74402,15.19,99161.0,1.1781967
57298361,182.59221,15.19,99150.99,1.1780778
57320741,182.3359,15.179999,99154.0,1.1781136
57330410,182.50766,15.179999,99151.99,1.1780897
57341998,182.67676,15.179999,99150.0,1.178066
57362372,182.3359,15.19,99154.0,1.1781136
57372535,182.42046,15.19,99153.0,1.1781017
57383412,182.84587,15.19,99148.0,1.1780423
57404372,182.59221,15.19,99150.99,1.1780778
57414411,182.84587,15.19,99148.0,1.1780423
57425452,182.67676,15.19,99150.0,1.178066
57446361,182.59221,15.19,99150.99,1.1780778
57456542,182.93042,15.19,99147.0,1.1780304
57467371,182.1668,15.19,99156.0,1.1781373
57488361,182.42046,15.19,99153.0,1.1781017
57498421,182.67676,15.19,99150.0,1.178066
57509695,182.50766,15.19,99151.99,1.1780897
57530361,182.3359,15.19,99154.0,1.1781136
57540528,182.3359,15.19,99154.0,1.1781136
57551372,182.50766,15.19,99151.99,1.1780897
57572361,182.50766,15.19,99151.99,1.1780897
57583057,182.67676,15.19,99150.0,1.178066
57593361,182.50766,15.19,99151.99,1.1780897
57614484,182.59221,15.179999,99150.99,1.1780778
57624478,182.25134,15.179999,99155.0,1.1781254
57635372,182.3359,15.179999,99154.0,1.1781136
57656373,182.76132,15.179999,99149.0,1.1780541
57666409,183.01498,15.179999,99146.0,1.1780185
57677361,182.50766,15.179999,99151.99,1.1780897
57698375,182.25134,15.19,99155.0,1.1781254
57708406,182.08224,15.19,99157.0,1.1781492
57719361,182.3359,15.19,99154.0,1.1781136
57740361,182.42046,15.179999,99153.0,1.1781017
57750406,182.42046,15.179999,99153.0,1.1781017
57761361,182.76132,15.179999,99149.0,1.1780541
57782372,181.99768,15.19,99157.99,1.178161
57793371,182.67676,15.19,99150.0,1.178066
57804372,182.50766,15.19,99151.99,1.1780897
57826365,182.76132,15.19,99149.0,1.1780541
57837421,182.59221,15.19,99150.99,1.1780778
57848486,182.50766,15.19,99151.99,1.1780897
57870372,182.42046,15.19,99153.0,1.1781017
57881372,182.42046,15.19,99153.0,1.1781017
57892372,182.76132,15.19,99149.0,1.1780541
57913361,182.59221,15.19,99150.99,1.1780778
57923360,182.25134,15.19,99155.0,1.1781254
57934361,182.76132,15.19,99149.0,1.1780541
57955361,182.3359,15.19,99154.0,1.1781136
57965361,182.3359,15.19,99154.0,1.1781136
57976371,182.42046,15.19,99153.0,1.1781017
57997375,182.08224,15.2,99157.0,1.1781492
58007371,182.59221,15.2,99150.99,1.1780778
58018372,182.42046,15.2,99153.0,1.1781017
58038374,182.42046,15.2,99153.0,1.1781017
58049372,182.67676,15.2,99150.0,1.178066
58060372,182.42046,15.2,99153.0,1.1781017
58081457,182.76132,15.2,99149.0,1.1780541
58091361,182.59221,15.2,99150.99,1.1780778
58102361,182.59221,15.2,99150.99,1.1780778
58123361,182.3359,15.2,99154.0,1.1781136
58133370,182.42046,15.2,99153.0,1.1781017
58144361,182.42046,15.2,99153.0,1.1781017
58165361,182.84587,15.2,99148.0,1.1780423
58175371,182.93042,15.2,99147.0,1.1780304
58186371,182.84587,15.2,99148.0,1.1780423
58207414,182.08224,15.21,99157.0,1.1781492
58217362,182.42046,15.21,99153.0,1.1781017
58228632,182.42046,15.21,99153.0,1.1781017
58250372,182.3359,15.21,99154.0,1.1781136
58261372,182.84587,15.21,99148.0,1.1780423
58272875,182.59221,15.21,99150.99,1.1780778
58294405,182.25134,15.219999,99155.0,1.1781254
58305365,182.42046,15.219999,99153.0,1.1781017
58315405,182.42046,15.219999,99153.0,1.1781017
58337385,182.25134,15.219999,99155.0,1.1781254
